{"width":2048,"imagePath":"NXT_tex.png","height":2048,"name":"NXT","SubTexture":[{"width":100,"y":1073,"height":100,"name":"yan01","x":1153},{"width":139,"y":1007,"height":132,"name":"NXT01","x":898},{"frameY":-6,"y":957,"frameWidth":128,"frameX":-4,"frameHeight":128,"width":114,"height":114,"name":"lizi_2534_02","x":1154},{"frameY":-12,"y":1449,"frameWidth":100,"frameX":-10,"frameHeight":100,"width":79,"height":73,"name":"006","x":1370},{"frameY":-1,"y":1074,"frameWidth":100,"frameX":-1,"frameHeight":100,"width":98,"height":98,"name":"004","x":1487},{"width":100,"y":773,"height":100,"name":"yanhuo_29","x":512},{"width":100,"y":1175,"height":100,"name":"lizi_2195","x":1153},{"frameY":-1,"y":1270,"frameWidth":100,"frameX":-4,"frameHeight":100,"width":91,"height":97,"name":"yan04","x":671},{"frameY":-19,"y":1513,"frameWidth":100,"frameX":-15,"frameHeight":100,"width":70,"height":50,"name":"yan05","x":786},{"frameY":-16,"y":935,"frameWidth":500,"frameX":-55,"frameHeight":500,"width":385,"height":432,"name":"cx03","x":1617},{"frameY":-20,"y":957,"frameWidth":128,"frameX":-4,"frameHeight":128,"width":116,"height":104,"name":"lizi_1336","x":1382},{"frameY":-16,"y":1,"frameWidth":500,"frameX":-55,"frameHeight":500,"width":373,"height":432,"name":"cx02","x":1669},{"frameY":-32,"y":652,"frameWidth":200,"frameX":-30,"frameHeight":200,"width":124,"height":119,"name":"cx01","x":526},{"width":100,"y":1183,"height":100,"name":"guangxian_6","x":1033},{"frameY":0,"y":1003,"frameWidth":160,"frameX":0,"frameHeight":119,"width":157,"height":119,"name":"jiguang_00000","x":150},{"frameY":-9,"y":1069,"frameWidth":160,"frameX":-23,"frameHeight":119,"width":109,"height":104,"name":"jiguang","x":1270},{"frameY":-14,"y":1460,"frameWidth":80,"frameX":-13,"frameHeight":115,"width":50,"height":85,"name":"1-01","x":1308},{"frameY":-14,"y":1291,"frameWidth":103,"frameX":-15,"frameHeight":115,"width":73,"height":85,"name":"2-01","x":1461},{"frameY":-14,"y":1270,"frameWidth":103,"frameX":-15,"frameHeight":115,"width":73,"height":77,"name":"3-01","x":856},{"frameY":-13,"y":1371,"frameWidth":80,"frameX":-12,"frameHeight":115,"width":52,"height":87,"name":"1-02","x":1308},{"frameY":-13,"y":1282,"frameWidth":103,"frameX":-14,"frameHeight":115,"width":75,"height":87,"name":"2-02","x":1293},{"frameY":-13,"y":1396,"frameWidth":103,"frameX":-14,"frameHeight":115,"width":75,"height":87,"name":"3-02","x":1231},{"frameY":-14,"y":1398,"frameWidth":80,"frameX":-13,"frameHeight":115,"width":50,"height":85,"name":"1-03","x":895},{"frameY":-14,"y":1291,"frameWidth":103,"frameX":-15,"frameHeight":115,"width":73,"height":85,"name":"2-03","x":1536},{"frameY":-14,"y":1362,"frameWidth":103,"frameX":-15,"frameHeight":115,"width":73,"height":85,"name":"3-03","x":1370},{"width":80,"y":1174,"height":115,"name":"1-04","x":1487},{"width":103,"y":1063,"height":115,"name":"2-04","x":1382},{"width":103,"y":957,"height":115,"name":"3-04","x":1500},{"width":512,"y":1,"height":512,"name":"fazhen_2166","x":653},{"frameY":-28,"y":508,"frameWidth":500,"frameX":-25,"frameHeight":500,"width":448,"height":447,"name":"10","x":1167},{"width":126,"y":435,"height":62,"name":"title_01","x":1669},{"width":170,"y":768,"height":100,"name":"title_01_02","x":340},{"frameY":-17,"y":1136,"frameWidth":170,"frameX":-22,"frameHeight":100,"width":126,"height":66,"name":"title_01_03","x":1},{"frameY":-33,"y":1175,"frameWidth":162,"frameX":-29,"frameHeight":171,"width":105,"height":105,"name":"lizi_01","x":1270},{"width":650,"y":1,"height":649,"name":"xinjilu_04","x":1},{"width":33,"y":1174,"height":103,"name":"hunluan05","x":1569},{"frameY":-6,"y":1,"frameWidth":500,"frameX":0,"frameHeight":524,"width":500,"height":505,"name":"hunluan","x":1167},{"frameY":0,"y":875,"frameWidth":500,"frameX":-143,"frameHeight":524,"width":213,"height":318,"name":"hunluan04","x":683},{"frameY":0,"y":515,"frameWidth":500,"frameX":-178,"frameHeight":524,"width":143,"height":312,"name":"hunluan03","x":1021},{"frameY":-88,"y":875,"frameWidth":500,"frameX":-80,"frameHeight":524,"width":341,"height":340,"name":"hunluan02","x":340},{"frameY":-438,"y":508,"frameWidth":720,"frameX":-163,"frameHeight":1280,"width":423,"height":425,"name":"hunluan06","x":1617},{"frameY":-5,"y":957,"frameWidth":118,"frameX":-4,"frameHeight":117,"width":110,"height":110,"name":"daoju/daoju_03","x":1270},{"frameY":-4,"y":1007,"frameWidth":118,"frameX":-4,"frameHeight":117,"width":110,"height":111,"name":"daoju/daoju_04","x":1039},{"frameY":-2,"y":875,"frameWidth":118,"frameX":-1,"frameHeight":117,"width":115,"height":115,"name":"daoju/daoju_02","x":898},{"width":16,"y":1270,"height":15,"name":"daoju/daoju_05","x":1461},{"width":12,"y":1362,"height":11,"name":"daoju/daoju_06","x":1445},{"width":12,"y":1270,"height":11,"name":"daoju/daoju_07","x":1016},{"width":16,"y":1327,"height":15,"name":"daoju/daoju_08","x":931},{"width":10,"y":1371,"height":10,"name":"daoju/daoju_09","x":1293},{"width":6,"y":1418,"height":6,"name":"daoju/daoju_10","x":809},{"width":6,"y":1383,"height":6,"name":"daoju/daoju_11","x":1293},{"width":53,"y":1486,"height":40,"name":"jiaxie_03","x":721},{"frameY":-34,"y":1327,"frameWidth":130,"frameX":-38,"frameHeight":109,"width":55,"height":51,"name":"jiaxie_02","x":954},{"width":519,"y":1217,"height":138,"name":"xinjilu_02","x":1},{"width":718,"y":1369,"height":194,"name":"xinjilu_01_01","x":1},{"width":337,"y":652,"height":349,"name":"xinjilu_06","x":1},{"frameY":0,"y":515,"frameWidth":375,"frameX":0,"frameHeight":359,"width":366,"height":358,"name":"NXT_lingqu05","x":653},{"width":87,"y":1180,"height":88,"name":"NXT_lingqu02","x":1377},{"width":69,"y":435,"height":68,"name":"shibai1-1","x":1903},{"width":66,"y":435,"height":63,"name":"shibai1-3","x":1974},{"width":90,"y":1270,"height":93,"name":"shibai1-2","x":764},{"width":82,"y":1270,"height":90,"name":"shibai1-4","x":1377},{"frameY":-3,"y":1418,"frameWidth":25,"frameX":0,"frameHeight":37,"width":21,"height":34,"name":"shinai1-5","x":786},{"frameY":0,"y":1365,"frameWidth":25,"frameX":-7,"frameHeight":37,"width":18,"height":30,"name":"shinai1-6","x":819},{"frameY":-17,"y":1063,"frameWidth":25,"frameX":-16,"frameHeight":37,"width":6,"height":7,"name":"shinai1-7","x":1487},{"width":60,"y":1282,"height":112,"name":"beijingguang_02","x":1231},{"width":63,"y":1418,"height":66,"name":"beijingguang_01","x":721},{"width":348,"y":1195,"height":73,"name":"chuangguanmoshi02","x":683},{"width":79,"y":1378,"height":59,"name":"chuangguanmoshi04","x":1445},{"width":77,"y":1460,"height":51,"name":"chuangguanmoshi","x":786},{"width":104,"y":435,"height":67,"name":"chuangguanmoshi03","x":1797},{"width":83,"y":1270,"height":55,"name":"chuangguanmoshi05","x":931},{"width":29,"y":1120,"height":15,"name":"chuangguanmoshi06","x":1039},{"width":253,"y":1141,"height":40,"name":"duizhanmoshi_05","x":898},{"width":94,"y":1277,"height":104,"name":"duizhanmoshi_02","x":1135},{"width":147,"y":1217,"height":131,"name":"duizhanmoshi_03","x":522},{"width":147,"y":1003,"height":131,"name":"duizhanmoshi_04","x":1},{"width":184,"y":652,"height":114,"name":"wujinmoshi","x":340},{"width":131,"y":829,"height":176,"name":"wujinmoshi02","x":1021},{"width":141,"y":1124,"height":78,"name":"shangdian06","x":150},{"width":96,"y":1383,"height":47,"name":"shangdian05","x":954},{"width":96,"y":1285,"height":47,"name":"shangdian04","x":1016},{"width":96,"y":1349,"height":47,"name":"shangdian03","x":856},{"width":96,"y":1369,"height":47,"name":"shangdian02","x":721},{"width":96,"y":1334,"height":47,"name":"shangdian01","x":1016},{"width":74,"y":1398,"height":60,"name":"shangdian07","x":819}]}