{
  "skins": {
    "eui.CheckBox": "resource/eui_skins/CheckBoxSkin.exml",
    "eui.HScrollBar": "resource/eui_skins/HScrollBarSkin.exml",
    "eui.HSlider": "resource/eui_skins/HSliderSkin.exml",
    "eui.Panel": "resource/eui_skins/PanelSkin.exml",
    "eui.TextInput": "resource/eui_skins/TextInputSkin.exml",
    "eui.ProgressBar": "resource/eui_skins/ProgressBarSkin.exml",
    "eui.RadioButton": "resource/eui_skins/RadioButtonSkin.exml",
    "eui.Scroller": "resource/eui_skins/ScrollerSkin.exml",
    "eui.ToggleSwitch": "resource/eui_skins/ToggleSwitchSkin.exml",
    "eui.VScrollBar": "resource/eui_skins/VScrollBarSkin.exml",
    "eui.VSlider": "resource/eui_skins/VSliderSkin.exml",
    "eui.ItemRenderer": "resource/eui_skins/ItemRendererSkin.exml",
    "LevelChooseScrollItem": "resource/eui_skins/LevelChooseScrollItem.exml"
  },
  "autoGenerateExmlsList": true,
  "exmls": [
    "resource/UIComponent/game/AchieveItem.exml",
    "resource/UIComponent/game/BrickArrayComponentSkin.exml",
    "resource/UIComponent/game/CharmRankItem.exml",
    "resource/UIComponent/game/EndlessRankItem.exml",
    "resource/UIComponent/game/EndlessReward.exml",
    "resource/UIComponent/game/EndlessScoreUI.exml",
    "resource/UIComponent/game/FirstChargeItem.exml",
    "resource/UIComponent/game/FriendAddItem.exml",
    "resource/UIComponent/game/FriendAlienItem.exml",
    "resource/UIComponent/game/FriendItem.exml",
    "resource/UIComponent/game/FriendMailItem.exml",
    "resource/UIComponent/game/GiftItem.exml",
    "resource/UIComponent/game/GoodsItem.exml",
    "resource/UIComponent/game/LevelItem.exml",
    "resource/UIComponent/game/LevelReward.exml",
    "resource/UIComponent/game/MailReward.exml",
    "resource/UIComponent/game/MissionRankItem.exml",
    "resource/UIComponent/game/MultiRankItem.exml",
    "resource/UIComponent/game/NPC.exml",
    "resource/UIComponent/game/OnlineRewardItem.exml",
    "resource/UIComponent/game/PropsComponent.exml",
    "resource/UIComponent/game/PropsItemButton.exml",
    "resource/UIComponent/game/ScreenShotUI.exml",
    "resource/UIComponent/game/SevenDayItem.exml",
    "resource/UIComponent/game/ShopItem.exml",
    "resource/UIComponent/game/ShopPriceItem.exml",
    "resource/UIComponent/game/ShopRoleItem.exml",
    "resource/UIComponent/game/SingItem.exml",
    "resource/UIComponent/game/SkillButton.exml",
    "resource/UIComponent/game/SkillLineUI.exml",
    "resource/UIComponent/game/SoundSlider.exml",
    "resource/UIComponent/game/SystemMailItem.exml",
    "resource/UIComponent/game/ToastTip.exml",
    "resource/eui_skins/ButtonSkin.exml",
    "resource/eui_skins/CheckBoxSkin.exml",
    "resource/eui_skins/HScrollBarSkin.exml",
    "resource/eui_skins/HSliderSkin.exml",
    "resource/eui_skins/ItemRendererSkin.exml",
    "resource/eui_skins/LevelChooseScrollItem.exml",
    "resource/eui_skins/PanelSkin.exml",
    "resource/eui_skins/ProgressBarSkin.exml",
    "resource/eui_skins/RadioButtonSkin.exml",
    "resource/eui_skins/RoleSkillBtn.exml",
    "resource/eui_skins/ScrollerSkin.exml",
    "resource/eui_skins/TextInputSkin.exml",
    "resource/eui_skins/ToggleSwitchSkin.exml",
    "resource/eui_skins/VScrollBarSkin.exml",
    "resource/eui_skins/VSliderSkin.exml",
    "src/GameWorld/CountDownUISkin.exml",
    "src/GameWorld/RayCheckSkin.exml",
    "v101/resource/UIComponent/game/SkillLineUI.exml",
    "src/GameWorld/SkillComponentSkin.exml",
    "src/GameWorld/NextBlockUISkin.exml",
    "v101/resource/UIComponent/game/BrickArrayComponentSkin.exml",
    "v101/resource/UIComponent/game/EndlessScoreUI.exml",
    "resource/gameSkins/Game/GameComponetSKin.exml",
    "resource/gameSkins/Game/panel_EndlessResult.exml",
    "resource/gameSkins/Game/panel_endless.exml",
    "resource/gameSkins/Game/panel_endlessRank.exml",
    "resource/gameSkins/Game/panel_game.exml",
    "resource/gameSkins/Game/panel_gameMultiresult.exml",
    "resource/gameSkins/Game/panel_gameShare.exml",
    "resource/gameSkins/Game/panel_gameresult.exml",
    "resource/gameSkins/Game/panel_levelChoose.exml",
    "resource/gameSkins/Game/panel_levelInfo.exml",
    "resource/gameSkins/Game/panel_match.exml",
    "resource/gameSkins/Game/panel_roleChoose.exml",
    "resource/gameSkins/Game/panel_roundResult.exml",
    "resource/gameSkins/Hall/Panel_ChangeNickName.exml",
    "v101/resource/UIComponent/game/OnlineRewardItem.exml",
    "resource/gameSkins/Hall/Panel_activity.exml",
    "resource/gameSkins/Hall/mask.exml",
    "resource/gameSkins/Hall/panel_achieve.exml",
    "resource/gameSkins/Hall/panel_achieveGet.exml",
    "resource/gameSkins/Hall/panel_friend.exml",
    "resource/gameSkins/Hall/panel_hall.exml",
    "resource/gameSkins/Hall/panel_levelup.exml",
    "resource/gameSkins/Hall/panel_mail.exml",
    "resource/gameSkins/Hall/panel_netLoading.exml",
    "resource/gameSkins/Hall/panel_package.exml",
    "resource/gameSkins/Hall/panel_personal.exml",
    "resource/gameSkins/Hall/panel_rank.exml",
    "v101/resource/UIComponent/game/SoundSlider.exml",
    "resource/gameSkins/Hall/panel_setting.exml",
    "resource/gameSkins/Hall/panel_share.exml",
    "resource/gameSkins/Hall/panel_sign.exml",
    "resource/gameSkins/Login/panel_LoginChoice.exml",
    "resource/gameSkins/Login/panel_ThirdLogin.exml",
    "resource/gameSkins/Login/panel_findPSW.exml",
    "resource/gameSkins/Login/panel_register.exml",
    "resource/gameSkins/Login/panel_start.exml",
    "resource/gameSkins/Share/panel_RewardList.exml",
    "resource/gameSkins/Share/panel_guide.exml",
    "resource/gameSkins/Share/panel_shop.exml",
    "resource/gameSkins/Share/panel_tips.exml",
    "resource/gameSkins/load/LoadSkin.exml",
    "resource/gameSkins/test/panel_Edit.exml",
    "resource/gameSkins/test/panel_EditSolution.exml",
    "resource/gameSkins/test/panel_test.exml",
    "src/Guide/GuideStoryBoxSkin.exml",
    "src/Guide/Guide101Skin.exml",
    "src/Guide/Guide103Skin.exml",
    "src/Guide/Guide201Skin.exml",
    "src/Guide/Guide401Skin.exml",
    "src/Guide/Guide501Skin.exml",
    "src/Guide/Guide701Skin.exml",
    "src/Guide/Guide801Skin.exml",
    "v101/resource/UIComponent/game/AchieveItem.exml",
    "v101/resource/UIComponent/game/CharmRankItem.exml",
    "v101/resource/UIComponent/game/EndlessRankItem.exml",
    "v101/resource/UIComponent/game/EndlessReward.exml",
    "v101/resource/UIComponent/game/FirstChargeItem.exml",
    "v101/resource/UIComponent/game/FriendAddItem.exml",
    "v101/resource/UIComponent/game/FriendAlienItem.exml",
    "v101/resource/UIComponent/game/FriendItem.exml",
    "v101/resource/UIComponent/game/FriendMailItem.exml",
    "v101/resource/UIComponent/game/GiftItem.exml",
    "v101/resource/UIComponent/game/GoodsItem.exml",
    "v101/resource/UIComponent/game/LevelItem.exml",
    "v101/resource/UIComponent/game/LevelReward.exml",
    "v101/resource/UIComponent/game/MailReward.exml",
    "v101/resource/UIComponent/game/MissionRankItem.exml",
    "v101/resource/UIComponent/game/MultiRankItem.exml",
    "v101/resource/UIComponent/game/NPC.exml",
    "v101/resource/UIComponent/game/PropsComponent.exml",
    "v101/resource/UIComponent/game/PropsItemButton.exml",
    "v101/resource/UIComponent/game/ScreenShotUI.exml",
    "v101/resource/UIComponent/game/SevenDayItem.exml",
    "v101/resource/UIComponent/game/ShopItem.exml",
    "v101/resource/UIComponent/game/ShopPriceItem.exml",
    "v101/resource/UIComponent/game/ShopRoleItem.exml",
    "v101/resource/UIComponent/game/SingItem.exml",
    "v101/resource/UIComponent/game/SkillButton.exml",
    "v101/resource/UIComponent/game/SystemMailItem.exml",
    "v101/resource/UIComponent/game/ToastTip.exml",
    "v101/resource/eui_skins/ButtonSkin.exml",
    "v101/resource/eui_skins/CheckBoxSkin.exml",
    "v101/resource/eui_skins/HScrollBarSkin.exml",
    "v101/resource/eui_skins/HSliderSkin.exml",
    "v101/resource/eui_skins/ItemRendererSkin.exml",
    "v101/resource/eui_skins/LevelChooseScrollItem.exml",
    "v101/resource/eui_skins/PanelSkin.exml",
    "v101/resource/eui_skins/ProgressBarSkin.exml",
    "v101/resource/eui_skins/RadioButtonSkin.exml",
    "v101/resource/eui_skins/RoleSkillBtn.exml",
    "v101/resource/eui_skins/ScrollerSkin.exml",
    "v101/resource/eui_skins/TextInputSkin.exml",
    "v101/resource/eui_skins/ToggleSwitchSkin.exml",
    "v101/resource/eui_skins/VScrollBarSkin.exml",
    "v101/resource/eui_skins/VSliderSkin.exml",
    "v101/resource/gameSkins/Game/GameComponetSKin.exml",
    "v101/resource/gameSkins/Game/panel_EndlessResult.exml",
    "v101/resource/gameSkins/Game/panel_endless.exml",
    "v101/resource/gameSkins/Game/panel_endlessRank.exml",
    "v101/resource/gameSkins/Game/panel_game.exml",
    "v101/resource/gameSkins/Game/panel_gameMultiresult.exml",
    "v101/resource/gameSkins/Game/panel_gameShare.exml",
    "v101/resource/gameSkins/Game/panel_gameresult.exml",
    "v101/resource/gameSkins/Game/panel_levelChoose.exml",
    "v101/resource/gameSkins/Game/panel_levelInfo.exml",
    "v101/resource/gameSkins/Game/panel_match.exml",
    "v101/resource/gameSkins/Game/panel_roleChoose.exml",
    "v101/resource/gameSkins/Game/panel_roundResult.exml",
    "v101/resource/gameSkins/Hall/Panel_ChangeNickName.exml",
    "v101/resource/gameSkins/Hall/Panel_activity.exml",
    "v101/resource/gameSkins/Hall/mask.exml",
    "v101/resource/gameSkins/Hall/panel_achieve.exml",
    "v101/resource/gameSkins/Hall/panel_achieveGet.exml",
    "v101/resource/gameSkins/Hall/panel_friend.exml",
    "v101/resource/gameSkins/Hall/panel_hall.exml",
    "v101/resource/gameSkins/Hall/panel_levelup.exml",
    "v101/resource/gameSkins/Hall/panel_mail.exml",
    "v101/resource/gameSkins/Hall/panel_netLoading.exml",
    "v101/resource/gameSkins/Hall/panel_package.exml",
    "v101/resource/gameSkins/Hall/panel_personal.exml",
    "v101/resource/gameSkins/Hall/panel_rank.exml",
    "v101/resource/gameSkins/Hall/panel_setting.exml",
    "v101/resource/gameSkins/Hall/panel_share.exml",
    "v101/resource/gameSkins/Hall/panel_sign.exml",
    "v101/resource/gameSkins/Login/panel_LoginChoice.exml",
    "v101/resource/gameSkins/Login/panel_ThirdLogin.exml",
    "v101/resource/gameSkins/Login/panel_findPSW.exml",
    "v101/resource/gameSkins/Login/panel_register.exml",
    "v101/resource/gameSkins/Login/panel_start.exml",
    "v101/resource/gameSkins/Share/panel_RewardList.exml",
    "v101/resource/gameSkins/Share/panel_guide.exml",
    "v101/resource/gameSkins/Share/panel_shop.exml",
    "v101/resource/gameSkins/Share/panel_tips.exml",
    "v101/resource/gameSkins/load/LoadSkin.exml",
    "v101/resource/gameSkins/test/panel_Edit.exml",
    "v101/resource/gameSkins/test/panel_EditSolution.exml",
    "v101/resource/gameSkins/test/panel_test.exml"
  ]
}