{
	"groups":[
		{
			"keys":"description_json,block_json,CommonAtlas_json,skill_icon_json,level012_png,level022_png,level032_png,level042_png,level052_png,UI_BlackPoint_bg_png,Game_json,LoginAtlas_json,yishuzi_json,guide_tips_lbg,guide_tips_rbg,guide_tips_rup,guide_tips_lup,finger_tex_png,finger_tex_json,finger_ske_json,level_ske_json,level_tex_json,level_tex_png",
			"name":"preload"
		},
		{
			"keys":"LoginAtlas_json,Img_sceneBG011_png",
			"name":"start"
		},
		{
			"keys":"HallBG_png,HallAtlas_json",
			"name":"hall"
		},
		{
			"keys":"jifentiao_png,jifentiaokuang_png",
			"name":"load"
		},
		{
			"keys":"yellowFont_fnt,props_font_fnt,whiteFont_fnt,endless_score_fnt,levelFont_fnt,shopFont_fnt,blueFont_fnt,Img_defen_png,towerFont_TTF,levelup_font2_fnt,levelup_font1_fnt",
			"name":"font"
		},
		{
			"keys":"Game_json,Img_matchBG_png,Img_sceneBG033_png,Img_sceneBG023_png,Img_sceneBG013_png,Img_sceneBG011_png,Img_sceneBG021_png,Img_sceneBG031_png,Img_sceneBG032_png,Img_sceneBG012_png,Img_sceneBG022_png,roundBG_png,role_skill_json,role_skill_png,fog_skill_json,fog_skill_png,laugh_skill_json,laugh_skill_png,block_break_json,block_break_png,level05_png,level04_png,level03_png,level02_png,level01_png",
			"name":"game"
		},
		{
			"keys":"NXT_ske_json,NXT_tex_png,NXT_tex_json",
			"name":"skeleton"
		},
		{
			"keys":"js5_tex_png,js5_tex_json,js5_ske_json,js4_tex_png,js4_tex_json,js4_ske_json,js3_tex_png,js3_tex_json,js3_ske_json,js2_tex_png,js2_tex_json,js2_ske_json,js1_tex_png,js1_tex_json,js1_ske_json",
			"name":"roleSke"
		},
		{
			"keys":"scene1_ske_json,scene1_tex_json,scene1_tex_png",
			"name":"sceneSke"
		},
		{
			"keys":"brickCollider_mp3,fail_mp3,getSound_mp3,jigsaw_mp3,speed_mp3,survival_mp3,win_mp3,choose_mp3,button_mp3,main_mp3,useSkill_mp3",
			"name":"sound"
		},
		{
			"keys":"box_ske_json,box_tex_json,box_tex_png",
			"name":"chestSke"
		},
		{
			"keys":"dl2_ske_json,dl2_tex_json,dl2_tex_png",
			"name":"LoginAni"
		},
		{
			"keys":"daojishi_ske_json,daojishi_tex_json,daojishi_tex_png,daoju_ske_json,daoju_tex_json,daoju_tex_png,heart_ske_json,heart_tex_json,heart_tex_png,jiguang_ske_json,jiguang_tex_json,jiguang_tex_png,jineng_ske_json,jineng_tex_json,jineng_tex_png,pengzhuang_ske_json,pengzhuang_tex_json,pengzhuang_tex_png,shengli_ske_json,shengli_tex_json,shengli_tex_png,shibai_ske_json,shibai_tex_json,shibai_tex_png,zhuankuaidiaoluo_ske_json,zhuankuaidiaoluo_tex_json,zhuankuaidiaoluo_tex_png,chuxian_ske_json,chuxian_tex_json,chuxian_tex_png,chuangguanmoshi_ske_json,chuangguanmoshi_tex_json,chuangguanmoshi_tex_png,duizhanmoshi_ske_json,duizhanmoshi_tex_json,duizhanmoshi_tex_png,wujinmoshi_ske_json,wujinmoshi_tex_json,wujinmoshi_tex_png,xinjilu_ske_json,xinjilu_tex_json,xinjilu_tex_png,shangdian_ske_json,shangdian_tex_json,shangdian_tex_png,shengjila_ske_json,shengjila_tex_json,shengjila_tex_png,shenjila_ske_json,shenjila_tex_json,shenjila_tex_png,suduxian_ske_json,suduxian_tex_json,suduxian_tex_png,xuanyun_ske_json,xuanyun_tex_json,xuanyun_tex_png",
			"name":"gameSkeleton"
		},
		{
			"keys":"finger_ske_json,finger_tex_json,finger_tex_png",
			"name":"finger"
		},
		{
			"keys":"ResultLost_ske_json,ResultLost_tex_json,ResultLost_tex_png,ResultWin_ske_json,ResultWin_tex_json,ResultWin_tex_png",
			"name":"resultSKe"
		},
		{
			"keys":"",
			"name":"levelAni"
		}
	],
	"resources":[
		{
			"name":"description_json",
			"type":"json",
			"url":"config/description.json"
		},
		{
			"name":"block_json",
			"subkeys":"blockI,blockI_T1,blockI_T2,blockI_T3,blockI_cement,blockI_ice,blockI_lock,blockI_vine,blockJ,blockJ_T1,blockJ_T2,blockJ_T3,blockJ_cement,blockJ_ice,blockJ_lock,blockJ_vine,blockL,blockL_T1,blockL_T2,blockL_T3,blockL_cement,blockL_ice,blockL_lock,blockL_vine,blockO,blockO_T1,blockO_T2,blockO_T3,blockO_cement,blockO_ice,blockO_lock,blockO_vine,blockS,blockS_T1,blockS_T2,blockS_T3,blockS_cement,blockS_ice,blockS_lock,blockS_vine,blockT,blockT_T1,blockT_T2,blockT_T3,blockT_cement,blockT_ice,blockT_lock,blockT_vine,blockX1,blockX1_cement,blockX1_ice,blockX1_lock,blockX1_vine,blockX2,blockX2_cement,blockX2_ice,blockX2_lock,blockX2_vine,blockX3,blockX3_cement,blockX3_ice,blockX3_lock,blockX3_vine,blockZ,blockZ_T1,blockZ_T2,blockZ_T3,blockZ_cement,blockZ_ice,blockZ_lock,blockZ_vine",
			"type":"sheet",
			"url":"assets/Atlas/block.json"
		},
		{
			"name":"HallBG_png",
			"type":"image",
			"url":"assets/Scene/HallBG.png"
		},
		{
			"name":"HallAtlas_json",
			"subkeys":"anniu01,anniu02,guanbi,guangxiao,hall_fangjg_btn,hall_ldg_btn,hall_logo,hall_sandixie_btn",
			"type":"sheet",
			"url":"assets/Atlas/HallAtlas.json"
		},
		{
			"name":"LoginAtlas_json",
			"subkeys":"dl_QQ,dl_kuang,dl_mima01,dl_mima02,dl_shuruk,dl_weixin,dl_youke,dl_zhanghao,img_toggle01,logo",
			"type":"sheet",
			"url":"assets/Atlas/LoginAtlas.json"
		},
		{
			"name":"CommonAtlas_json",
			"subkeys":"+,Icon_Prop_1,Img_ArrowDown,Img_ArrowRight,Img_Arrowleft,Img_Piece,Img_Toast_BG,Img_bubble01,Img_bubble02,Img_default,Img_hand01,Img_item301,Img_item302,Img_item303,Img_itemB301,Img_itemB302,Img_itemB303,Img_money,Img_npchead01,Img_panelBack,Img_round03,Img_selfRankBG,Img_shareBG,Img_using,Input_BG,UI_02,UI_14,UI_Avatar_img_1,UI_BuyFuel_btn,UI_BuyGold_btn,UI_Game_bg,UI_Game_bg_2,UI_Icon_bg_1,UI_Icon_bg_2,UI_JS_bg,UI_JS_bg_2,UI_NewRecord,UI_PaiMing_bg,UI_Ranking_btn,UI_UnReceive_btn,UI_back_btn,UI_btn5,UI_btn_3,UI_btn_4,UI_btn_5,UI_btn_6,UI_chose_bg2,UI_close_btn,UI_coin_1,UI_comcom_1,UI_delete_btn,UI_di_01,UI_dkuang,UI_duihuansuipian,UI_fanhui_btn,UI_flower_btn,UI_giveEnergy_tn,UI_heidi_bg_1,UI_heidi_bg_2,UI_jiahao,UI_jianhao,UI_jindutiao_1,UI_jindutiao_2,UI_kuan_01,UI_kuan_04,UI_kuan_05,UI_kuan_06,UI_kuan_07,UI_kuan_13,UI_kuang,UI_line_1,UI_mail_icon_1,UI_mail_icon_2,UI_mail_icon_3,UI_nane_bg,UI_panel_bg_2,UI_pause_btn,UI_pifu,UI_qipao_icon_1,UI_return_btn,UI_reward_btn,UI_searchBottom_img_1,UI_search_btn,UI_setting_2,UI_setting_bg,UI_setting_btn,UI_shop_bg,UI_shop_btn,UI_tanhao,UI_title_1,UI_title_2,UI_title_3,UI_title_btn_1,UI_title_btn_2,UI_tiyancion,UI_tongshi_pifu,UI_tubiao_02,UI_tubiao_03png,UI_wenhao,UI_yeqian_icon,beibao_01,beibao_02,biaoxian,di,fanye_you,fanye_zuo,goumai,guang,guoqi,honganniu,huanganniu,huanyinguanglin,icon_music,icon_sound,ime_npchead02,img_npchead01,img_npchead02,img_npchead03,img_npchead04,img_npchead05,jifen_01,jifen_02,jifen_03,jifentiao,jifentiaokuang,jinbi02,kuang,kuang2,levelname1,levelname2,levelname3,levelname4,levelname5,line_bg,mail_icon_1,mail_icon_2,package_bg,package_bg_2,paihanbbang01,piaozi_,qipao,role_locked,rule_icon_1,rule_icon_2,rule_icon_3,shandian,shangdianlan,shengji,shenglidi,shenglizi,shezhi,shibaidi,shibaiguang,shibaizi,shibaizidi,tipbg,tipconten,tiyan,to901,to902,to903,to904,to905,to906,tubiao02,wenhao02,xingxing,xuetiaokuang,yongyou_bg,youshenmexuyao,zhe zhao ,zhezhao,zianniu,zuanshi",
			"type":"sheet",
			"url":"assets/Atlas/CommonAtlas.json"
		},
		{
			"name":"yellowFont_fnt",
			"type":"font",
			"url":"font/yellowFont.fnt"
		},
		{
			"name":"Game_json",
			"subkeys":"IMG_puse,Img_Gamemode1,Img_Gamemode2,Img_Gamemode3,Img_blinkRight,Img_blinkleft,Img_blockLoding,Img_blockType1,Img_blockType2,Img_blockType3,Img_buttonEndless,Img_buttonSurvival,Img_chest,Img_corner,Img_dikuang,Img_endlessRank,Img_flag01,Img_flag02,Img_flagpole,Img_levelInfo01,Img_levelInfo02,Img_levelInfo03,Img_levelLook,Img_levelLook2,Img_line02,Img_line04,Img_loaing,Img_matchBlockBG01,Img_matchBlockBG02,Img_matchRoleBG01,Img_matchRoleBG02,Img_plane02,Img_platform01,Img_platform02,Img_platform03,Img_platformblock01,Img_platformblock02,Img_rope,Img_top01,Img_triangle,Img_zhihui,UI_gameback_btn,img_block02,img_blockBg01,img_bottom01,img_final,img_flag,img_level01,img_level02,img_level03,img_level04,img_level05,img_levelItembot,img_levelItembot2,img_levelTop,img_line01,img_line03,img_locate,img_next,img_npc03,img_plane,img_rank1,img_rank2,img_rank3,img_skill01,img_skillLine,img_timeLine,img_ufo,passed,passing,unpass",
			"type":"sheet",
			"url":"assets/Atlas/Game.json"
		},
		{
			"name":"NXT_ske_json",
			"type":"json",
			"url":"skeleton/NXT_ske.json"
		},
		{
			"name":"NXT_tex_png",
			"type":"image",
			"url":"skeleton/NXT_tex.png"
		},
		{
			"name":"NXT_tex_json",
			"type":"json",
			"url":"skeleton/NXT_tex.json"
		},
		{
			"name":"Img_matchBG_png",
			"type":"image",
			"url":"assets/Scene/Img_matchBG.png"
		},
		{
			"name":"Img_sceneBG011_png",
			"type":"image",
			"url":"assets/Scene/Img_sceneBG011.png"
		},
		{
			"name":"Img_sceneBG012_png",
			"type":"image",
			"url":"assets/Scene/Img_sceneBG012.png"
		},
		{
			"name":"Img_sceneBG013_png",
			"type":"image",
			"url":"assets/Scene/Img_sceneBG013.png"
		},
		{
			"name":"Img_sceneBG021_png",
			"type":"image",
			"url":"assets/Scene/Img_sceneBG021.png"
		},
		{
			"name":"Img_sceneBG022_png",
			"type":"image",
			"url":"assets/Scene/Img_sceneBG022.png"
		},
		{
			"name":"Img_sceneBG023_png",
			"type":"image",
			"url":"assets/Scene/Img_sceneBG023.png"
		},
		{
			"name":"Img_sceneBG031_png",
			"type":"image",
			"url":"assets/Scene/Img_sceneBG031.png"
		},
		{
			"name":"Img_sceneBG032_png",
			"type":"image",
			"url":"assets/Scene/Img_sceneBG032.png"
		},
		{
			"name":"Img_sceneBG033_png",
			"type":"image",
			"url":"assets/Scene/Img_sceneBG033.png"
		},
		{
			"name":"props_font_fnt",
			"type":"font",
			"url":"font/props_font.fnt"
		},
		{
			"name":"js1_tex_png",
			"type":"image",
			"url":"skeleton/role1/js1_tex.png"
		},
		{
			"name":"js2_tex_png",
			"type":"image",
			"url":"skeleton/role2/js2_tex.png"
		},
		{
			"name":"js3_tex_png",
			"type":"image",
			"url":"skeleton/role3/js3_tex.png"
		},
		{
			"name":"js4_tex_png",
			"type":"image",
			"url":"skeleton/role4/js4_tex.png"
		},
		{
			"name":"js5_tex_png",
			"type":"image",
			"url":"skeleton/role5/js5_tex.png"
		},
		{
			"name":"js1_tex_json",
			"type":"json",
			"url":"skeleton/role1/js1_tex.json"
		},
		{
			"name":"js1_ske_json",
			"type":"json",
			"url":"skeleton/role1/js1_ske.json"
		},
		{
			"name":"js2_ske_json",
			"type":"json",
			"url":"skeleton/role2/js2_ske.json"
		},
		{
			"name":"js3_ske_json",
			"type":"json",
			"url":"skeleton/role3/js3_ske.json"
		},
		{
			"name":"js3_tex_json",
			"type":"json",
			"url":"skeleton/role3/js3_tex.json"
		},
		{
			"name":"js4_ske_json",
			"type":"json",
			"url":"skeleton/role4/js4_ske.json"
		},
		{
			"name":"js5_ske_json",
			"type":"json",
			"url":"skeleton/role5/js5_ske.json"
		},
		{
			"name":"js4_tex_json",
			"type":"json",
			"url":"skeleton/role4/js4_tex.json"
		},
		{
			"name":"js2_tex_json",
			"type":"json",
			"url":"skeleton/role2/js2_tex.json"
		},
		{
			"name":"js5_tex_json",
			"type":"json",
			"url":"skeleton/role5/js5_tex.json"
		},
		{
			"name":"whiteFont_fnt",
			"type":"font",
			"url":"font/whiteFont.fnt"
		},
		{
			"name":"scene1_tex_png",
			"type":"image",
			"url":"skeleton/scene/scene1_tex.png"
		},
		{
			"name":"scene1_ske_json",
			"type":"json",
			"url":"skeleton/scene/scene1_ske.json"
		},
		{
			"name":"scene1_tex_json",
			"type":"json",
			"url":"skeleton/scene/scene1_tex.json"
		},
		{
			"name":"scene_endless_png",
			"type":"image",
			"url":"assets/Scene/scene_endless.png"
		},
		{
			"name":"endless_score_fnt",
			"type":"font",
			"url":"font/endless_score.fnt"
		},
		{
			"name":"brickCollider_mp3",
			"type":"sound",
			"url":"sound/brickCollider.mp3"
		},
		{
			"name":"fail_mp3",
			"type":"sound",
			"url":"sound/fail.mp3"
		},
		{
			"name":"getSound_mp3",
			"type":"sound",
			"url":"sound/getSound.mp3"
		},
		{
			"name":"jigsaw_mp3",
			"type":"sound",
			"url":"sound/jigsaw.mp3"
		},
		{
			"name":"speed_mp3",
			"type":"sound",
			"url":"sound/speed.mp3"
		},
		{
			"name":"survival_mp3",
			"type":"sound",
			"url":"sound/survival.mp3"
		},
		{
			"name":"win_mp3",
			"type":"sound",
			"url":"sound/win.mp3"
		},
		{
			"name":"button_mp3",
			"type":"sound",
			"url":"sound/button.mp3"
		},
		{
			"name":"choose_mp3",
			"type":"sound",
			"url":"sound/choose.mp3"
		},
		{
			"name":"roundBG_png",
			"type":"image",
			"url":"assets/Scene/roundBG.png"
		},
		{
			"name":"box_tex_png",
			"type":"image",
			"url":"skeleton/chest/box_tex.png"
		},
		{
			"name":"box_tex_json",
			"type":"json",
			"url":"skeleton/chest/box_tex.json"
		},
		{
			"name":"box_ske_json",
			"type":"json",
			"url":"skeleton/chest/box_ske.json"
		},
		{
			"name":"dl2_tex_png",
			"type":"image",
			"url":"skeleton/login/dl2_tex.png"
		},
		{
			"name":"dl2_tex_json",
			"type":"json",
			"url":"skeleton/login/dl2_tex.json"
		},
		{
			"name":"dl2_ske_json",
			"type":"json",
			"url":"skeleton/login/dl2_ske.json"
		},
		{
			"name":"main_mp3",
			"type":"sound",
			"url":"sound/main.mp3"
		},
		{
			"name":"useSkill_mp3",
			"type":"sound",
			"url":"sound/useSkill.mp3"
		},
		{
			"name":"yishuzi_json",
			"subkeys":"Img_defen,QQfenxiang,ST,beibao,bingshuangxing,bisaiguize,ceng,chaozhilibao,chenghao,chenghao0,chengjiu,chengjiu02,chongxinkaishi,chuangguan,chushou,daoju,daoju02,dasaiguize,di,diguan,dl_zhwenzi,duihuan,duizhan,fangqibisai,fanhui,fanhuidating,fasongyanzhengma,fenshu,fenxiang,fuhuo,fuwuqituijian,gaodu,ge,gengduo,goumai+chuandai,goumairuchangquan,guan,guan2,guancaiban,guize,haoyou,huangjin,huidaoyouxi,huode,huodechengjiu,huodong,huoxing,jiahao,jiandan,jiangli,jianhao,jiaose02,jifen,jifenjiacheng,jinbi,jinbigoumai,jingsu,jingsubudao,jingyan,jixunuli,juesegoumai,jujue,kaishi,kajuan02,kuaisupipei,kunnan,lignqu,lijigoumai,lijiqianwang,lingqu,lingqujiangli,lishizuigao,maohao,meilibang,paibangbang,paihang,pengyouquan,pifu02,pingtu,pintuwudiaoluo,pipei,putong,qiandao,qianwangchongzhi,qiehuanzhanghao,qq,quanbujujue,quanbutongyi,queding,queren,quxiao,quxiaopipei,ranlian,ranliao+goumai,ranliao+jinbi,ranliao+suipian,ranliao02,ranliaogoumai,shanchu02,shangcheng,shangdian,shengcun,shengcunmanxue,shengju,shengli,shengli2,shezhi,shibai,shijian,shiyong,shouchon,sixing,sousuozhong,suipian,suipianduihuan,susuozhong,tianjia,tianjiahaoyou,tijiao,tongshi_pifu、,tongyi,tuichuyouxi,tuichuzhanghao,waixingren,weibo,weixin,wogangtongguolenansita,wojinmoshi,wujingzhoumosai,wujinpaihang,wujinzhoumosai,xiayiguan,xiehao,xinjilu,xitong,xitongtishi,xitongtishi2,xiugai,xiugainicheng,xuan yao yi xia,xuanyaoyixia,yaoqinghaoyou,yezhixing,yijianlingqu,yijianshanchu,yilingqu,yiyongyoi,youjian,youkedenglu,zailaiyiju,zaishiyici,zaishiyivi,zaixianjiangli,zhanghao,zhaohuimima,zhuankuaishu,zhuce,zhucebiaoti,zi_likegoumai",
			"type":"sheet",
			"url":"assets/Atlas/yishuzi.json"
		},
		{
			"name":"Img_defen_png",
			"type":"image",
			"url":"font/Img_defen.png"
		},
		{
			"name":"levelFont_fnt",
			"type":"font",
			"url":"font/levelFont.fnt"
		},
		{
			"name":"towerFont_TTF",
			"type":"bin",
			"url":"font/towerFont.TTF"
		},
		{
			"name":"shopFont_fnt",
			"type":"font",
			"url":"font/shopFont.fnt"
		},
		{
			"name":"daojishi_tex_png",
			"type":"image",
			"url":"skeleton/GameAni/daojishi_tex.png"
		},
		{
			"name":"daoju_tex_png",
			"type":"image",
			"url":"skeleton/GameAni/daoju_tex.png"
		},
		{
			"name":"heart_tex_png",
			"type":"image",
			"url":"skeleton/GameAni/heart_tex.png"
		},
		{
			"name":"jiguang_tex_png",
			"type":"image",
			"url":"skeleton/GameAni/jiguang_tex.png"
		},
		{
			"name":"jineng_tex_png",
			"type":"image",
			"url":"skeleton/GameAni/jineng_tex.png"
		},
		{
			"name":"pengzhuang_tex_png",
			"type":"image",
			"url":"skeleton/GameAni/pengzhuang_tex.png"
		},
		{
			"name":"shengli_tex_png",
			"type":"image",
			"url":"skeleton/GameAni/shengli_tex.png"
		},
		{
			"name":"shibai_tex_png",
			"type":"image",
			"url":"skeleton/GameAni/shibai_tex.png"
		},
		{
			"name":"zhuankuaidiaoluo_tex_png",
			"type":"image",
			"url":"skeleton/GameAni/zhuankuaidiaoluo_tex.png"
		},
		{
			"name":"daojishi_ske_json",
			"type":"json",
			"url":"skeleton/GameAni/daojishi_ske.json"
		},
		{
			"name":"daoju_ske_json",
			"type":"json",
			"url":"skeleton/GameAni/daoju_ske.json"
		},
		{
			"name":"heart_tex_json",
			"type":"json",
			"url":"skeleton/GameAni/heart_tex.json"
		},
		{
			"name":"daoju_tex_json",
			"type":"json",
			"url":"skeleton/GameAni/daoju_tex.json"
		},
		{
			"name":"jiguang_ske_json",
			"type":"json",
			"url":"skeleton/GameAni/jiguang_ske.json"
		},
		{
			"name":"jineng_ske_json",
			"type":"json",
			"url":"skeleton/GameAni/jineng_ske.json"
		},
		{
			"name":"daojishi_tex_json",
			"type":"json",
			"url":"skeleton/GameAni/daojishi_tex.json"
		},
		{
			"name":"jineng_tex_json",
			"type":"json",
			"url":"skeleton/GameAni/jineng_tex.json"
		},
		{
			"name":"shengli_tex_json",
			"type":"json",
			"url":"skeleton/GameAni/shengli_tex.json"
		},
		{
			"name":"pengzhuang_tex_json",
			"type":"json",
			"url":"skeleton/GameAni/pengzhuang_tex.json"
		},
		{
			"name":"pengzhuang_ske_json",
			"type":"json",
			"url":"skeleton/GameAni/pengzhuang_ske.json"
		},
		{
			"name":"shibai_tex_json",
			"type":"json",
			"url":"skeleton/GameAni/shibai_tex.json"
		},
		{
			"name":"heart_ske_json",
			"type":"json",
			"url":"skeleton/GameAni/heart_ske.json"
		},
		{
			"name":"shengli_ske_json",
			"type":"json",
			"url":"skeleton/GameAni/shengli_ske.json"
		},
		{
			"name":"zhuankuaidiaoluo_ske_json",
			"type":"json",
			"url":"skeleton/GameAni/zhuankuaidiaoluo_ske.json"
		},
		{
			"name":"zhuankuaidiaoluo_tex_json",
			"type":"json",
			"url":"skeleton/GameAni/zhuankuaidiaoluo_tex.json"
		},
		{
			"name":"jiguang_tex_json",
			"type":"json",
			"url":"skeleton/GameAni/jiguang_tex.json"
		},
		{
			"name":"shibai_ske_json",
			"type":"json",
			"url":"skeleton/GameAni/shibai_ske.json"
		},
		{
			"name":"chuxian_tex_png",
			"type":"image",
			"url":"skeleton/GameAni/chuxian_tex.png"
		},
		{
			"name":"chuxian_ske_json",
			"type":"json",
			"url":"skeleton/GameAni/chuxian_ske.json"
		},
		{
			"name":"chuxian_tex_json",
			"type":"json",
			"url":"skeleton/GameAni/chuxian_tex.json"
		},
		{
			"name":"chuangguanmoshi_tex_png",
			"type":"image",
			"url":"skeleton/GameAni/chuangguanmoshi_tex.png"
		},
		{
			"name":"duizhanmoshi_tex_png",
			"type":"image",
			"url":"skeleton/GameAni/duizhanmoshi_tex.png"
		},
		{
			"name":"wujinmoshi_tex_png",
			"type":"image",
			"url":"skeleton/GameAni/wujinmoshi_tex.png"
		},
		{
			"name":"xinjilu_tex_png",
			"type":"image",
			"url":"skeleton/GameAni/xinjilu_tex.png"
		},
		{
			"name":"chuangguanmoshi_ske_json",
			"type":"json",
			"url":"skeleton/GameAni/chuangguanmoshi_ske.json"
		},
		{
			"name":"duizhanmoshi_ske_json",
			"type":"json",
			"url":"skeleton/GameAni/duizhanmoshi_ske.json"
		},
		{
			"name":"wujinmoshi_ske_json",
			"type":"json",
			"url":"skeleton/GameAni/wujinmoshi_ske.json"
		},
		{
			"name":"duizhanmoshi_tex_json",
			"type":"json",
			"url":"skeleton/GameAni/duizhanmoshi_tex.json"
		},
		{
			"name":"xinjilu_ske_json",
			"type":"json",
			"url":"skeleton/GameAni/xinjilu_ske.json"
		},
		{
			"name":"chuangguanmoshi_tex_json",
			"type":"json",
			"url":"skeleton/GameAni/chuangguanmoshi_tex.json"
		},
		{
			"name":"xinjilu_tex_json",
			"type":"json",
			"url":"skeleton/GameAni/xinjilu_tex.json"
		},
		{
			"name":"wujinmoshi_tex_json",
			"type":"json",
			"url":"skeleton/GameAni/wujinmoshi_tex.json"
		},
		{
			"name":"shangdian_tex_png",
			"type":"image",
			"url":"skeleton/GameAni/shangdian_tex.png"
		},
		{
			"name":"shangdian_ske_json",
			"type":"json",
			"url":"skeleton/GameAni/shangdian_ske.json"
		},
		{
			"name":"shangdian_tex_json",
			"type":"json",
			"url":"skeleton/GameAni/shangdian_tex.json"
		},
		{
			"name":"blueFont_fnt",
			"type":"font",
			"url":"font/blueFont.fnt"
		},
		{
			"name":"ButtonSkin_exml",
			"type":"bin",
			"url":"eui_skins/ButtonSkin.exml"
		},
		{
			"name":"CheckBoxSkin_exml",
			"type":"bin",
			"url":"eui_skins/CheckBoxSkin.exml"
		},
		{
			"name":"HScrollBarSkin_exml",
			"type":"bin",
			"url":"eui_skins/HScrollBarSkin.exml"
		},
		{
			"name":"HSliderSkin_exml",
			"type":"bin",
			"url":"eui_skins/HSliderSkin.exml"
		},
		{
			"name":"ItemRendererSkin_exml",
			"type":"bin",
			"url":"eui_skins/ItemRendererSkin.exml"
		},
		{
			"name":"PanelSkin_exml",
			"type":"bin",
			"url":"eui_skins/PanelSkin.exml"
		},
		{
			"name":"ProgressBarSkin_exml",
			"type":"bin",
			"url":"eui_skins/ProgressBarSkin.exml"
		},
		{
			"name":"RadioButtonSkin_exml",
			"type":"bin",
			"url":"eui_skins/RadioButtonSkin.exml"
		},
		{
			"name":"ScrollerSkin_exml",
			"type":"bin",
			"url":"eui_skins/ScrollerSkin.exml"
		},
		{
			"name":"TextInputSkin_exml",
			"type":"bin",
			"url":"eui_skins/TextInputSkin.exml"
		},
		{
			"name":"ToggleSwitchSkin_exml",
			"type":"bin",
			"url":"eui_skins/ToggleSwitchSkin.exml"
		},
		{
			"name":"VScrollBarSkin_exml",
			"type":"bin",
			"url":"eui_skins/VScrollBarSkin.exml"
		},
		{
			"name":"VSliderSkin_exml",
			"type":"bin",
			"url":"eui_skins/VSliderSkin.exml"
		},
		{
			"name":"role_skill_json",
			"type":"json",
			"url":"skeleton/role_skill/role_skill.json"
		},
		{
			"name":"role_skill_png",
			"type":"image",
			"url":"skeleton/role_skill/role_skill.png"
		},
		{
			"name":"skill_icon_json",
			"subkeys":"skill_buf_bg,skill_dbuf_bg,skill_icon_10101,skill_icon_10103,skill_icon_10202,skill_icon_10204,skill_icon_10205,skill_icon_10302,skill_icon_20101,skill_icon_20201,skill_icon_20202,skill_icon_20203,skill_icon_20204,skill_icon_90101,skill_icon_90201,skill_icon_90301,skill_icon_90404,skill_icon_90501,skill_icon_90601",
			"type":"sheet",
			"url":"assets/Atlas/skill_icon.json"
		},
		{
			"name":"fog_skill_json",
			"type":"json",
			"url":"skeleton/role_skill/fog_skill.json"
		},
		{
			"name":"fog_skill_png",
			"type":"image",
			"url":"skeleton/role_skill/fog_skill.png"
		},
		{
			"name":"laugh_skill_json",
			"type":"json",
			"url":"skeleton/role_skill/laugh_skill.json"
		},
		{
			"name":"laugh_skill_png",
			"type":"image",
			"url":"skeleton/role_skill/laugh_skill.png"
		},
		{
			"name":"block_break_json",
			"type":"json",
			"url":"skeleton/role_skill/block_break.json"
		},
		{
			"name":"block_break_png",
			"type":"image",
			"url":"skeleton/role_skill/block_break.png"
		},
		{
			"name":"button_down_png",
			"type":"image",
			"url":"assets/Button/button_down.png"
		},
		{
			"name":"button_up_png",
			"type":"image",
			"url":"assets/Button/button_up.png"
		},
		{
			"name":"finger_tex_png",
			"type":"image",
			"url":"skeleton/finger/finger_tex.png"
		},
		{
			"name":"finger_tex_json",
			"type":"json",
			"url":"skeleton/finger/finger_tex.json"
		},
		{
			"name":"finger_ske_json",
			"type":"json",
			"url":"skeleton/finger/finger_ske.json"
		},
		{
			"name":"ResultLost_tex_png",
			"type":"image",
			"url":"skeleton/resultLost/ResultLost_tex.png"
		},
		{
			"name":"ResultWin_tex_png",
			"type":"image",
			"url":"skeleton/resultWin/ResultWin_tex.png"
		},
		{
			"name":"ResultLost_ske_json",
			"type":"json",
			"url":"skeleton/resultLost/ResultLost_ske.json"
		},
		{
			"name":"ResultLost_tex_json",
			"type":"json",
			"url":"skeleton/resultLost/ResultLost_tex.json"
		},
		{
			"name":"ResultWin_ske_json",
			"type":"json",
			"url":"skeleton/resultWin/ResultWin_ske.json"
		},
		{
			"name":"ResultWin_tex_json",
			"type":"json",
			"url":"skeleton/resultWin/ResultWin_tex.json"
		},
		{
			"name":"level01_png",
			"type":"image",
			"url":"assets/Scene/level01.png"
		},
		{
			"name":"level02_png",
			"type":"image",
			"url":"assets/Scene/level02.png"
		},
		{
			"name":"level03_png",
			"type":"image",
			"url":"assets/Scene/level03.png"
		},
		{
			"name":"level04_png",
			"type":"image",
			"url":"assets/Scene/level04.png"
		},
		{
			"name":"level05_png",
			"type":"image",
			"url":"assets/Scene/level05.png"
		},
		{
			"name":"level012_png",
			"type":"image",
			"url":"assets/Scene/level01.png"
		},
		{
			"name":"level022_png",
			"type":"image",
			"url":"assets/Scene/level02.png"
		},
		{
			"name":"level032_png",
			"type":"image",
			"url":"assets/Scene/level03.png"
		},
		{
			"name":"level042_png",
			"type":"image",
			"url":"assets/Scene/level04.png"
		},
		{
			"name":"level052_png",
			"type":"image",
			"url":"assets/Scene/level05.png"
		},
		{
			"name":"UI_BlackPoint_bg_png",
			"type":"image",
			"url":"assets/Atlas/UI_BlackPoint_bg.png"
		},
		{
			"name":"jifentiao_png",
			"type":"image",
			"url":"assets/load/jifentiao.png"
		},
		{
			"name":"jifentiaokuang_png",
			"type":"image",
			"url":"assets/load/jifentiaokuang.png"
		},
		{
			"name":"shengjila_ske_json",
			"type":"json",
			"url":"skeleton/GameAni/shengjila_ske.json"
		},
		{
			"name":"shengjila_tex_json",
			"type":"json",
			"url":"skeleton/GameAni/shengjila_tex.json"
		},
		{
			"name":"shengjila_tex_png",
			"type":"image",
			"url":"skeleton/GameAni/shengjila_tex.png"
		},
		{
			"name":"levelup_font2_fnt",
			"type":"font",
			"url":"font/levelup_font2.fnt"
		},
		{
			"name":"levelup_font1_fnt",
			"type":"font",
			"url":"font/levelup_font1.fnt"
		},
		{
			"name":"shenjila_ske_json",
			"type":"json",
			"url":"skeleton/GameAni/shenjila_ske.json"
		},
		{
			"name":"shenjila_tex_json",
			"type":"json",
			"url":"skeleton/GameAni/shenjila_tex.json"
		},
		{
			"name":"shenjila_tex_png",
			"type":"image",
			"url":"skeleton/GameAni/shenjila_tex.png"
		},
		{
			"name":"suduxian_ske_json",
			"type":"json",
			"url":"skeleton/GameAni/suduxian_ske.json"
		},
		{
			"name":"suduxian_tex_json",
			"type":"json",
			"url":"skeleton/GameAni/suduxian_tex.json"
		},
		{
			"name":"suduxian_tex_png",
			"type":"image",
			"url":"skeleton/GameAni/suduxian_tex.png"
		},
		{
			"name":"xuanyun_ske_json",
			"type":"json",
			"url":"skeleton/GameAni/xuanyun_ske.json"
		},
		{
			"name":"xuanyun_tex_json",
			"type":"json",
			"url":"skeleton/GameAni/xuanyun_tex.json"
		},
		{
			"name":"xuanyun_tex_png",
			"type":"image",
			"url":"skeleton/GameAni/xuanyun_tex.png"
		},
		{
			"name":"guide_tips_lbg",
			"type":"image",
			"url":"assets/Atlas/guide_tips_lbg.png"
		},
		{
			"name":"guide_tips_rbg",
			"type":"image",
			"url":"assets/Atlas/guide_tips_rbg.png"
		},
		{
			"name":"guide_tips_rup",
			"type":"image",
			"url":"assets/Atlas/guide_tips_rup.png"
		},
		{
			"name":"guide_tips_lup",
			"type":"image",
			"url":"assets/Atlas/guide_tips_lup.png"
		},
		{
			"name":"level_ske_json",
			"type":"json",
			"url":"skeleton/LevelAni/level_ske.json"
		},
		{
			"name":"level_tex_json",
			"type":"json",
			"url":"skeleton/LevelAni/level_tex.json"
		},
		{
			"name":"level_tex_png",
			"type":"image",
			"url":"skeleton/LevelAni/level_tex.png"
		}
	]
}