{"frameRate":24,"armature":[{"animation":[{"playTimes":0,"frame":[],"slot":[{"displayFrame":[],"colorFrame":[],"name":"louti"},{"displayFrame":[],"colorFrame":[],"name":"huo2"},{"displayFrame":[],"colorFrame":[],"name":"huo1"},{"displayFrame":[],"colorFrame":[],"name":"diban"},{"displayFrame":[{"duration":27},{"value":-1,"duration":2},{"duration":2},{"value":-1,"duration":8},{"duration":18}],"colorFrame":[],"name":"dian1"},{"displayFrame":[{"duration":27},{"value":-1,"duration":2},{"duration":2},{"value":-1,"duration":10},{"duration":16}],"colorFrame":[],"name":"dian2"},{"displayFrame":[{"duration":27},{"value":-1,"duration":2},{"duration":2},{"value":-1,"duration":12},{"duration":14}],"colorFrame":[],"name":"dian3"},{"displayFrame":[{"duration":27},{"value":-1,"duration":2},{"duration":2},{"value":-1,"duration":14},{"duration":12}],"colorFrame":[],"name":"dian4"},{"displayFrame":[{"duration":27},{"value":-1,"duration":2},{"duration":2},{"value":-1,"duration":16},{"duration":10}],"colorFrame":[],"name":"dian5"},{"displayFrame":[{"duration":27},{"value":-1,"duration":2},{"duration":2},{"value":-1,"duration":18},{"duration":8}],"colorFrame":[],"name":"dian6"},{"displayFrame":[{"duration":27},{"value":-1,"duration":2},{"duration":2},{"value":-1,"duration":20},{"duration":6}],"colorFrame":[],"name":"dian7"},{"displayFrame":[{"duration":27},{"value":-1,"duration":2},{"duration":2},{"value":-1,"duration":22},{"duration":4}],"colorFrame":[],"name":"dian8"},{"displayFrame":[{"duration":27},{"value":-1,"duration":2},{"duration":2},{"value":-1,"duration":24},{"duration":2}],"colorFrame":[],"name":"dian9"},{"displayFrame":[{"duration":27},{"value":-1,"duration":2},{"duration":2},{"value":-1,"duration":26},{"duration":0}],"colorFrame":[],"name":"dian10"},{"displayFrame":[],"colorFrame":[],"name":"shoubi"},{"displayFrame":[{"duration":2},{"value":-1,"duration":6},{"duration":2},{"value":-1,"duration":6},{"duration":2},{"value":-1,"duration":6},{"duration":2},{"value":-1,"duration":6},{"duration":2},{"value":-1,"duration":6},{"duration":2},{"value":-1,"duration":6},{"duration":2},{"value":-1,"duration":6},{"duration":1}],"colorFrame":[],"name":"0"},{"displayFrame":[{"value":-1,"duration":2},{"duration":2},{"value":-1,"duration":6},{"duration":2},{"value":-1,"duration":6},{"duration":2},{"value":-1,"duration":6},{"duration":2},{"value":-1,"duration":6},{"duration":2},{"value":-1,"duration":6},{"duration":2},{"value":-1,"duration":6},{"duration":2},{"value":-1,"duration":5}],"colorFrame":[],"name":"1"},{"displayFrame":[{"value":-1,"duration":4},{"duration":2},{"value":-1,"duration":6},{"duration":2},{"value":-1,"duration":6},{"duration":2},{"value":-1,"duration":6},{"duration":2},{"value":-1,"duration":6},{"duration":2},{"value":-1,"duration":6},{"duration":2},{"value":-1,"duration":6},{"duration":2},{"value":-1,"duration":3}],"colorFrame":[],"name":"2"},{"displayFrame":[{"value":-1,"duration":6},{"duration":2},{"value":-1,"duration":6},{"duration":2},{"value":-1,"duration":6},{"duration":2},{"value":-1,"duration":6},{"duration":2},{"value":-1,"duration":6},{"duration":2},{"value":-1,"duration":6},{"duration":2},{"value":-1,"duration":6},{"duration":2},{"value":-1,"duration":1}],"colorFrame":[],"name":"3"},{"displayFrame":[],"colorFrame":[],"name":"touzhao"},{"displayFrame":[],"colorFrame":[],"name":"tou"},{"displayFrame":[],"colorFrame":[],"name":"shen"},{"displayFrame":[],"colorFrame":[],"name":"shoubi1"},{"displayFrame":[],"colorFrame":[],"name":"jiandai"},{"displayFrame":[{"duration":27},{"duration":4},{"duration":26}],"colorFrame":[],"name":"biaoti"},{"displayFrame":[],"colorFrame":[],"name":"fangkuai8"},{"displayFrame":[],"colorFrame":[],"name":"fangkuai7"},{"displayFrame":[],"colorFrame":[],"name":"fangkuai6"},{"displayFrame":[],"colorFrame":[],"name":"fangkuai5"},{"displayFrame":[],"colorFrame":[],"name":"fangkuai4"},{"displayFrame":[],"colorFrame":[],"name":"fangkuai3"},{"displayFrame":[],"colorFrame":[],"name":"fangkuai2"},{"displayFrame":[],"colorFrame":[],"name":"fangkuai1"}],"duration":57,"name":"newAnimation","bone":[{"rotateFrame":[{"duration":57}],"translateFrame":[{"duration":57}],"scaleFrame":[{"duration":57}],"name":"root"},{"rotateFrame":[{"tweenEasing":0,"duration":7},{"tweenEasing":0,"rotate":-0.6677,"duration":5},{"tweenEasing":0,"rotate":-0.2439,"duration":16},{"tweenEasing":0,"duration":4},{"tweenEasing":0,"rotate":2.1695,"duration":7},{"duration":18}],"translateFrame":[{"tweenEasing":0,"duration":7},{"y":-5.0875,"tweenEasing":0,"duration":5},{"y":-19.9062,"tweenEasing":0,"duration":1},{"y":-19.2926,"tweenEasing":0,"duration":1},{"y":-20.8538,"tweenEasing":0,"duration":1},{"y":-19.2926,"tweenEasing":0,"duration":1},{"y":-21.8014,"tweenEasing":0,"duration":1},{"y":-19.2926,"tweenEasing":0,"duration":1},{"y":-22.749,"tweenEasing":0,"duration":1},{"y":-19.2926,"tweenEasing":0,"duration":1},{"y":-23.6966,"tweenEasing":0,"duration":1},{"y":-19.2926,"tweenEasing":0,"duration":1},{"y":-24.6443,"tweenEasing":0,"duration":1},{"y":-19.2926,"tweenEasing":0,"duration":1},{"y":-25.5919,"tweenEasing":0,"duration":1},{"y":-19.2926,"tweenEasing":0,"duration":1},{"y":-26.5395,"tweenEasing":0,"duration":1},{"y":-19.2926,"tweenEasing":0,"duration":1},{"y":-27.4871,"tweenEasing":0,"duration":4},{"y":-9.9709,"tweenEasing":0,"duration":7},{"duration":18}],"scaleFrame":[{"tweenEasing":0,"duration":39},{"duration":18}],"name":"biaoti"},{"rotateFrame":[{"tweenEasing":0,"duration":4},{"tweenEasing":0,"rotate":2.1495,"duration":6},{"tweenEasing":0,"rotate":-2.5127,"duration":18},{"tweenEasing":0,"duration":4},{"tweenEasing":0,"rotate":6.5656,"duration":8},{"tweenEasing":0,"rotate":-1.2121,"duration":4},{"duration":13}],"translateFrame":[{"duration":57}],"scaleFrame":[{"duration":57}],"name":"shen"},{"rotateFrame":[{"rotate":-0.1143,"duration":57}],"translateFrame":[{"duration":57}],"scaleFrame":[{"x":0.2,"y":0.8,"tweenEasing":0,"duration":3},{"x":0.3,"y":1.2,"tweenEasing":0,"duration":6},{"x":1.3,"y":0.8,"tweenEasing":0,"duration":4},{"tweenEasing":0,"duration":2},{"x":0.7,"tweenEasing":0,"duration":2},{"tweenEasing":0,"duration":2},{"x":0.8,"tweenEasing":0,"duration":2},{"tweenEasing":0,"duration":2},{"x":0.7,"tweenEasing":0,"duration":2},{"tweenEasing":0,"duration":2},{"x":0.4,"tweenEasing":0,"duration":2},{"x":1.2,"tweenEasing":0,"duration":2},{"x":0.2,"y":0.8,"tweenEasing":0,"duration":2},{"x":0.5,"y":0.8,"tweenEasing":0,"duration":2},{"x":0.15,"y":0.8,"duration":22}],"name":"huo1"},{"rotateFrame":[{"duration":57}],"translateFrame":[{"duration":57}],"scaleFrame":[{"x":0.2,"y":0.8,"tweenEasing":0,"duration":3},{"x":0.3,"y":1.2,"tweenEasing":0,"duration":6},{"x":1.3,"y":0.8,"tweenEasing":0,"duration":4},{"tweenEasing":0,"duration":2},{"x":0.7,"tweenEasing":0,"duration":2},{"tweenEasing":0,"duration":2},{"x":0.7,"tweenEasing":0,"duration":2},{"tweenEasing":0,"duration":2},{"x":0.7,"tweenEasing":0,"duration":2},{"tweenEasing":0,"duration":2},{"x":0.3,"tweenEasing":0,"duration":2},{"x":1.2,"tweenEasing":0,"duration":2},{"x":0.2,"y":0.8,"tweenEasing":0,"duration":2},{"x":0.5,"y":0.8,"tweenEasing":0,"duration":2},{"x":0.15,"y":0.8,"duration":22}],"name":"huo2"},{"rotateFrame":[{"tweenEasing":0,"duration":6},{"tweenEasing":0,"rotate":4.3701,"duration":4},{"tweenEasing":0,"rotate":-2.0372,"duration":4},{"tweenEasing":0,"duration":3},{"tweenEasing":0,"rotate":2.6913,"duration":3},{"tweenEasing":0,"duration":3},{"tweenEasing":0,"rotate":2.6913,"duration":4},{"tweenEasing":0,"rotate":0.1414,"duration":1},{"tweenEasing":0,"duration":4},{"tweenEasing":0,"rotate":-6.8313,"duration":4},{"tweenEasing":0,"rotate":4.7526,"duration":3},{"tweenEasing":0,"rotate":-1.7551,"duration":3},{"tweenEasing":0,"rotate":0.7123,"duration":2},{"duration":13}],"translateFrame":[{"duration":57}],"scaleFrame":[{"duration":57}],"name":"louti"},{"rotateFrame":[{"tweenEasing":0,"duration":4},{"tweenEasing":0,"rotate":6.434,"duration":8},{"tweenEasing":0,"rotate":-6.6847,"duration":16},{"tweenEasing":0,"duration":4},{"tweenEasing":0,"rotate":5.8624,"duration":8},{"tweenEasing":0,"rotate":-7.3038,"duration":5},{"duration":12}],"translateFrame":[{"duration":57}],"scaleFrame":[{"duration":57}],"name":"shoubi"},{"rotateFrame":[{"tweenEasing":0,"duration":4},{"tweenEasing":0,"rotate":6.9135,"duration":8},{"tweenEasing":0,"rotate":-4.0704,"duration":16},{"tweenEasing":0,"duration":4},{"tweenEasing":0,"rotate":19.5402,"duration":8},{"tweenEasing":0,"rotate":-3.8496,"duration":5},{"duration":12}],"translateFrame":[{"duration":57}],"scaleFrame":[{"duration":57}],"name":"shoubi1"},{"rotateFrame":[{"tweenEasing":0,"duration":7},{"tweenEasing":0,"rotate":8.4136,"duration":8},{"tweenEasing":0,"rotate":-9.2432,"duration":13},{"tweenEasing":0,"duration":5},{"tweenEasing":0,"rotate":-5.9641,"duration":6},{"tweenEasing":0,"rotate":5.9583,"duration":5},{"duration":13}],"translateFrame":[{"duration":57}],"scaleFrame":[{"duration":57}],"name":"tou"},{"rotateFrame":[{"tweenEasing":0,"duration":46},{"duration":11}],"translateFrame":[{"tweenEasing":0,"duration":11},{"x":-0.0572,"y":2.4019,"tweenEasing":0,"duration":4},{"x":0.1176,"y":-9.3227,"tweenEasing":0,"duration":2},{"x":-0.0281,"y":2.5795,"tweenEasing":0,"duration":2},{"x":0.0398,"y":-3.2542,"tweenEasing":0,"duration":2},{"x":-0.0281,"y":2.5795,"tweenEasing":0,"duration":2},{"x":0.1176,"y":-9.3227,"tweenEasing":0,"duration":2},{"x":-0.0281,"y":2.5795,"tweenEasing":0,"duration":2},{"x":0.0398,"y":-3.2542,"tweenEasing":0,"duration":2},{"x":0.1176,"y":-9.3227,"tweenEasing":0,"duration":8},{"x":-0.3945,"y":-37.692,"curve":[0.5,0,1,1],"duration":7},{"x":-0.0385,"y":3.7427,"tweenEasing":0,"duration":2},{"duration":11}],"scaleFrame":[{"tweenEasing":0,"duration":46},{"duration":11}],"name":"fangkuai2"},{"rotateFrame":[{"tweenEasing":0,"duration":43},{"duration":14}],"translateFrame":[{"tweenEasing":0,"duration":10},{"x":-0.0572,"y":2.4019,"tweenEasing":0,"duration":4},{"x":0.0587,"y":-4.6204,"tweenEasing":0,"duration":2},{"x":-0.0159,"y":1.5049,"tweenEasing":0,"duration":2},{"x":0.0249,"y":-1.9953,"tweenEasing":0,"duration":2},{"x":-0.0159,"y":1.5049,"tweenEasing":0,"duration":2},{"x":0.0249,"y":-1.9953,"tweenEasing":0,"duration":2},{"x":-0.0159,"y":1.5049,"tweenEasing":0,"duration":2},{"x":0.0249,"y":-1.9953,"tweenEasing":0,"duration":2},{"x":-0.0159,"y":1.5049,"tweenEasing":0,"duration":8},{"x":-0.1224,"y":-9.887,"curve":[0.5,0,1,1],"duration":5},{"x":-0.0263,"y":2.6682,"tweenEasing":0,"duration":2},{"duration":14}],"scaleFrame":[{"tweenEasing":0,"duration":43},{"duration":14}],"name":"fangkuai6"},{"rotateFrame":[{"tweenEasing":0,"duration":42},{"duration":15}],"translateFrame":[{"tweenEasing":0,"duration":10},{"x":-0.0572,"y":2.4019,"tweenEasing":0,"duration":4},{"x":0.0587,"y":-4.6204,"tweenEasing":0,"duration":2},{"x":-0.0159,"y":1.5049,"tweenEasing":0,"duration":2},{"x":0.0249,"y":-1.9953,"tweenEasing":0,"duration":2},{"x":-0.0159,"y":1.5049,"tweenEasing":0,"duration":2},{"x":0.0249,"y":-1.9953,"tweenEasing":0,"duration":2},{"x":-0.0159,"y":1.5049,"tweenEasing":0,"duration":2},{"x":0.0249,"y":-1.9953,"tweenEasing":0,"duration":2},{"x":-0.0159,"y":1.5049,"tweenEasing":0,"duration":7},{"x":-0.1224,"y":-9.887,"curve":[0.5,0,1,1],"duration":5},{"x":-0.0263,"y":2.6682,"tweenEasing":0,"duration":2},{"duration":15}],"scaleFrame":[{"tweenEasing":0,"duration":42},{"duration":15}],"name":"fangkuai7"},{"rotateFrame":[{"tweenEasing":0,"duration":44},{"duration":13}],"translateFrame":[{"tweenEasing":0,"duration":11},{"x":-0.0952,"y":4.5508,"tweenEasing":0,"duration":4},{"x":0.1176,"y":-9.3227,"tweenEasing":0,"duration":2},{"x":-0.0281,"y":2.5795,"tweenEasing":0,"duration":2},{"x":0.0398,"y":-3.2542,"tweenEasing":0,"duration":2},{"x":-0.0281,"y":2.5795,"tweenEasing":0,"duration":2},{"x":0.1176,"y":-9.3227,"tweenEasing":0,"duration":2},{"x":-0.0281,"y":2.5795,"tweenEasing":0,"duration":2},{"x":0.0398,"y":-3.2542,"tweenEasing":0,"duration":2},{"x":0.1176,"y":-9.3227,"tweenEasing":0,"duration":7},{"x":-0.2962,"y":-24.1302,"curve":[0.5,0,1,1],"duration":6},{"x":-0.0385,"y":3.7427,"tweenEasing":0,"duration":2},{"duration":13}],"scaleFrame":[{"tweenEasing":0,"duration":44},{"duration":13}],"name":"fangkuai3"},{"rotateFrame":[{"tweenEasing":0,"duration":44},{"duration":13}],"translateFrame":[{"tweenEasing":0,"duration":11},{"x":-0.0572,"y":2.4019,"tweenEasing":0,"duration":4},{"x":0.0587,"y":-4.6204,"tweenEasing":0,"duration":2},{"x":-0.0159,"y":1.5049,"tweenEasing":0,"duration":2},{"x":0.052,"y":-4.3288,"tweenEasing":0,"duration":2},{"x":-0.0159,"y":1.5049,"tweenEasing":0,"duration":2},{"x":0.052,"y":-4.3288,"tweenEasing":0,"duration":2},{"x":-0.0159,"y":1.5049,"tweenEasing":0,"duration":2},{"x":0.052,"y":-4.3288,"tweenEasing":0,"duration":2},{"x":-0.0159,"y":1.5049,"tweenEasing":0,"duration":7},{"x":-0.2426,"y":-19.4945,"curve":[0.5,0,1,1],"duration":6},{"x":-0.0263,"y":2.6682,"tweenEasing":0,"duration":2},{"duration":13}],"scaleFrame":[{"tweenEasing":0,"duration":44},{"duration":13}],"name":"fangkuai5"},{"rotateFrame":[{"tweenEasing":0,"duration":45},{"duration":12}],"translateFrame":[{"tweenEasing":0,"duration":11},{"x":-0.0572,"y":2.4019,"tweenEasing":0,"duration":4},{"x":0.1176,"y":-9.3227,"tweenEasing":0,"duration":2},{"x":-0.0281,"y":2.5795,"tweenEasing":0,"duration":2},{"x":0.0398,"y":-3.2542,"tweenEasing":0,"duration":2},{"x":-0.0281,"y":2.5795,"tweenEasing":0,"duration":2},{"x":0.1176,"y":-9.3227,"tweenEasing":0,"duration":2},{"x":-0.0281,"y":2.5795,"tweenEasing":0,"duration":2},{"x":0.0398,"y":-3.2542,"tweenEasing":0,"duration":2},{"x":0.1176,"y":-9.3227,"tweenEasing":0,"duration":8},{"x":-0.4595,"y":-43.5985,"curve":[0.5,0,1,1],"duration":6},{"x":-0.0385,"y":3.7427,"tweenEasing":0,"duration":2},{"duration":12}],"scaleFrame":[{"tweenEasing":0,"duration":45},{"duration":12}],"name":"fangkuai1"},{"rotateFrame":[{"tweenEasing":0,"duration":44},{"duration":13}],"translateFrame":[{"tweenEasing":0,"duration":11},{"x":-0.0952,"y":4.5508,"tweenEasing":0,"duration":4},{"x":0.1176,"y":-9.3227,"tweenEasing":0,"duration":2},{"x":-0.0281,"y":2.5795,"tweenEasing":0,"duration":2},{"x":0.0398,"y":-3.2542,"tweenEasing":0,"duration":2},{"x":-0.0281,"y":2.5795,"tweenEasing":0,"duration":2},{"x":0.1176,"y":-9.3227,"tweenEasing":0,"duration":2},{"x":-0.0281,"y":2.5795,"tweenEasing":0,"duration":2},{"x":0.0398,"y":-3.2542,"tweenEasing":0,"duration":2},{"x":0.1176,"y":-9.3227,"tweenEasing":0,"duration":7},{"x":-0.2962,"y":-24.1302,"curve":[0.5,0,1,1],"duration":6},{"x":-0.0385,"y":3.7427,"tweenEasing":0,"duration":2},{"duration":13}],"scaleFrame":[{"tweenEasing":0,"duration":44},{"duration":13}],"name":"fangkuai4"},{"rotateFrame":[{"tweenEasing":0,"duration":42},{"duration":15}],"translateFrame":[{"tweenEasing":0,"duration":10},{"x":-0.0572,"y":2.4019,"tweenEasing":0,"duration":4},{"x":0.0587,"y":-4.6204,"tweenEasing":0,"duration":2},{"x":-0.0159,"y":1.5049,"tweenEasing":0,"duration":2},{"x":0.0249,"y":-1.9953,"tweenEasing":0,"duration":2},{"x":-0.0159,"y":1.5049,"tweenEasing":0,"duration":2},{"x":0.0249,"y":-1.9953,"tweenEasing":0,"duration":2},{"x":-0.0159,"y":1.5049,"tweenEasing":0,"duration":2},{"x":0.0249,"y":-1.9953,"tweenEasing":0,"duration":2},{"x":-0.0159,"y":1.5049,"tweenEasing":0,"duration":7},{"x":-0.1224,"y":-9.887,"curve":[0.5,0,1,1],"duration":5},{"x":-0.0263,"y":2.6682,"tweenEasing":0,"duration":2},{"duration":15}],"scaleFrame":[{"tweenEasing":0,"duration":42},{"duration":15}],"name":"fangkuai8"},{"rotateFrame":[{"tweenEasing":0,"duration":39},{"tweenEasing":0,"duration":3},{"tweenEasing":0,"duration":3},{"tweenEasing":0,"duration":3},{"duration":9}],"translateFrame":[{"tweenEasing":0,"duration":12},{"x":-0.1218,"y":9.2029,"tweenEasing":0,"duration":8},{"x":0.0417,"y":-4.9887,"tweenEasing":0,"duration":8},{"x":-0.0774,"y":6.2748,"tweenEasing":0,"duration":5},{"x":0.087,"y":-7.2369,"tweenEasing":0,"duration":3},{"x":-0.1218,"y":9.2029,"tweenEasing":0,"duration":3},{"x":0.0571,"y":-6.3623,"tweenEasing":0,"duration":3},{"x":-0.0312,"y":3.4703,"tweenEasing":0,"duration":3},{"x":0.026,"y":-2.892,"tweenEasing":0,"duration":3},{"duration":9}],"scaleFrame":[{"tweenEasing":0,"duration":39},{"tweenEasing":0,"duration":3},{"tweenEasing":0,"duration":3},{"tweenEasing":0,"duration":3},{"duration":9}],"name":"diban"},{"rotateFrame":[{"tweenEasing":0,"duration":39},{"tweenEasing":0,"duration":3},{"tweenEasing":0,"duration":3},{"tweenEasing":0,"duration":3},{"duration":9}],"translateFrame":[{"tweenEasing":0,"duration":12},{"x":-0.1218,"y":9.2029,"tweenEasing":0,"duration":8},{"x":0.0417,"y":-4.9887,"tweenEasing":0,"duration":8},{"x":-0.0774,"y":6.2748,"tweenEasing":0,"duration":5},{"x":0.087,"y":-7.2369,"tweenEasing":0,"duration":3},{"x":-0.1218,"y":9.2029,"tweenEasing":0,"duration":3},{"x":0.0571,"y":-6.3623,"tweenEasing":0,"duration":3},{"x":-0.0312,"y":3.4703,"tweenEasing":0,"duration":3},{"x":0.026,"y":-2.892,"tweenEasing":0,"duration":3},{"duration":9}],"scaleFrame":[{"tweenEasing":0,"duration":39},{"tweenEasing":0,"duration":3},{"tweenEasing":0,"duration":3},{"tweenEasing":0,"duration":3},{"duration":9}],"name":"louti1"},{"rotateFrame":[{"tweenEasing":0,"duration":39},{"tweenEasing":0,"duration":3},{"tweenEasing":0,"duration":3},{"tweenEasing":0,"duration":3},{"duration":9}],"translateFrame":[{"tweenEasing":0,"duration":12},{"x":-0.1218,"y":9.2029,"tweenEasing":0,"duration":8},{"x":0.0417,"y":-4.9887,"tweenEasing":0,"duration":8},{"x":-0.0774,"y":6.2748,"tweenEasing":0,"duration":5},{"x":0.087,"y":-7.2369,"tweenEasing":0,"duration":3},{"x":-0.1218,"y":9.2029,"tweenEasing":0,"duration":3},{"x":0.0571,"y":-6.3623,"tweenEasing":0,"duration":3},{"x":-0.0312,"y":3.4703,"tweenEasing":0,"duration":3},{"x":0.026,"y":-2.892,"tweenEasing":0,"duration":3},{"duration":9}],"scaleFrame":[{"tweenEasing":0,"duration":39},{"tweenEasing":0,"duration":3},{"tweenEasing":0,"duration":3},{"tweenEasing":0,"duration":3},{"duration":9}],"name":"diban1"}],"ffd":[]}],"type":"Armature","name":"armatureName","bone":[{"name":"root","transform":{}},{"length":167,"transform":{"skX":-0.5143,"y":-125.9,"skY":-0.5143,"x":-18.75},"parent":"root","name":"biaoti"},{"length":69,"transform":{"skX":-90.7185,"y":-56.914,"skY":-90.7185,"x":4.261},"parent":"biaoti","name":"shen"},{"length":101,"transform":{"skX":88.8163,"y":130.6239,"skY":88.8163,"x":113.4821},"parent":"biaoti","name":"huo1"},{"length":93,"transform":{"skX":89.1387,"y":129.4202,"skY":89.1387,"x":-20.6125},"parent":"biaoti","name":"huo2"},{"length":218,"transform":{"skX":88.3475,"y":46.2161,"skY":88.3475,"x":224.3942},"parent":"biaoti","name":"louti"},{"transform":{"y":-160.1605,"x":83.5142},"name":"fangkuai2","parent":"biaoti"},{"transform":{"y":-136.392,"x":106.749},"name":"fangkuai6","parent":"biaoti"},{"transform":{"y":-123.1806,"x":157.3338},"name":"fangkuai7","parent":"biaoti"},{"transform":{"y":-147.5071,"x":178.403},"name":"fangkuai3","parent":"biaoti"},{"transform":{"y":-149.8783,"x":226.9262},"name":"fangkuai5","parent":"biaoti"},{"transform":{"y":-152.2925,"x":-133.746},"name":"fangkuai1","parent":"biaoti"},{"transform":{"y":-154.4792,"x":-87.9302},"name":"fangkuai4","parent":"biaoti"},{"transform":{"y":-116.4919,"x":-116.1552},"name":"fangkuai8","parent":"biaoti"},{"transform":{"y":147.1665,"x":-82.3743},"name":"diban","parent":"biaoti"},{"transform":{"y":130.0442,"x":43.3344},"name":"diban1","parent":"biaoti"},{"transform":{"y":146.4201,"x":196.5436},"name":"louti1","parent":"biaoti"},{"length":50,"transform":{"skX":5.505,"y":4.5151,"skY":5.505,"x":70.3691},"parent":"shen","name":"tou"},{"length":94,"transform":{"skX":-94.2103,"y":-22.8966,"skY":-94.2103,"x":49.204},"parent":"shen","name":"shoubi"},{"length":71,"transform":{"skX":172.7956,"y":43.2156,"skY":172.7956,"x":56.0332},"parent":"shen","name":"shoubi1"}],"skin":[{"slot":[{"display":[{"path":"jiandai","type":"image","name":"jiandai","transform":{"skX":91.2329,"y":10.6039,"skY":91.2329,"x":27.1184}}],"name":"jiandai"},{"display":[{"path":"dian8","type":"image","name":"dian8","transform":{"skX":0.5143,"y":77.0887,"skY":0.5143,"x":97.5799}}],"name":"dian8"},{"display":[{"path":"touzhao","type":"image","name":"touzhao","transform":{"skX":91.2329,"y":8.869,"skY":91.2329,"x":109.1747}}],"name":"touzhao"},{"display":[{"path":"dian4","type":"image","name":"dian4","transform":{"skX":0.5143,"y":77.3661,"skY":0.5143,"x":17.0742}}],"name":"dian4"},{"display":[{"path":"0","type":"image","name":"0","transform":{"skX":-174.5568,"y":1.047,"skY":-174.5568,"x":72.7608}}],"name":"0"},{"display":[{"bonePose":[1,0.9999597122162871,-0.008976299032462201,0.008976299032462201,0.9999597122162871,-18.75,-125.9,14,0.9999597122162871,-0.008976299032462201,0.008976299032462201,0.9999597122162871,-99.8,22.000000000000025,15,0.9999597122162871,-0.008976299032462201,0.008976299032462201,0.9999597122162871,25.749999999999993,3.749999999999993,16,0.9999597122162871,-0.008976299032462201,0.008976299032462201,0.9999597122162871,179.1,18.750000000000004],"vertices":[-298.5,137.9,-207.15,104.8,-166.75,131.6,-123.15,145.25,-105.3,146.8,-97.45,154,-70.65,154,-57.55,140.5,6.5,141.05,143.55,142.1,177.15,154,216,154,265.9,127.4,298.45,92.2,323.1,99.05,355.25,54.05,334.9,-2.35,358,-10.25,358,-73.25,326.4,-68,340.8,-128.4,300.15,-154,229.2,-154,178.05,-136.25,86.85,-132.3,80.3,-154,27.8,-154,25.75,-115.9,-30,-113.3,-41.15,-144.15,-100.85,-142.8,-102.8,-111.95,-142.25,-122.45,-155.35,-145.45,-222.9,-154,-253.75,-154,-250.5,-135.65,-318.75,-108.7,-358,-123.8,-358,-41.1,-320.05,-50.3,-354.2,92.15,-180.05,88.6,-155.4,110.6,-100.9,88.6,-76.25,120.05,-50.75,115.85,149.65,112.7,195.75,71.85,219.6,80.75,243.45,75,293.45,80.2,317.35,89.15,-211,89.65,-298.5,110.1,-85.7,150.35,-102.3,136.95,-132.2,134.1,-70.75,141.1,-64.05,127.7,-166.6,121.05,-113.45,111.8,194.4,146.05,232.55,130.8,269.65,103.15,159.85,139.5,180.2,136.6,202.75,123.15,215.1,98.1,153.7,125.7,1.8,125.75,84.2,124.55,0.6,113.5,85.85,113,18.4,117.6,57.55,117.6,39.55,131.25,17.45,129.6,64,128.65,-119.7,96,-89.25,103.5,173.7,92.95,136.35,123.8,136.35,111.2,-50.5,126.4,39.54,141.3,65.45,141.5,86.05,141.66,19.55,141.15,-84.6,137.05],"triangles":[16,51,15,52,14,15,19,16,17,19,17,18,51,52,15,21,19,20,19,50,16,50,51,16,22,23,19,48,50,19,23,48,19,21,22,19,52,13,14,64,12,13,51,13,52,51,64,13,50,64,51,63,11,12,50,68,64,68,63,64,63,12,64,23,24,48,48,49,50,49,68,50,68,67,63,67,11,63,73,81,48,24,73,48,62,10,11,67,62,11,48,68,49,73,83,81,81,67,68,48,81,68,27,73,24,66,62,67,81,66,67,81,69,66,66,10,62,47,69,81,69,65,66,65,10,66,65,9,10,83,47,81,27,75,73,69,9,65,27,74,75,47,82,69,82,9,69,72,74,27,83,82,47,82,87,9,71,87,82,73,71,82,73,82,83,28,44,72,28,72,27,78,86,71,25,26,24,26,27,24,71,86,87,78,71,73,75,78,73,44,46,72,76,85,78,78,85,86,75,76,78,74,76,75,31,44,28,77,88,76,74,77,76,76,88,85,74,70,77,77,8,88,72,70,74,70,8,77,70,84,8,84,7,8,72,84,70,46,84,72,44,80,46,29,31,28,31,42,44,30,31,29,32,42,31,59,7,84,59,84,46,45,59,46,80,45,46,42,79,44,59,58,7,58,6,7,55,5,6,45,58,59,45,89,58,55,6,58,89,55,58,56,89,45,80,56,45,61,56,80,56,5,55,56,55,89,53,42,32,56,4,5,44,61,80,40,53,32,36,40,32,79,61,44,61,57,56,57,3,56,3,4,56,79,43,61,43,57,61,42,43,79,57,2,3,43,2,57,60,2,43,33,34,32,34,36,32,42,60,43,1,2,60,42,1,60,53,1,42,40,54,53,53,54,1,54,0,1,37,40,36,40,41,54,35,36,34,54,41,0,39,40,37,38,39,37],"path":"diban","weights":[1,1,1,1,1,1,2,1,0.7000000000000001,14,0.3,2,1,0.49,14,0.51,2,1,0.28,14,0.72,2,14,0.9500000000000001,1,0.05,2,1,0.2,14,0.8,2,1,0.9,14,0.1,1,1,1,2,1,0.89,16,0.11,2,16,0.91,1,0.09,1,16,1,2,1,0.71,16,0.29,1,1,1,1,1,1,1,1,1,1,1,1,1,1,1,1,1,1,1,1,1,1,1,1,1,1,1,1,1,1,1,1,1,1,1,1,1,1,1,1,1,1,1,1,1,1,1,1,1,1,1,1,1,1,1,1,1,1,1,1,1,1,1,1,1,1,1,1,1,1,1,1,1,1,1,1,1,1,1,1,1,1,1,1,1,1,1,1,1,1,1,1,1,1,1,1,1,1,1,1,1,1,1,1,1,1,1,1,1,1,1,1,1,1,1,1,1,1,1,1,1,1,1,1,1,1,1,14,1,2,1,0.42,14,0.58,2,1,0.5,14,0.5,2,1,0.45,14,0.55,2,1,0.85,14,0.15,2,1,0.7000000000000001,14,0.3,2,1,0.8,14,0.2,1,16,1,2,1,0.6,16,0.4,2,1,0.87,16,0.13,2,1,0.6,16,0.4,1,16,1,2,1,0.59,16,0.41000000000000003,2,1,0.87,16,0.13,2,1,0.75,16,0.25,1,1,1,1,1,1,1,1,1,1,1,1,1,1,1,1,1,1,2,1,0.55,15,0.45,2,1,0.85,15,0.15,2,1,0.85,15,0.15,1,1,1,1,1,1,1,1,1,1,1,1,1,1,1,1,1,1,2,1,0.52,15,0.48,2,1,0.85,15,0.15,1,1,1,2,1,0.85,15,0.15,2,1,0.35000000000000003,14,0.65],"userEdges":[],"uvs":[0.0831,0.94773,0.21068,0.84026,0.26711,0.92727,0.328,0.97159,0.35293,0.97662,0.3639,1,0.40133,1,0.41962,0.95617,0.50908,0.95795,0.70049,0.96136,0.74742,1,0.80168,1,0.87137,0.91364,0.91683,0.79935,0.95126,0.82159,0.99616,0.67549,0.96774,0.49237,1,0.46672,1,0.26218,0.95587,0.27922,0.97598,0.08312,0.9192,0,0.82011,0,0.74867,0.05763,0.6213,0.07045,0.61215,0,0.53883,0,0.53596,0.1237,0.4581,0.13214,0.44253,0.03198,0.35915,0.03636,0.35642,0.13653,0.30133,0.10244,0.28303,0.02776,0.18869,0,0.1456,0,0.15014,0.05958,0.05482,0.14708,0,0.09805,0,0.36656,0.053,0.33669,0.00531,0.79919,0.24853,0.78766,0.28296,0.85909,0.35908,0.78766,0.39351,0.88977,0.42912,0.87614,0.70901,0.86591,0.77339,0.73328,0.8067,0.76218,0.84001,0.74351,0.90985,0.76039,0.94323,0.78945,0.20531,0.79107,0.0831,0.85747,0.38031,0.98815,0.35712,0.94464,0.31536,0.93539,0.40119,0.95812,0.41054,0.91461,0.26732,0.89302,0.34155,0.86299,0.77151,0.97419,0.82479,0.92468,0.87661,0.8349,0.72325,0.95292,0.75168,0.94351,0.78317,0.89984,0.80042,0.81851,0.71466,0.90812,0.50251,0.90828,0.6176,0.90438,0.50084,0.86851,0.6199,0.86688,0.5257,0.88182,0.58038,0.88182,0.55524,0.92614,0.52437,0.92078,0.58939,0.91769,0.33282,0.81169,0.37535,0.83604,0.7426,0.80179,0.69043,0.90195,0.69043,0.86104,0.42947,0.91039,0.55523,0.95878,0.59142,0.95942,0.62018,0.95993,0.5273,0.95828,0.38184,0.94497],"type":"mesh","transform":{"skX":0.5143,"y":-130.7248,"skY":0.5143,"x":-37.9577},"edges":[0,1,1,2,2,3,3,4,4,5,5,6,6,7,7,8,9,10,10,11,11,12,12,13,13,14,14,15,15,16,16,17,17,18,18,19,19,20,20,21,21,22,22,23,23,24,24,25,25,26,26,27,27,28,28,29,29,30,30,31,31,32,32,33,33,34,34,35,35,36,36,37,37,38,38,39,39,40,40,41,41,0,85,86,86,87,87,9,8,88,88,85],"width":716,"height":308,"name":"diban","slotPose":[1.0000000000000198,4.4287490341687885e-15,-4.4287490341687885e-15,1.0000000000000198,-13.379589730768394,-126.62881656043743]}],"name":"diban"},{"display":[{"path":"fangkuai3","type":"image","name":"fangkuai3","transform":{"skX":0.5143,"y":-0.6986,"skY":0.5143,"x":0.6075}}],"name":"fangkuai3"},{"display":[{"path":"biaoti","type":"image","name":"biaoti","transform":{"skX":0.5143,"y":-24.6836,"skY":0.5143,"x":11.99}}],"name":"biaoti"},{"display":[{"path":"fangkuai7","type":"image","name":"fangkuai7","transform":{"skX":0.5143,"y":-8.2863,"skY":0.5143,"x":9.8305}}],"name":"fangkuai7"},{"display":[{"path":"dian9","type":"image","name":"dian9","transform":{"skX":0.5143,"y":76.7728,"skY":0.5143,"x":118.0836}}],"name":"dian9"},{"display":[{"path":"tou","type":"image","name":"tou","transform":{"skX":85.7279,"y":2.614,"skY":85.7279,"x":25.6563}}],"name":"tou"},{"display":[{"path":"dian5","type":"image","name":"dian5","transform":{"skX":0.5143,"y":77.5501,"skY":0.5143,"x":37.5734}}],"name":"dian5"},{"display":[{"path":"1","type":"image","name":"1","transform":{"skX":-174.5568,"y":-0.1617,"skY":-174.5568,"x":75.8896}}],"name":"1"},{"display":[{"path":"dian1","type":"image","name":"dian1","transform":{"skX":0.5143,"y":77.823,"skY":0.5143,"x":-43.4323}}],"name":"dian1"},{"display":[{"path":"fangkuai2","type":"image","name":"fangkuai2","transform":{"skX":0.5143,"y":0.0677,"skY":0.5143,"x":1.376}}],"name":"fangkuai2"},{"display":[{"path":"louti","type":"image","name":"louti","transform":{"skX":-87.8332,"y":-0.8052,"skY":-87.8332,"x":110.1189}}],"name":"louti"},{"display":[{"path":"fangkuai6","type":"image","name":"fangkuai6","transform":{"skX":0.5143,"y":0.8754,"skY":0.5143,"x":-4.1172}}],"name":"fangkuai6"},{"display":[{"path":"dian10","type":"image","name":"dian10","transform":{"skX":0.5143,"y":76.9523,"skY":0.5143,"x":138.0828}}],"name":"dian10"},{"display":[{"path":"shen","type":"image","name":"shen","transform":{"skX":91.2329,"y":8.1906,"skY":91.2329,"x":31.1713}}],"name":"shen"},{"display":[{"path":"dian6","type":"image","name":"dian6","transform":{"skX":0.5143,"y":77.2252,"skY":0.5143,"x":57.0771}}],"name":"dian6"},{"display":[{"path":"2","type":"image","name":"2","transform":{"skX":-174.5568,"y":0.739,"skY":-174.5568,"x":74.7992}}],"name":"2"},{"display":[{"path":"dian2","type":"image","name":"dian2","transform":{"skX":0.5143,"y":78.0025,"skY":0.5143,"x":-23.4331}}],"name":"dian2"},{"display":[{"path":"fangkuai1","type":"image","name":"fangkuai1","transform":{"skX":0.5143,"y":5.4642,"skY":0.5143,"x":-13.1296}}],"name":"fangkuai1"},{"display":[{"path":"huo2","type":"image","name":"huo2","transform":{"skX":-88.6244,"y":0.5932,"skY":-88.6244,"x":54.6112}}],"name":"huo2"},{"display":[{"path":"fangkuai5","type":"image","name":"fangkuai5","transform":{"skX":0.5143,"y":3.8379,"skY":0.5143,"x":8.5997}}],"name":"fangkuai5"},{"display":[{"path":"fangkuai8","type":"image","name":"fangkuai8","transform":{"skX":0.5143,"y":-3.2596,"skY":0.5143,"x":2.8124}}],"name":"fangkuai8"},{"display":[{"path":"shoubi1","type":"image","name":"shoubi1","transform":{"skX":-81.5627,"y":0.3535,"skY":-81.5627,"x":39.9907}}],"name":"shoubi1"},{"display":[{"path":"dian7","type":"image","name":"dian7","transform":{"skX":0.5143,"y":76.9047,"skY":0.5143,"x":77.0808}}],"name":"dian7"},{"display":[{"path":"3","type":"image","name":"3","transform":{"skX":-174.5568,"y":7.7314,"skY":-174.5568,"x":79.6578}}],"name":"3"},{"display":[{"path":"dian3","type":"image","name":"dian3","transform":{"skX":0.5143,"y":77.1866,"skY":0.5143,"x":-2.925}}],"name":"dian3"},{"display":[{"path":"shoubi","type":"image","name":"shoubi","transform":{"skX":-174.5568,"y":0.5956,"skY":-174.5568,"x":52.2109}}],"name":"shoubi"},{"display":[{"path":"huo1","type":"image","name":"huo1","transform":{"skX":-88.302,"y":2.0444,"skY":-88.302,"x":56.0738}}],"name":"huo1"},{"display":[{"path":"fangkuai4","type":"image","name":"fangkuai4","transform":{"skX":0.5143,"y":-0.1038,"skY":0.5143,"x":0.8757}}],"name":"fangkuai4"}],"name":""}],"aabb":{"width":716,"y":-355.1902741362229,"height":520.0000000000002,"x":-360.3439375568551},"ik":[],"slot":[{"color":{},"name":"louti","parent":"louti"},{"z":1,"color":{},"name":"huo2","parent":"huo2"},{"z":2,"color":{},"name":"huo1","parent":"huo1"},{"z":3,"color":{},"name":"diban","parent":"diban1"},{"z":4,"color":{},"name":"dian1","parent":"biaoti"},{"z":5,"color":{},"name":"dian2","parent":"biaoti"},{"z":6,"color":{},"name":"dian3","parent":"biaoti"},{"z":7,"color":{},"name":"dian4","parent":"biaoti"},{"z":8,"color":{},"name":"dian5","parent":"biaoti"},{"z":9,"color":{},"name":"dian6","parent":"biaoti"},{"z":10,"color":{},"name":"dian7","parent":"biaoti"},{"z":11,"color":{},"name":"dian8","parent":"biaoti"},{"z":12,"color":{},"name":"dian9","parent":"biaoti"},{"z":13,"color":{},"name":"dian10","parent":"biaoti"},{"z":14,"color":{},"name":"fangkuai8","parent":"fangkuai8"},{"z":15,"color":{},"name":"fangkuai7","parent":"fangkuai7"},{"z":16,"color":{},"name":"fangkuai6","parent":"fangkuai6"},{"z":17,"color":{},"name":"fangkuai5","parent":"fangkuai5"},{"z":18,"color":{},"name":"fangkuai4","parent":"fangkuai4"},{"z":19,"color":{},"name":"fangkuai3","parent":"fangkuai3"},{"z":20,"color":{},"name":"fangkuai2","parent":"fangkuai2"},{"z":21,"color":{},"name":"fangkuai1","parent":"fangkuai1"},{"z":22,"color":{},"name":"shoubi","parent":"shoubi"},{"z":23,"color":{},"name":"0","parent":"shoubi"},{"z":24,"color":{},"name":"1","parent":"shoubi","displayIndex":-1},{"z":25,"color":{},"name":"2","parent":"shoubi","displayIndex":-1},{"z":26,"color":{},"name":"3","parent":"shoubi","displayIndex":-1},{"z":27,"color":{},"name":"touzhao","parent":"shen"},{"z":28,"color":{},"name":"tou","parent":"tou"},{"z":29,"color":{},"name":"shen","parent":"shen"},{"z":30,"color":{},"name":"shoubi1","parent":"shoubi1"},{"z":31,"color":{},"name":"jiandai","parent":"shen"},{"z":32,"color":{},"name":"biaoti","parent":"biaoti"}],"frameRate":24,"defaultActions":[{"gotoAndPlay":"newAnimation"}]}],"name":"dl2","version":"5.5","isGlobal":0}