{"SubTexture":[{"width":64,"y":1,"height":273,"name":"louti","x":719},{"width":61,"y":311,"height":123,"name":"huo2","x":585},{"width":61,"y":311,"height":120,"name":"huo1","x":648},{"width":716,"y":1,"height":308,"name":"diban","x":1},{"width":21,"y":487,"height":23,"name":"dian1","x":822},{"width":23,"y":108,"height":23,"name":"dian2","x":866},{"width":22,"y":244,"height":23,"name":"dian3","x":843},{"width":22,"y":487,"height":23,"name":"dian4","x":798},{"width":23,"y":81,"height":23,"name":"dian5","x":869},{"width":22,"y":129,"height":24,"name":"dian6","x":940},{"width":22,"y":35,"height":23,"name":"dian7","x":911},{"width":23,"y":129,"height":23,"name":"dian8","x":891},{"width":22,"y":129,"height":24,"name":"dian9","x":916},{"width":22,"y":133,"height":24,"name":"dian10","x":866},{"width":47,"y":164,"height":33,"name":"fangkuai8","x":846},{"width":54,"y":210,"height":32,"name":"fangkuai7","x":843},{"width":35,"y":433,"height":51,"name":"fangkuai6","x":673},{"width":33,"y":81,"height":46,"name":"fangkuai5","x":895},{"width":47,"y":164,"height":31,"name":"fangkuai4","x":943},{"width":25,"y":486,"height":25,"name":"fangkuai3","x":673},{"width":25,"y":81,"height":25,"name":"fangkuai2","x":842},{"width":46,"y":164,"height":33,"name":"fangkuai1","x":895},{"width":120,"y":1,"height":32,"name":"shoubi","x":842},{"width":79,"y":111,"height":51,"name":"0","x":785},{"width":67,"y":35,"height":44,"name":"1","x":842},{"width":59,"y":164,"height":44,"name":"2","x":785},{"width":56,"y":210,"height":41,"name":"3","x":785},{"width":133,"y":276,"height":126,"name":"touzhao","x":719},{"width":87,"y":404,"height":81,"name":"tou","x":798},{"width":85,"y":404,"height":86,"name":"shen","x":711},{"width":55,"y":1,"height":108,"name":"shoubi1","x":785},{"width":86,"y":436,"height":74,"name":"jiandai","x":585},{"width":582,"y":311,"height":179,"name":"biaoti","x":1}],"width":1024,"height":512,"name":"dl2","imagePath":"dl2_tex.png"}