{"imagePath":"js2_tex.png","width":1024,"SubTexture":[{"frameWidth":140,"y":266,"frameX":-2,"frameHeight":238,"frameY":-5,"width":134,"height":231,"name":"9","x":1},{"frameWidth":144,"y":266,"frameX":-2,"frameHeight":214,"frameY":-9,"width":140,"height":203,"name":"8","x":415},{"frameWidth":136,"y":266,"frameX":-2,"frameHeight":238,"frameY":-11,"width":133,"height":225,"name":"5","x":137},{"frameWidth":144,"y":266,"frameX":-2,"frameHeight":238,"frameY":-26,"width":141,"height":210,"name":"4","x":272},{"frameWidth":144,"y":266,"frameX":-5,"frameHeight":214,"frameY":-11,"width":137,"height":201,"name":"3","x":557},{"frameWidth":139,"y":1,"frameX":-2,"frameHeight":265,"frameY":0,"width":135,"height":263,"name":"2","x":1},{"width":113,"y":266,"height":128,"name":"paopao","x":696},{"width":14,"y":478,"height":23,"name":"chujiao2","x":356},{"width":46,"y":471,"height":37,"name":"shen","x":415},{"width":17,"y":471,"height":24,"name":"shou1","x":537},{"width":16,"y":478,"height":21,"name":"shou2","x":324},{"width":22,"y":478,"height":30,"name":"erduo1","x":272},{"frameWidth":57,"y":396,"frameX":0,"frameHeight":55,"frameY":0,"width":56,"height":55,"name":"tou_","x":696},{"width":12,"y":497,"height":12,"name":"yanzhu","x":537},{"width":25,"y":499,"height":12,"name":"biyan2","x":296},{"width":26,"y":478,"height":19,"name":"biyan1","x":296},{"width":37,"y":471,"height":20,"name":"zuobaK","x":498},{"width":37,"y":493,"height":13,"name":"zuobaB","x":498},{"width":33,"y":471,"height":33,"name":"erduo1_0","x":463},{"width":12,"y":478,"height":27,"name":"chujiao1","x":342},{"width":87,"y":469,"height":42,"name":"feichuan","x":557}],"height":512,"name":"js2"}