{"file":"CommonAtlas.png","frames":{
"package_bg_2":{"x":3354,"y":1120,"w":136,"h":136,"offX":0,"offY":0,"sourceW":136,"sourceH":136},
"UI_setting_2":{"x":4059,"y":221,"w":36,"h":32,"offX":0,"offY":0,"sourceW":36,"sourceH":32},
"UI_tubiao_03png":{"x":1273,"y":1025,"w":84,"h":83,"offX":0,"offY":0,"sourceW":84,"sourceH":83},
"shibaidi":{"x":1361,"y":790,"w":509,"h":165,"offX":0,"offY":0,"sourceW":509,"sourceH":165},
"rule_icon_3":{"x":3089,"y":1331,"w":84,"h":65,"offX":0,"offY":0,"sourceW":84,"sourceH":65},
"UI_wenhao":{"x":3628,"y":1120,"w":133,"h":132,"offX":1,"offY":1,"sourceW":135,"sourceH":134},
"Img_shareBG":{"x":609,"y":1,"w":525,"h":526,"offX":0,"offY":0,"sourceW":525,"sourceH":526},
"UI_Ranking_btn":{"x":2594,"y":1255,"w":123,"h":76,"offX":0,"offY":0,"sourceW":123,"sourceH":76},
"UI_back_btn":{"x":959,"y":529,"w":124,"h":71,"offX":3,"offY":2,"sourceW":130,"sourceH":76},
"UI_jindutiao_1":{"x":4059,"y":186,"w":36,"h":33,"offX":0,"offY":0,"sourceW":36,"sourceH":33},
"to905":{"x":3763,"y":1250,"w":110,"h":110,"offX":0,"offY":0,"sourceW":110,"sourceH":110},
"UI_shop_bg":{"x":2187,"y":1,"w":720,"h":212,"offX":0,"offY":0,"sourceW":720,"sourceH":212},
"package_bg":{"x":2546,"y":966,"w":42,"h":42,"offX":0,"offY":0,"sourceW":42,"sourceH":42},
"levelname5":{"x":2342,"y":215,"w":524,"h":239,"offX":0,"offY":0,"sourceW":524,"sourceH":239},
"youshenmexuyao":{"x":1,"y":716,"w":278,"h":31,"offX":0,"offY":0,"sourceW":278,"sourceH":31},
"zhe zhao ":{"x":3267,"y":637,"w":64,"h":23,"offX":0,"offY":0,"sourceW":64,"sourceH":23},
"honganniu":{"x":1837,"y":1114,"w":205,"h":95,"offX":0,"offY":0,"sourceW":205,"sourceH":95},
"tubiao02":{"x":3175,"y":1331,"w":72,"h":74,"offX":6,"offY":8,"sourceW":83,"sourceH":83},
"UI_title_3":{"x":1872,"y":916,"w":547,"h":125,"offX":0,"offY":0,"sourceW":547,"sourceH":125},
"UI_mail_icon_3":{"x":2487,"y":1348,"w":68,"h":68,"offX":2,"offY":0,"sourceW":72,"sourceH":72},
"wenhao02":{"x":3263,"y":1325,"w":74,"h":80,"offX":0,"offY":0,"sourceW":74,"sourceH":80},
"paihanbbang01":{"x":1959,"y":625,"w":652,"h":150,"offX":0,"offY":0,"sourceW":652,"sourceH":150},
"UI_kuan_06":{"x":3595,"y":808,"w":365,"h":77,"offX":0,"offY":0,"sourceW":365,"sourceH":77},
"shibaizi":{"x":1,"y":1033,"w":276,"h":147,"offX":0,"offY":0,"sourceW":276,"sourceH":147},
"icon_music":{"x":561,"y":465,"w":40,"h":48,"offX":0,"offY":0,"sourceW":40,"sourceH":48},
"Img_itemB303":{"x":259,"y":1291,"w":95,"h":78,"offX":11,"offY":22,"sourceW":118,"sourceH":117},
"UI_reward_btn":{"x":1251,"y":1115,"w":105,"h":132,"offX":0,"offY":0,"sourceW":105,"sourceH":132},
"to901":{"x":1957,"y":1252,"w":110,"h":110,"offX":0,"offY":0,"sourceW":110,"sourceH":110},
"UI_Game_bg":{"x":1361,"y":957,"w":216,"h":308,"offX":0,"offY":0,"sourceW":216,"sourceH":308},
"Img_item301":{"x":1837,"y":1211,"w":118,"h":117,"offX":0,"offY":0,"sourceW":118,"sourceH":117},
"UI_nane_bg":{"x":1662,"y":443,"w":118,"h":9,"offX":0,"offY":0,"sourceW":118,"sourceH":9},
"tiyan":{"x":1957,"y":1211,"w":71,"h":37,"offX":0,"offY":0,"sourceW":71,"sourceH":37},
"UI_mail_icon_1":{"x":431,"y":1334,"w":72,"h":72,"offX":0,"offY":0,"sourceW":72,"sourceH":72},
"ime_npchead02":{"x":3821,"y":1011,"w":167,"h":237,"offX":0,"offY":0,"sourceW":167,"sourceH":237},
"zhezhao":{"x":1872,"y":884,"w":64,"h":23,"offX":0,"offY":0,"sourceW":64,"sourceH":23},
"UI_BuyGold_btn":{"x":2804,"y":809,"w":205,"h":95,"offX":0,"offY":0,"sourceW":205,"sourceH":95},
"UI_tubiao_02":{"x":2900,"y":1265,"w":95,"h":89,"offX":0,"offY":0,"sourceW":95,"sourceH":89},
"jifen_01":{"x":1354,"y":1300,"w":246,"h":33,"offX":2,"offY":2,"sourceW":250,"sourceH":37},
"Img_item302":{"x":139,"y":1182,"w":118,"h":117,"offX":0,"offY":0,"sourceW":118,"sourceH":117},
"UI_shop_btn":{"x":1579,"y":957,"w":179,"h":78,"offX":0,"offY":2,"sourceW":179,"sourceH":80},
"UI_search_btn":{"x":1662,"y":363,"w":150,"h":78,"offX":0,"offY":0,"sourceW":150,"sourceH":78},
"UI_title_1":{"x":1,"y":769,"w":720,"h":125,"offX":0,"offY":0,"sourceW":720,"sourceH":125},
"img_npchead05":{"x":3990,"y":1004,"w":101,"h":188,"offX":43,"offY":0,"sourceW":188,"sourceH":188},
"+":{"x":2868,"y":265,"w":39,"h":39,"offX":0,"offY":0,"sourceW":39,"sourceH":39},
"UI_btn5":{"x":3011,"y":809,"w":168,"h":84,"offX":0,"offY":0,"sourceW":168,"sourceH":84},
"UI_title_btn_2":{"x":1085,"y":529,"w":49,"h":48,"offX":0,"offY":0,"sourceW":49,"sourceH":48},
"UI_setting_btn":{"x":1864,"y":1330,"w":74,"h":80,"offX":0,"offY":0,"sourceW":74,"sourceH":80},
"UI_title_btn_1":{"x":2546,"y":916,"w":49,"h":48,"offX":0,"offY":0,"sourceW":49,"sourceH":48},
"Img_npchead01":{"x":3492,"y":1120,"w":134,"h":134,"offX":0,"offY":0,"sourceW":134,"sourceH":134},
"UI_UnReceive_btn":{"x":2737,"y":1214,"w":161,"h":80,"offX":0,"offY":0,"sourceW":161,"sourceH":80},
"biaoxian":{"x":3187,"y":637,"w":78,"h":22,"offX":0,"offY":0,"sourceW":78,"sourceH":22},
"UI_JS_bg_2":{"x":1959,"y":777,"w":636,"h":137,"offX":0,"offY":0,"sourceW":636,"sourceH":137},
"UI_tongshi_pifu":{"x":270,"y":465,"w":289,"h":46,"offX":0,"offY":0,"sourceW":289,"sourceH":46},
"piaozi_":{"x":2421,"y":1032,"w":640,"h":69,"offX":0,"offY":0,"sourceW":640,"sourceH":69},
"line_bg":{"x":3631,"y":180,"w":445,"h":4,"offX":0,"offY":0,"sourceW":445,"sourceH":4},
"UI_setting_bg":{"x":3763,"y":1201,"w":56,"h":46,"offX":0,"offY":0,"sourceW":56,"sourceH":46},
"rule_icon_1":{"x":905,"y":1351,"w":58,"h":58,"offX":0,"offY":0,"sourceW":58,"sourceH":58},
"Input_BG":{"x":2160,"y":170,"w":16,"h":16,"offX":0,"offY":0,"sourceW":16,"sourceH":16},
"to902":{"x":3628,"y":1254,"w":110,"h":110,"offX":0,"offY":0,"sourceW":110,"sourceH":110},
"UI_comcom_1":{"x":1,"y":529,"w":636,"h":185,"offX":3,"offY":3,"sourceW":643,"sourceH":191},
"UI_kuan_04":{"x":3215,"y":1011,"w":604,"h":107,"offX":0,"offY":0,"sourceW":604,"sourceH":107},
"shenglidi":{"x":3595,"y":667,"w":485,"h":139,"offX":2,"offY":2,"sourceW":489,"sourceH":142},
"UI_return_btn":{"x":3147,"y":1120,"w":205,"h":95,"offX":0,"offY":0,"sourceW":205,"sourceH":95},
"levelname2":{"x":1816,"y":215,"w":524,"h":239,"offX":0,"offY":0,"sourceW":524,"sourceH":239},
"to903":{"x":1140,"y":1249,"w":110,"h":110,"offX":0,"offY":0,"sourceW":110,"sourceH":110},
"UI_Icon_bg_1":{"x":81,"y":1308,"w":50,"h":50,"offX":0,"offY":0,"sourceW":50,"sourceH":50},
"Img_bubble01":{"x":2737,"y":1103,"w":250,"h":109,"offX":0,"offY":0,"sourceW":250,"sourceH":109},
"shandian":{"x":3215,"y":907,"w":720,"h":102,"offX":0,"offY":0,"sourceW":720,"sourceH":102},
"img_npchead03":{"x":2671,"y":456,"w":157,"h":171,"offX":7,"offY":0,"sourceW":171,"sourceH":171},
"qipao":{"x":2421,"y":916,"w":123,"h":109,"offX":0,"offY":0,"sourceW":124,"sourceH":109},
"huanyinguanglin":{"x":3925,"y":630,"w":141,"h":35,"offX":0,"offY":0,"sourceW":141,"sourceH":35},
"Img_item303":{"x":630,"y":1212,"w":118,"h":117,"offX":0,"offY":0,"sourceW":118,"sourceH":117},
"tipbg":{"x":2385,"y":1255,"w":100,"h":99,"offX":0,"offY":0,"sourceW":100,"sourceH":99},
"shibaizidi":{"x":2613,"y":637,"w":572,"h":170,"offX":0,"offY":0,"sourceW":572,"sourceH":170},
"icon_sound":{"x":2868,"y":215,"w":38,"h":48,"offX":0,"offY":0,"sourceW":38,"sourceH":48},
"UI_dkuang":{"x":639,"y":1025,"w":632,"h":88,"offX":0,"offY":0,"sourceW":632,"sourceH":88},
"Img_default":{"x":3396,"y":1258,"w":92,"h":92,"offX":0,"offY":0,"sourceW":92,"sourceH":92},
"UI_btn_3":{"x":639,"y":529,"w":158,"h":66,"offX":1,"offY":0,"sourceW":160,"sourceH":67},
"fanye_you":{"x":2842,"y":1296,"w":53,"h":79,"offX":0,"offY":0,"sourceW":53,"sourceH":79},
"Img_itemB301":{"x":3147,"y":1217,"w":114,"h":112,"offX":1,"offY":3,"sourceW":118,"sourceH":117},
"Img_hand01":{"x":1010,"y":1212,"w":128,"h":101,"offX":0,"offY":0,"sourceW":128,"sourceH":101},
"Img_selfRankBG":{"x":639,"y":604,"w":658,"h":163,"offX":0,"offY":0,"sourceW":658,"sourceH":163},
"UI_chose_bg2":{"x":2375,"y":1043,"w":41,"h":38,"offX":0,"offY":0,"sourceW":41,"sourceH":38},
"UI_pause_btn":{"x":1,"y":1182,"w":136,"h":124,"offX":0,"offY":0,"sourceW":136,"sourceH":124},
"UI_kuan_07":{"x":1,"y":1,"w":606,"h":462,"offX":0,"offY":0,"sourceW":606,"sourceH":462},
"UI_giveEnergy_tn":{"x":356,"y":1291,"w":73,"h":89,"offX":3,"offY":4,"sourceW":79,"sourceH":93},
"mail_icon_1":{"x":1602,"y":1300,"w":83,"h":80,"offX":0,"offY":3,"sourceW":83,"sourceH":83},
"to904":{"x":2069,"y":1252,"w":110,"h":110,"offX":0,"offY":0,"sourceW":110,"sourceH":110},
"goumai":{"x":2900,"y":1214,"w":79,"h":44,"offX":0,"offY":0,"sourceW":79,"sourceH":44},
"shengji":{"x":1252,"y":1351,"w":66,"h":36,"offX":0,"offY":0,"sourceW":66,"sourceH":36},
"Img_Toast_BG":{"x":1579,"y":1043,"w":640,"h":69,"offX":0,"offY":0,"sourceW":640,"sourceH":69},
"Img_Arrowleft":{"x":2479,"y":1103,"w":256,"h":150,"offX":0,"offY":0,"sourceW":256,"sourceH":150},
"UI_tanhao":{"x":697,"y":1351,"w":71,"h":56,"offX":0,"offY":0,"sourceW":71,"sourceH":56},
"beibao_01":{"x":1025,"y":1351,"w":69,"h":46,"offX":1,"offY":1,"sourceW":71,"sourceH":47},
"levelname3":{"x":2868,"y":396,"w":524,"h":239,"offX":0,"offY":3,"sourceW":524,"sourceH":246},
"UI_JS_bg":{"x":1,"y":520,"w":572,"h":4,"offX":0,"offY":0,"sourceW":572,"sourceH":4},
"Img_money":{"x":4059,"y":291,"w":26,"h":35,"offX":0,"offY":1,"sourceW":27,"sourceH":37},
"UI_btn_6":{"x":3063,"y":1032,"w":131,"h":65,"offX":0,"offY":0,"sourceW":131,"sourceH":65},
"UI_tiyancion":{"x":2487,"y":1255,"w":105,"h":91,"offX":8,"offY":13,"sourceW":120,"sourceH":120},
"UI_PaiMing_bg":{"x":1,"y":1308,"w":78,"h":76,"offX":0,"offY":0,"sourceW":78,"sourceH":76},
"jifentiao":{"x":750,"y":1328,"w":330,"h":21,"offX":0,"offY":0,"sourceW":330,"sourceH":21},
"UI_14":{"x":1695,"y":1257,"w":91,"h":94,"offX":0,"offY":0,"sourceW":91,"sourceH":94},
"UI_delete_btn":{"x":621,"y":1331,"w":74,"h":80,"offX":3,"offY":9,"sourceW":79,"sourceH":93},
"UI_panel_bg_2":{"x":2989,"y":1103,"w":156,"h":160,"offX":0,"offY":0,"sourceW":156,"sourceH":160},
"UI_jindutiao_2":{"x":2868,"y":340,"w":28,"h":21,"offX":0,"offY":0,"sourceW":28,"sourceH":21},
"levelname1":{"x":1136,"y":363,"w":524,"h":239,"offX":0,"offY":0,"sourceW":524,"sourceH":239},
"UI_di_01":{"x":1,"y":896,"w":636,"h":135,"offX":0,"offY":1,"sourceW":636,"sourceH":137},
"UI_Icon_bg_2":{"x":4059,"y":328,"w":30,"h":26,"offX":0,"offY":0,"sourceW":30,"sourceH":26},
"xuetiaokuang":{"x":281,"y":716,"w":246,"h":33,"offX":0,"offY":0,"sourceW":246,"sourceH":33},
"UI_heidi_bg_2":{"x":841,"y":1351,"w":62,"h":58,"offX":0,"offY":0,"sourceW":62,"sourceH":58},
"UI_close_btn":{"x":2997,"y":1265,"w":90,"h":86,"offX":5,"offY":4,"sourceW":99,"sourceH":90},
"di":{"x":723,"y":790,"w":636,"h":137,"offX":0,"offY":0,"sourceW":636,"sourceH":137},
"UI_Game_bg_2":{"x":432,"y":1033,"w":196,"h":186,"offX":0,"offY":0,"sourceW":196,"sourceH":186},
"yongyou_bg":{"x":4059,"y":255,"w":30,"h":34,"offX":0,"offY":0,"sourceW":30,"sourceH":34},
"shangdianlan":{"x":639,"y":929,"w":720,"h":94,"offX":0,"offY":0,"sourceW":720,"sourceH":94},
"role_locked":{"x":545,"y":1221,"w":77,"h":95,"offX":0,"offY":0,"sourceW":77,"sourceH":95},
"fanye_zuo":{"x":3763,"y":1120,"w":53,"h":79,"offX":0,"offY":0,"sourceW":53,"sourceH":79},
"shezhi":{"x":529,"y":716,"w":92,"h":41,"offX":0,"offY":0,"sourceW":92,"sourceH":41},
"UI_NewRecord":{"x":3394,"y":430,"w":529,"h":235,"offX":7,"offY":0,"sourceW":541,"sourceH":235},
"jifen_03":{"x":1299,"y":604,"w":229,"h":18,"offX":10,"offY":9,"sourceW":250,"sourceH":37},
"UI_title_2":{"x":2909,"y":1,"w":720,"h":186,"offX":0,"offY":0,"sourceW":720,"sourceH":186},
"xingxing":{"x":1695,"y":1114,"w":140,"h":141,"offX":0,"offY":0,"sourceW":140,"sourceH":141},
"kuang2":{"x":2044,"y":1114,"w":136,"h":136,"offX":0,"offY":0,"sourceW":136,"sourceH":136},
"UI_fanhui_btn":{"x":1760,"y":957,"w":103,"h":75,"offX":0,"offY":0,"sourceW":103,"sourceH":75},
"mail_icon_2":{"x":3987,"y":1296,"w":83,"h":80,"offX":0,"offY":3,"sourceW":83,"sourceH":83},
"huanganniu":{"x":1044,"y":1115,"w":205,"h":95,"offX":0,"offY":0,"sourceW":205,"sourceH":95},
"UI_pifu":{"x":1354,"y":1335,"w":131,"h":41,"offX":0,"offY":0,"sourceW":131,"sourceH":41},
"Img_bubble02":{"x":3187,"y":667,"w":406,"h":238,"offX":0,"offY":0,"sourceW":406,"sourceH":238},
"tipconten":{"x":2181,"y":1255,"w":100,"h":100,"offX":0,"offY":0,"sourceW":100,"sourceH":100},
"Icon_Prop_1":{"x":1252,"y":1249,"w":100,"h":100,"offX":0,"offY":0,"sourceW":100,"sourceH":100},
"UI_jiahao":{"x":545,"y":1318,"w":74,"h":80,"offX":0,"offY":0,"sourceW":74,"sourceH":80},
"levelname4":{"x":3533,"y":189,"w":524,"h":239,"offX":0,"offY":0,"sourceW":524,"sourceH":239},
"UI_duihuansuipian":{"x":2597,"y":809,"w":205,"h":95,"offX":0,"offY":0,"sourceW":205,"sourceH":95},
"UI_searchBottom_img_1":{"x":869,"y":1212,"w":139,"h":93,"offX":0,"offY":0,"sourceW":139,"sourceH":93},
"UI_02":{"x":2868,"y":306,"w":28,"h":32,"offX":0,"offY":0,"sourceW":28,"sourceH":32},
"zianniu":{"x":837,"y":1115,"w":205,"h":95,"offX":0,"offY":0,"sourceW":205,"sourceH":95},
"Img_ArrowDown":{"x":279,"y":1033,"w":151,"h":256,"offX":0,"offY":0,"sourceW":151,"sourceH":256},
"UI_qipao_icon_1":{"x":770,"y":1351,"w":69,"h":56,"offX":0,"offY":0,"sourceW":69,"sourceH":57},
"UI_kuan_13":{"x":1299,"y":625,"w":658,"h":163,"offX":4,"offY":4,"sourceW":666,"sourceH":171},
"UI_mail_icon_2":{"x":1487,"y":1335,"w":72,"h":67,"offX":0,"offY":2,"sourceW":72,"sourceH":72},
"jinbi02":{"x":3089,"y":1265,"w":54,"h":58,"offX":0,"offY":0,"sourceW":54,"sourceH":58},
"Img_round03":{"x":3492,"y":1256,"w":96,"h":96,"offX":0,"offY":0,"sourceW":96,"sourceH":96},
"kuang":{"x":750,"y":1212,"w":117,"h":114,"offX":0,"offY":0,"sourceW":117,"sourceH":114},
"jifen_02":{"x":1,"y":749,"w":229,"h":18,"offX":10,"offY":9,"sourceW":250,"sourceH":37},
"UI_line_1":{"x":3394,"y":396,"w":78,"h":22,"offX":0,"offY":0,"sourceW":78,"sourceH":22},
"UI_kuan_05":{"x":2597,"y":907,"w":616,"h":123,"offX":0,"offY":0,"sourceW":616,"sourceH":123},
"Img_using":{"x":2221,"y":1043,"w":152,"h":54,"offX":0,"offY":0,"sourceW":152,"sourceH":54},
"UI_jianhao":{"x":1788,"y":1330,"w":74,"h":80,"offX":0,"offY":0,"sourceW":74,"sourceH":80},
"UI_Avatar_img_1":{"x":432,"y":1221,"w":111,"h":111,"offX":0,"offY":0,"sourceW":111,"sourceH":111},
"UI_coin_1":{"x":3943,"y":1,"w":150,"h":169,"offX":0,"offY":0,"sourceW":150,"sourceH":169},
"Img_Piece":{"x":3990,"y":1194,"w":100,"h":100,"offX":10,"offY":10,"sourceW":120,"sourceH":120},
"Img_ArrowRight":{"x":2221,"y":1103,"w":256,"h":150,"offX":0,"offY":0,"sourceW":256,"sourceH":150},
"Img_panelBack":{"x":2283,"y":1255,"w":100,"h":100,"offX":0,"offY":0,"sourceW":100,"sourceH":100},
"rule_icon_2":{"x":965,"y":1351,"w":58,"h":56,"offX":0,"offY":0,"sourceW":58,"sourceH":56},
"guoqi":{"x":3263,"y":1217,"w":71,"h":37,"offX":0,"offY":0,"sourceW":71,"sourceH":37},
"UI_kuang":{"x":2909,"y":189,"w":622,"h":205,"offX":1,"offY":1,"sourceW":625,"sourceH":206},
"to906":{"x":3875,"y":1250,"w":110,"h":110,"offX":0,"offY":0,"sourceW":110,"sourceH":110},
"jifentiaokuang":{"x":1816,"y":170,"w":342,"h":33,"offX":0,"offY":0,"sourceW":342,"sourceH":33},
"img_npchead04":{"x":3962,"y":808,"w":120,"h":194,"offX":37,"offY":0,"sourceW":194,"sourceH":194},
"UI_kuan_01":{"x":2384,"y":456,"w":285,"h":157,"offX":0,"offY":0,"sourceW":285,"sourceH":157},
"UI_heidi_bg_1":{"x":1,"y":465,"w":267,"h":53,"offX":0,"offY":0,"sourceW":267,"sourceH":53},
"UI_flower_btn":{"x":1872,"y":790,"w":80,"h":92,"offX":0,"offY":0,"sourceW":80,"sourceH":92},
"shenglizi":{"x":3631,"y":1,"w":310,"h":177,"offX":0,"offY":0,"sourceW":310,"sourceH":177},
"UI_yeqian_icon":{"x":2719,"y":1296,"w":121,"h":58,"offX":0,"offY":0,"sourceW":121,"sourceH":58},
"Img_itemB302":{"x":139,"y":1301,"w":74,"h":87,"offX":0,"offY":0,"sourceW":74,"sourceH":87},
"UI_btn_5":{"x":3263,"y":1258,"w":131,"h":65,"offX":0,"offY":0,"sourceW":131,"sourceH":65},
"UI_btn_4":{"x":799,"y":529,"w":158,"h":66,"offX":1,"offY":0,"sourceW":164,"sourceH":67},
"shibaiguang":{"x":1662,"y":456,"w":720,"h":167,"offX":0,"offY":0,"sourceW":720,"sourceH":167},
"img_npchead01":{"x":3925,"y":430,"w":136,"h":198,"offX":31,"offY":0,"sourceW":198,"sourceH":198},
"UI_BuyFuel_btn":{"x":630,"y":1115,"w":205,"h":95,"offX":0,"offY":0,"sourceW":205,"sourceH":95},
"guang":{"x":1136,"y":1,"w":1049,"h":167,"offX":0,"offY":0,"sourceW":1049,"sourceH":167},
"img_npchead02":{"x":1579,"y":1114,"w":114,"h":184,"offX":35,"offY":0,"sourceW":184,"sourceH":184},
"zuanshi":{"x":2594,"y":1333,"w":74,"h":72,"offX":23,"offY":20,"sourceW":119,"sourceH":111},
"beibao_02":{"x":1136,"y":170,"w":678,"h":191,"offX":0,"offY":0,"sourceW":678,"sourceH":191}}}