{"file":"Game.png","frames":{
"Img_matchRoleBG02":{"x":654,"y":263,"w":215,"h":252,"offX":0,"offY":0,"sourceW":215,"sourceH":252},
"Img_blockType1":{"x":374,"y":706,"w":181,"h":96,"offX":0,"offY":0,"sourceW":181,"sourceH":96},
"img_level01":{"x":870,"y":967,"w":79,"h":45,"offX":0,"offY":0,"sourceW":79,"sourceH":45},
"Img_plane02":{"x":0,"y":503,"w":390,"h":190,"offX":0,"offY":0,"sourceW":390,"sourceH":190},
"Img_levelInfo02":{"x":1530,"y":254,"w":446,"h":252,"offX":0,"offY":0,"sourceW":446,"sourceH":252},
"Img_top01":{"x":118,"y":960,"w":92,"h":58,"offX":0,"offY":0,"sourceW":92,"sourceH":58},
"passed":{"x":203,"y":353,"w":140,"h":146,"offX":13,"offY":23,"sourceW":166,"sourceH":169},
"img_level02":{"x":788,"y":967,"w":80,"h":45,"offX":0,"offY":0,"sourceW":80,"sourceH":45},
"Img_platform02":{"x":871,"y":503,"w":240,"h":150,"offX":0,"offY":0,"sourceW":240,"sourceH":150},
"Img_line04":{"x":1946,"y":751,"w":66,"h":66,"offX":0,"offY":0,"sourceW":66,"sourceH":66},
"Img_platform01":{"x":392,"y":353,"w":240,"h":180,"offX":0,"offY":0,"sourceW":240,"sourceH":180},
"img_level05":{"x":880,"y":903,"w":80,"h":44,"offX":0,"offY":0,"sourceW":80,"sourceH":44},
"img_levelTop":{"x":788,"y":918,"w":90,"h":47,"offX":0,"offY":0,"sourceW":90,"sourceH":47},
"Img_levelInfo01":{"x":1082,"y":249,"w":446,"h":252,"offX":0,"offY":0,"sourceW":446,"sourceH":252},
"Img_buttonSurvival":{"x":541,"y":0,"w":539,"h":261,"offX":0,"offY":0,"sourceW":539,"sourceH":266},
"img_rank2":{"x":1765,"y":731,"w":86,"h":93,"offX":0,"offY":0,"sourceW":86,"sourceH":93},
"img_plane":{"x":1316,"y":550,"w":188,"h":99,"offX":0,"offY":0,"sourceW":188,"sourceH":99},
"img_level04":{"x":962,"y":903,"w":80,"h":44,"offX":0,"offY":0,"sourceW":80,"sourceH":44},
"Img_levelInfo03":{"x":1586,"y":0,"w":446,"h":252,"offX":0,"offY":0,"sourceW":446,"sourceH":252},
"Img_platformblock01":{"x":1788,"y":609,"w":40,"h":40,"offX":0,"offY":0,"sourceW":40,"sourceH":40},
"img_rank3":{"x":1889,"y":656,"w":86,"h":93,"offX":0,"offY":0,"sourceW":86,"sourceH":93},
"Img_Gamemode2":{"x":811,"y":517,"w":54,"h":51,"offX":0,"offY":0,"sourceW":54,"sourceH":51},
"Img_blockLoding":{"x":1777,"y":656,"w":110,"h":73,"offX":0,"offY":0,"sourceW":110,"sourceH":73},
"Img_dikuang":{"x":1465,"y":651,"w":210,"h":70,"offX":1,"offY":0,"sourceW":211,"sourceH":71},
"Img_blinkleft":{"x":259,"y":903,"w":108,"h":108,"offX":0,"offY":0,"sourceW":109,"sourceH":109},
"img_skillLine":{"x":1316,"y":508,"w":533,"h":40,"offX":0,"offY":0,"sourceW":533,"sourceH":40},
"img_flag":{"x":191,"y":852,"w":63,"h":79,"offX":0,"offY":0,"sourceW":63,"sourceH":79},
"Img_chest":{"x":1506,"y":550,"w":152,"h":84,"offX":0,"offY":0,"sourceW":152,"sourceH":84},
"Img_triangle":{"x":811,"y":612,"w":27,"h":39,"offX":0,"offY":0,"sourceW":27,"sourceH":39},
"Img_zhihui":{"x":1946,"y":819,"w":82,"h":21,"offX":2,"offY":0,"sourceW":87,"sourceH":21},
"Img_rope":{"x":719,"y":681,"w":84,"h":235,"offX":0,"offY":0,"sourceW":84,"sourceH":235},
"img_block02":{"x":212,"y":933,"w":30,"h":60,"offX":0,"offY":0,"sourceW":30,"sourceH":60},
"Img_flagpole":{"x":2034,"y":0,"w":12,"h":514,"offX":0,"offY":0,"sourceW":12,"sourceH":514},
"Img_flag01":{"x":1870,"y":851,"w":103,"h":69,"offX":0,"offY":0,"sourceW":103,"sourceH":69},
"Img_blockType3":{"x":374,"y":804,"w":181,"h":96,"offX":0,"offY":0,"sourceW":181,"sourceH":96},
"img_timeLine":{"x":1113,"y":627,"w":110,"h":14,"offX":0,"offY":0,"sourceW":110,"sourceH":14},
"Img_Gamemode3":{"x":560,"y":594,"w":56,"h":55,"offX":0,"offY":0,"sourceW":56,"sourceH":55},
"Img_corner":{"x":1788,"y":550,"w":53,"h":57,"offX":1,"offY":0,"sourceW":55,"sourceH":57},
"img_line03":{"x":0,"y":498,"w":193,"h":2,"offX":0,"offY":0,"sourceW":193,"sourceH":2},
"img_next":{"x":1870,"y":751,"w":74,"h":98,"offX":0,"offY":0,"sourceW":74,"sourceH":98},
"img_npc03":{"x":560,"y":681,"w":157,"h":171,"offX":0,"offY":0,"sourceW":157,"sourceH":171},
"img_levelItembot2":{"x":0,"y":960,"w":116,"h":60,"offX":0,"offY":0,"sourceW":116,"sourceH":60},
"Img_blinkRight":{"x":259,"y":793,"w":108,"h":108,"offX":0,"offY":0,"sourceW":109,"sourceH":109},
"img_ufo":{"x":374,"y":902,"w":142,"h":115,"offX":0,"offY":0,"sourceW":142,"sourceH":115},
"Img_matchBlockBG01":{"x":0,"y":695,"w":189,"h":104,"offX":0,"offY":0,"sourceW":189,"sourceH":104},
"img_final":{"x":811,"y":655,"w":652,"h":41,"offX":0,"offY":0,"sourceW":688,"sourceH":41},
"passing":{"x":392,"y":535,"w":166,"h":169,"offX":0,"offY":0,"sourceW":166,"sourceH":169},
"Img_levelLook2":{"x":1993,"y":579,"w":48,"h":59,"offX":0,"offY":0,"sourceW":48,"sourceH":59},
"Img_flag02":{"x":683,"y":918,"w":103,"h":69,"offX":0,"offY":0,"sourceW":103,"sourceH":69},
"Img_matchRoleBG01":{"x":871,"y":263,"w":176,"h":206,"offX":0,"offY":0,"sourceW":176,"sourceH":206},
"IMG_puse":{"x":557,"y":854,"w":124,"h":124,"offX":11,"offY":39,"sourceW":144,"sourceH":201},
"img_blockBg01":{"x":683,"y":854,"w":30,"h":60,"offX":0,"offY":0,"sourceW":30,"sourceH":60},
"img_line01":{"x":634,"y":517,"w":175,"h":162,"offX":0,"offY":0,"sourceW":175,"sourceH":162},
"Img_line02":{"x":0,"y":353,"w":201,"h":143,"offX":0,"offY":0,"sourceW":201,"sourceH":143},
"Img_platform03":{"x":1082,"y":0,"w":502,"h":247,"offX":0,"offY":0,"sourceW":502,"sourceH":247},
"Img_blockType2":{"x":191,"y":695,"w":181,"h":96,"offX":0,"offY":0,"sourceW":181,"sourceH":96},
"Img_matchBlockBG02":{"x":0,"y":854,"w":189,"h":104,"offX":0,"offY":0,"sourceW":189,"sourceH":104},
"Img_Gamemode1":{"x":1977,"y":656,"w":64,"h":60,"offX":0,"offY":0,"sourceW":64,"sourceH":60},
"Img_buttonEndless":{"x":0,"y":0,"w":539,"h":261,"offX":0,"offY":0,"sourceW":539,"sourceH":266},
"UI_gameback_btn":{"x":1765,"y":826,"w":103,"h":75,"offX":0,"offY":0,"sourceW":103,"sourceH":75},
"Img_loaing":{"x":0,"y":801,"w":257,"h":49,"offX":2,"offY":1,"sourceW":262,"sourceH":50},
"Img_levelLook":{"x":1993,"y":516,"w":49,"h":61,"offX":0,"offY":0,"sourceW":49,"sourceH":61},
"Img_endlessRank":{"x":1660,"y":550,"w":126,"h":75,"offX":0,"offY":2,"sourceW":126,"sourceH":77},
"img_levelItembot":{"x":1113,"y":503,"w":201,"h":122,"offX":0,"offY":0,"sourceW":201,"sourceH":122},
"img_level03":{"x":951,"y":949,"w":80,"h":43,"offX":0,"offY":0,"sourceW":80,"sourceH":43},
"img_bottom01":{"x":0,"y":263,"w":652,"h":88,"offX":0,"offY":0,"sourceW":652,"sourceH":88},
"Img_platformblock02":{"x":811,"y":570,"w":40,"h":40,"offX":0,"offY":0,"sourceW":40,"sourceH":40},
"img_locate":{"x":560,"y":535,"w":64,"h":57,"offX":0,"offY":0,"sourceW":64,"sourceH":57},
"img_skill01":{"x":1677,"y":627,"w":98,"h":93,"offX":0,"offY":0,"sourceW":98,"sourceH":93},
"img_rank1":{"x":1677,"y":722,"w":86,"h":93,"offX":0,"offY":0,"sourceW":86,"sourceH":93},
"unpass":{"x":1851,"y":508,"w":140,"h":146,"offX":13,"offY":23,"sourceW":166,"sourceH":169}}}