{"file":"HallAtlas.png","frames":{
"guanbi":{"x":873,"y":789,"w":72,"h":78,"offX":0,"offY":0,"sourceW":72,"sourceH":78},
"guangxiao":{"x":697,"y":789,"w":174,"h":175,"offX":0,"offY":0,"sourceW":174,"sourceH":175},
"anniu02":{"x":740,"y":0,"w":242,"h":103,"offX":1,"offY":2,"sourceW":244,"sourceH":105},
"anniu01":{"x":740,"y":105,"w":242,"h":103,"offX":1,"offY":2,"sourceW":244,"sourceH":105},
"hall_fangjg_btn":{"x":0,"y":0,"w":738,"h":326,"offX":0,"offY":0,"sourceW":738,"sourceH":326},
"hall_ldg_btn":{"x":0,"y":646,"w":695,"h":317,"offX":43,"offY":0,"sourceW":738,"sourceH":326},
"hall_logo":{"x":697,"y":646,"w":248,"h":141,"offX":0,"offY":0,"sourceW":248,"sourceH":141},
"hall_sandixie_btn":{"x":0,"y":328,"w":738,"h":316,"offX":0,"offY":1,"sourceW":738,"sourceH":326}}}