{"file":"LoginAtlas.png","frames":{
"img_toggle01":{"x":903,"y":265,"w":37,"h":32,"offX":0,"offY":0,"sourceW":37,"sourceH":32},
"dl_zhanghao":{"x":719,"y":1,"w":286,"h":106,"offX":4,"offY":5,"sourceW":294,"sourceH":114},
"dl_kuang":{"x":1,"y":520,"w":408,"h":133,"offX":0,"offY":1,"sourceW":408,"sourceH":136},
"dl_mima01":{"x":951,"y":217,"w":46,"h":46,"offX":0,"offY":0,"sourceW":46,"sourceH":46},
"dl_mima02":{"x":903,"y":217,"w":46,"h":46,"offX":0,"offY":0,"sourceW":46,"sourceH":46},
"dl_QQ":{"x":811,"y":217,"w":90,"h":90,"offX":3,"offY":3,"sourceW":95,"sourceH":95},
"dl_shuruk":{"x":411,"y":520,"w":500,"h":76,"offX":2,"offY":1,"sourceW":504,"sourceH":78},
"dl_weixin":{"x":719,"y":217,"w":90,"h":90,"offX":3,"offY":3,"sourceW":95,"sourceH":95},
"dl_youke":{"x":719,"y":109,"w":285,"h":106,"offX":5,"offY":5,"sourceW":294,"sourceH":114},
"logo":{"x":1,"y":1,"w":716,"h":517,"offX":4,"offY":0,"sourceW":720,"sourceH":517}}}