{"file":"skill_icon.png","frames":{
"skill_icon_10302":{"x":415,"y":434,"w":68,"h":74,"offX":0,"offY":0,"sourceW":68,"sourceH":74},
"skill_icon_20101":{"x":256,"y":128,"w":85,"h":90,"offX":0,"offY":0,"sourceW":85,"sourceH":90},
"skill_icon_20201":{"x":128,"y":256,"w":126,"h":126,"offX":2,"offY":2,"sourceW":130,"sourceH":130},
"skill_icon_20202":{"x":128,"y":128,"w":126,"h":126,"offX":2,"offY":2,"sourceW":130,"sourceH":130},
"skill_icon_20203":{"x":346,"y":299,"w":65,"h":57,"offX":0,"offY":0,"sourceW":65,"sourceH":57},
"skill_icon_20204":{"x":256,"y":220,"w":96,"h":77,"offX":0,"offY":0,"sourceW":96,"sourceH":77},
"skill_buf_bg":{"x":234,"y":384,"w":104,"h":103,"offX":0,"offY":0,"sourceW":104,"sourceH":103},
"skill_dbuf_bg":{"x":128,"y":384,"w":104,"h":103,"offX":0,"offY":0,"sourceW":104,"sourceH":103},
"skill_icon_10101":{"x":346,"y":434,"w":67,"h":76,"offX":0,"offY":0,"sourceW":67,"sourceH":76},
"skill_icon_10103":{"x":343,"y":128,"w":84,"h":85,"offX":0,"offY":0,"sourceW":84,"sourceH":85},
"skill_icon_10202":{"x":384,"y":0,"w":126,"h":126,"offX":2,"offY":2,"sourceW":130,"sourceH":130},
"skill_icon_10204":{"x":340,"y":365,"w":77,"h":67,"offX":0,"offY":0,"sourceW":77,"sourceH":67},
"skill_icon_10205":{"x":256,"y":299,"w":88,"h":64,"offX":0,"offY":0,"sourceW":88,"sourceH":64},
"skill_icon_90601":{"x":256,"y":0,"w":126,"h":126,"offX":2,"offY":2,"sourceW":130,"sourceH":130},
"skill_icon_90101":{"x":128,"y":0,"w":126,"h":126,"offX":2,"offY":2,"sourceW":130,"sourceH":130},
"skill_icon_90201":{"x":0,"y":384,"w":126,"h":126,"offX":2,"offY":2,"sourceW":130,"sourceH":130},
"skill_icon_90301":{"x":0,"y":256,"w":126,"h":126,"offX":2,"offY":2,"sourceW":130,"sourceH":130},
"skill_icon_90404":{"x":0,"y":128,"w":126,"h":126,"offX":2,"offY":2,"sourceW":130,"sourceH":130},
"skill_icon_90501":{"x":0,"y":0,"w":126,"h":126,"offX":2,"offY":2,"sourceW":130,"sourceH":130}}}