{"file":"yishuzi.png","frames":{
"pifu02":{"x":418,"y":767,"w":69,"h":34,"offX":0,"offY":0,"sourceW":69,"sourceH":34},
"jifenjiacheng":{"x":86,"y":749,"w":112,"h":28,"offX":0,"offY":0,"sourceW":115,"sourceH":28},
"kuaisupipei":{"x":813,"y":352,"w":160,"h":41,"offX":3,"offY":0,"sourceW":168,"sourceH":41},
"fasongyanzhengma":{"x":353,"y":615,"w":140,"h":31,"offX":0,"offY":0,"sourceW":141,"sourceH":31},
"chengjiu02":{"x":483,"y":681,"w":88,"h":41,"offX":0,"offY":0,"sourceW":88,"sourceH":42},
"xinjilu":{"x":1,"y":1,"w":207,"h":73,"offX":2,"offY":2,"sourceW":210,"sourceH":75},
"ceng":{"x":662,"y":280,"w":28,"h":27,"offX":0,"offY":0,"sourceW":28,"sourceH":27},
"fuwuqituijian":{"x":107,"y":613,"w":142,"h":32,"offX":0,"offY":0,"sourceW":142,"sourceH":32},
"lingqujiangli":{"x":327,"y":244,"w":160,"h":44,"offX":0,"offY":0,"sourceW":160,"sourceH":44},
"shiyong":{"x":200,"y":749,"w":66,"h":36,"offX":0,"offY":0,"sourceW":66,"sourceH":36},
"tianjia":{"x":71,"y":779,"w":70,"h":33,"offX":0,"offY":0,"sourceW":70,"sourceH":33},
"qianwangchongzhi":{"x":549,"y":234,"w":160,"h":44,"offX":0,"offY":0,"sourceW":160,"sourceH":44},
"qq":{"x":1,"y":766,"w":68,"h":37,"offX":0,"offY":2,"sourceW":68,"sourceH":41},
"wogangtongguolenansita":{"x":647,"y":54,"w":287,"h":36,"offX":7,"offY":2,"sourceW":303,"sourceH":40},
"paihang":{"x":512,"y":564,"w":104,"h":47,"offX":0,"offY":0,"sourceW":106,"sourceH":47},
"lingqu":{"x":350,"y":767,"w":66,"h":36,"offX":0,"offY":0,"sourceW":66,"sourceH":36},
"zhucebiaoti":{"x":573,"y":698,"w":84,"h":41,"offX":0,"offY":0,"sourceW":84,"sourceH":41},
"weibo":{"x":720,"y":688,"w":85,"h":41,"offX":0,"offY":0,"sourceW":87,"sourceH":41},
"pengyouquan":{"x":154,"y":525,"w":120,"h":41,"offX":0,"offY":0,"sourceW":120,"sourceH":41},
"huodong":{"x":1,"y":536,"w":105,"h":47,"offX":0,"offY":0,"sourceW":105,"sourceH":47},
"huoxing":{"x":861,"y":592,"w":100,"h":46,"offX":0,"offY":0,"sourceW":101,"sourceH":47},
"quxiao":{"x":807,"y":717,"w":83,"h":41,"offX":0,"offY":0,"sourceW":84,"sourceH":41},
"tuichuzhanghao":{"x":1,"y":213,"w":161,"h":44,"offX":0,"offY":0,"sourceW":161,"sourceH":44},
"shengcunmanxue":{"x":659,"y":731,"w":112,"h":28,"offX":0,"offY":0,"sourceW":115,"sourceH":28},
"shengli2":{"x":617,"y":827,"w":63,"h":28,"offX":1,"offY":0,"sourceW":65,"sourceH":28},
"xitongtishi":{"x":824,"y":309,"w":160,"h":41,"offX":4,"offY":0,"sourceW":168,"sourceH":41},
"yijianshanchu":{"x":163,"y":259,"w":160,"h":43,"offX":0,"offY":0,"sourceW":160,"sourceH":43},
"shouchon":{"x":694,"y":791,"w":73,"h":31,"offX":0,"offY":0,"sourceW":73,"sourceH":31},
"fangqibisai":{"x":755,"y":484,"w":137,"h":38,"offX":0,"offY":0,"sourceW":137,"sourceH":38},
"weixin":{"x":1,"y":723,"w":83,"h":41,"offX":1,"offY":0,"sourceW":87,"sourceH":41},
"zhuankuaishu":{"x":653,"y":761,"w":89,"h":28,"offX":0,"offY":0,"sourceW":89,"sourceH":28},
"zailaiyiju":{"x":325,"y":290,"w":162,"h":41,"offX":1,"offY":0,"sourceW":163,"sourceH":41},
"kaishi":{"x":317,"y":682,"w":86,"h":41,"offX":3,"offY":0,"sourceW":91,"sourceH":41},
"beibao":{"x":383,"y":567,"w":104,"h":46,"offX":0,"offY":0,"sourceW":104,"sourceH":46},
"shangcheng":{"x":890,"y":543,"w":105,"h":47,"offX":0,"offY":0,"sourceW":106,"sourceH":47},
"jingsubudao":{"x":713,"y":188,"w":112,"h":28,"offX":0,"offY":0,"sourceW":115,"sourceH":28},
"guan":{"x":963,"y":592,"w":52,"h":39,"offX":1,"offY":0,"sourceW":55,"sourceH":39},
"ranliao02":{"x":489,"y":244,"w":57,"h":33,"offX":0,"offY":0,"sourceW":57,"sourceH":33},
"goumairuchangquan":{"x":489,"y":280,"w":171,"h":39,"offX":0,"offY":0,"sourceW":171,"sourceH":39},
"shengli":{"x":876,"y":218,"w":119,"h":59,"offX":4,"offY":2,"sourceW":126,"sourceH":62},
"lishizuigao":{"x":210,"y":50,"w":217,"h":52,"offX":0,"offY":1,"sourceW":219,"sourceH":54},
"zhanghao":{"x":1,"y":681,"w":92,"h":40,"offX":0,"offY":0,"sourceW":92,"sourceH":40},
"xuanyaoyixia":{"x":108,"y":568,"w":131,"h":37,"offX":0,"offY":0,"sourceW":131,"sourceH":37},
"quxiaopipei":{"x":489,"y":321,"w":160,"h":41,"offX":3,"offY":0,"sourceW":168,"sourceH":41},
"waixingren":{"x":650,"y":526,"w":103,"h":34,"offX":0,"offY":0,"sourceW":103,"sourceH":34},
"yiyongyoi":{"x":908,"y":92,"w":102,"h":78,"offX":0,"offY":0,"sourceW":102,"sourceH":78},
"huodechengjiu":{"x":353,"y":648,"w":128,"h":32,"offX":0,"offY":0,"sourceW":128,"sourceH":32},
"jianhao":{"x":936,"y":82,"w":17,"h":7,"offX":0,"offY":0,"sourceW":17,"sourceH":7},
"wujinpaihang":{"x":187,"y":104,"w":184,"h":45,"offX":0,"offY":1,"sourceW":185,"sourceH":47},
"jiaose02":{"x":489,"y":767,"w":68,"h":34,"offX":0,"offY":0,"sourceW":68,"sourceH":34},
"ranliao+goumai":{"x":482,"y":442,"w":138,"h":39,"offX":0,"offY":0,"sourceW":138,"sourceH":39},
"haoyou":{"x":873,"y":760,"w":78,"h":39,"offX":0,"offY":2,"sourceW":78,"sourceH":43},
"yezhixing":{"x":1,"y":391,"w":137,"h":46,"offX":0,"offY":1,"sourceW":138,"sourceH":47},
"chenghao":{"x":953,"y":800,"w":65,"h":34,"offX":0,"offY":0,"sourceW":65,"sourceH":34},
"ranliao+jinbi":{"x":140,"y":424,"w":185,"h":33,"offX":0,"offY":0,"sourceW":185,"sourceH":33},
"jingsu":{"x":1,"y":439,"w":107,"h":51,"offX":0,"offY":0,"sourceW":107,"sourceH":51},
"chaozhilibao":{"x":483,"y":648,"w":128,"h":31,"offX":0,"offY":0,"sourceW":128,"sourceH":31},
"jiangli":{"x":921,"y":674,"w":90,"h":41,"offX":2,"offY":2,"sourceW":94,"sourceH":45},
"ranlian":{"x":952,"y":1,"w":70,"h":38,"offX":0,"offY":0,"sourceW":70,"sourceH":38},
"daoju02":{"x":268,"y":768,"w":70,"h":33,"offX":0,"offY":0,"sourceW":70,"sourceH":33},
"fenxiang":{"x":95,"y":691,"w":85,"h":41,"offX":2,"offY":0,"sourceW":88,"sourceH":41},
"ranliaogoumai":{"x":110,"y":459,"w":138,"h":39,"offX":0,"offY":0,"sourceW":138,"sourceH":39},
"quanbujujue":{"x":549,"y":188,"w":162,"h":44,"offX":0,"offY":0,"sourceW":162,"sourceH":44},
"zi_likegoumai":{"x":512,"y":526,"w":136,"h":36,"offX":0,"offY":0,"sourceW":136,"sourceH":36},
"fuhuo":{"x":228,"y":660,"w":87,"h":44,"offX":3,"offY":0,"sourceW":91,"sourceH":45},
"zaishiyivi":{"x":755,"y":524,"w":133,"h":37,"offX":0,"offY":0,"sourceW":133,"sourceH":37},
"huidaoyouxi":{"x":488,"y":364,"w":158,"h":41,"offX":4,"offY":0,"sourceW":163,"sourceH":41},
"xitongtishi2":{"x":373,"y":104,"w":179,"h":46,"offX":0,"offY":0,"sourceW":179,"sourceH":46},
"guize":{"x":952,"y":41,"w":68,"h":39,"offX":0,"offY":0,"sourceW":68,"sourceH":39},
"wojinmoshi":{"x":1,"y":76,"w":184,"h":47,"offX":0,"offY":0,"sourceW":185,"sourceH":47},
"jiahao":{"x":187,"y":76,"w":20,"h":20,"offX":0,"offY":0,"sourceW":20,"sourceH":20},
"tongyi":{"x":70,"y":814,"w":58,"h":32,"offX":0,"offY":0,"sourceW":58,"sourceH":32},
"bisaiguize":{"x":762,"y":443,"w":138,"h":39,"offX":0,"offY":0,"sourceW":138,"sourceH":39},
"sousuozhong":{"x":554,"y":126,"w":150,"h":51,"offX":1,"offY":0,"sourceW":151,"sourceH":51},
"tianjiahaoyou":{"x":720,"y":613,"w":124,"h":34,"offX":0,"offY":0,"sourceW":124,"sourceH":34},
"jujue":{"x":347,"y":805,"w":60,"h":32,"offX":0,"offY":0,"sourceW":60,"sourceH":32},
"youkedenglu":{"x":835,"y":172,"w":162,"h":44,"offX":0,"offY":1,"sourceW":163,"sourceH":45},
"shengju":{"x":130,"y":822,"w":64,"h":28,"offX":0,"offY":0,"sourceW":64,"sourceH":28},
"guancaiban":{"x":495,"y":613,"w":97,"h":33,"offX":0,"offY":0,"sourceW":97,"sourceH":34},
"di":{"x":977,"y":717,"w":40,"h":40,"offX":0,"offY":0,"sourceW":40,"sourceH":41},
"fenshu":{"x":429,"y":50,"w":216,"h":52,"offX":1,"offY":1,"sourceW":219,"sourceH":54},
"queren":{"x":389,"y":484,"w":68,"h":38,"offX":0,"offY":0,"sourceW":68,"sourceH":38},
"xiugai":{"x":924,"y":395,"w":92,"h":44,"offX":0,"offY":0,"sourceW":92,"sourceH":44},
"juesegoumai":{"x":326,"y":333,"w":160,"h":41,"offX":0,"offY":0,"sourceW":160,"sourceH":41},
"chongxinkaishi":{"x":164,"y":333,"w":160,"h":41,"offX":2,"offY":0,"sourceW":163,"sourceH":41},
"jingyan":{"x":214,"y":803,"w":64,"h":34,"offX":0,"offY":0,"sourceW":65,"sourceH":34},
"gaodu":{"x":694,"y":824,"w":64,"h":28,"offX":0,"offY":0,"sourceW":64,"sourceH":28},
"QQfenxiang":{"x":303,"y":376,"w":154,"h":41,"offX":4,"offY":0,"sourceW":163,"sourceH":41},
"jinbi":{"x":953,"y":760,"w":68,"h":38,"offX":0,"offY":0,"sourceW":68,"sourceH":38},
"lijigoumai":{"x":1,"y":259,"w":160,"h":44,"offX":0,"offY":0,"sourceW":160,"sourceH":44},
"ranliao+suipian":{"x":459,"y":407,"w":185,"h":33,"offX":0,"offY":0,"sourceW":185,"sourceH":33},
"suipianduihuan":{"x":482,"y":483,"w":137,"h":39,"offX":0,"offY":0,"sourceW":137,"sourceH":39},
"suipian":{"x":835,"y":126,"w":68,"h":39,"offX":0,"offY":0,"sourceW":68,"sourceH":39},
"meilibang":{"x":773,"y":760,"w":98,"h":31,"offX":0,"offY":0,"sourceW":98,"sourceH":31},
"zaishiyici":{"x":327,"y":442,"w":153,"h":40,"offX":0,"offY":0,"sourceW":153,"sourceH":40},
"xiugainicheng":{"x":651,"y":352,"w":160,"h":41,"offX":0,"offY":0,"sourceW":160,"sourceH":41},
"diguan":{"x":621,"y":484,"w":132,"h":40,"offX":0,"offY":0,"sourceW":132,"sourceH":41},
"pipei":{"x":251,"y":613,"w":100,"h":45,"offX":0,"offY":1,"sourceW":101,"sourceH":47},
"queding":{"x":405,"y":724,"w":82,"h":41,"offX":1,"offY":0,"sourceW":84,"sourceH":41},
"gengduo":{"x":836,"y":801,"w":68,"h":32,"offX":0,"offY":0,"sourceW":68,"sourceH":32},
"xiehao":{"x":936,"y":54,"w":13,"h":24,"offX":0,"offY":0,"sourceW":13,"sourceH":24},
"quanbutongyi":{"x":385,"y":198,"w":162,"h":44,"offX":0,"offY":0,"sourceW":162,"sourceH":44},
"qiehuanzhanghao":{"x":385,"y":152,"w":162,"h":44,"offX":0,"offY":0,"sourceW":162,"sourceH":44},
"daoju":{"x":894,"y":494,"w":106,"h":47,"offX":0,"offY":0,"sourceW":106,"sourceH":47},
"shanchu02":{"x":280,"y":803,"w":65,"h":33,"offX":0,"offY":1,"sourceW":67,"sourceH":34},
"shengcun":{"x":757,"y":563,"w":102,"h":48,"offX":1,"offY":1,"sourceW":104,"sourceH":51},
"shangdian":{"x":650,"y":563,"w":105,"h":47,"offX":1,"offY":0,"sourceW":106,"sourceH":47},
"chengjiu":{"x":276,"y":525,"w":105,"h":47,"offX":1,"offY":0,"sourceW":106,"sourceH":47},
"youjian":{"x":1,"y":585,"w":104,"h":46,"offX":1,"offY":0,"sourceW":106,"sourceH":47},
"kajuan02":{"x":143,"y":787,"w":69,"h":33,"offX":0,"offY":0,"sourceW":69,"sourceH":33},
"dasaiguize":{"x":622,"y":443,"w":138,"h":39,"offX":0,"offY":0,"sourceW":138,"sourceH":39},
"lignqu":{"x":625,"y":791,"w":67,"h":34,"offX":0,"offY":0,"sourceW":67,"sourceH":34},
"tijiao":{"x":892,"y":717,"w":83,"h":41,"offX":1,"offY":0,"sourceW":84,"sourceH":41},
"wujinzhoumosai":{"x":210,"y":1,"w":257,"h":47,"offX":0,"offY":0,"sourceW":257,"sourceH":47},
"jiandan":{"x":1,"y":125,"w":128,"h":60,"offX":0,"offY":2,"sourceW":129,"sourceH":64},
"chuangguan":{"x":484,"y":803,"w":65,"h":32,"offX":0,"offY":0,"sourceW":65,"sourceH":32},
"xuan yao yi xia":{"x":846,"y":640,"w":129,"h":32,"offX":0,"offY":0,"sourceW":129,"sourceH":32},
"duizhan":{"x":1,"y":805,"w":67,"h":31,"offX":0,"offY":0,"sourceW":67,"sourceH":31},
"maohao":{"x":1012,"y":82,"w":9,"h":17,"offX":0,"offY":0,"sourceW":9,"sourceH":17},
"kunnan":{"x":131,"y":151,"w":124,"h":60,"offX":4,"offY":2,"sourceW":132,"sourceH":62},
"ge":{"x":327,"y":213,"w":28,"h":27,"offX":0,"offY":0,"sourceW":28,"sourceH":27},
"chenghao0":{"x":554,"y":104,"w":19,"h":17,"offX":0,"offY":0,"sourceW":19,"sourceH":17},
"shibai":{"x":706,"y":126,"w":127,"h":60,"offX":0,"offY":2,"sourceW":127,"sourceH":63},
"goumai+chuandai":{"x":1,"y":500,"w":151,"h":34,"offX":0,"offY":0,"sourceW":151,"sourceH":34},
"xiayiguan":{"x":613,"y":659,"w":105,"h":37,"offX":0,"offY":0,"sourceW":105,"sourceH":37},
"bingshuangxing":{"x":786,"y":395,"w":136,"h":46,"offX":1,"offY":1,"sourceW":138,"sourceH":47},
"zhuce":{"x":182,"y":706,"w":84,"h":41,"offX":0,"offY":0,"sourceW":84,"sourceH":41},
"Img_defen":{"x":131,"y":647,"w":95,"h":42,"offX":3,"offY":1,"sourceW":103,"sourceH":43},
"tongshi_pifu、":{"x":647,"y":92,"w":259,"h":32,"offX":0,"offY":0,"sourceW":259,"sourceH":32},
"yijianlingqu":{"x":711,"y":264,"w":160,"h":43,"offX":0,"offY":0,"sourceW":160,"sourceH":43},
"jifen":{"x":418,"y":803,"w":64,"h":33,"offX":1,"offY":0,"sourceW":65,"sourceH":33},
"qiandao":{"x":268,"y":725,"w":80,"h":41,"offX":2,"offY":0,"sourceW":84,"sourceH":41},
"xitong":{"x":573,"y":741,"w":78,"h":40,"offX":0,"offY":2,"sourceW":78,"sourceH":44},
"guan2":{"x":975,"y":352,"w":40,"h":40,"offX":1,"offY":0,"sourceW":41,"sourceH":41},
"shijian":{"x":551,"y":821,"w":64,"h":28,"offX":2,"offY":0,"sourceW":73,"sourceH":28},
"pintuwudiaoluo":{"x":873,"y":279,"w":139,"h":28,"offX":0,"offY":0,"sourceW":139,"sourceH":28},
"fanhui":{"x":489,"y":724,"w":82,"h":41,"offX":1,"offY":0,"sourceW":84,"sourceH":41},
"paibangbang":{"x":389,"y":524,"w":121,"h":41,"offX":0,"offY":0,"sourceW":121,"sourceH":41},
"huangjin":{"x":648,"y":395,"w":136,"h":46,"offX":1,"offY":0,"sourceW":138,"sourceH":47},
"lijiqianwang":{"x":713,"y":218,"w":161,"h":44,"offX":0,"offY":0,"sourceW":161,"sourceH":44},
"chushou":{"x":559,"y":783,"w":64,"h":36,"offX":0,"offY":0,"sourceW":64,"sourceH":36},
"zaixianjiangli":{"x":1,"y":647,"w":128,"h":32,"offX":0,"offY":0,"sourceW":128,"sourceH":32},
"pingtu":{"x":902,"y":443,"w":102,"h":49,"offX":0,"offY":1,"sourceW":103,"sourceH":51},
"zhaohuimima":{"x":1,"y":305,"w":161,"h":41,"offX":3,"offY":0,"sourceW":168,"sourceH":41},
"susuozhong":{"x":163,"y":376,"w":138,"h":46,"offX":1,"offY":1,"sourceW":140,"sourceH":47},
"jinbigoumai":{"x":250,"y":484,"w":137,"h":39,"offX":0,"offY":0,"sourceW":137,"sourceH":39},
"yaoqinghaoyou":{"x":1,"y":348,"w":160,"h":41,"offX":4,"offY":0,"sourceW":168,"sourceH":41},
"huode":{"x":769,"y":793,"w":65,"h":34,"offX":0,"offY":0,"sourceW":65,"sourceH":34},
"sixing":{"x":618,"y":612,"w":100,"h":45,"offX":0,"offY":1,"sourceW":101,"sourceH":47},
"fanhuidating":{"x":241,"y":574,"w":131,"h":37,"offX":0,"offY":0,"sourceW":131,"sourceH":37},
"tuichuyouxi":{"x":662,"y":309,"w":160,"h":41,"offX":1,"offY":0,"sourceW":163,"sourceH":41},
"jixunuli":{"x":728,"y":1,"w":222,"h":51,"offX":8,"offY":0,"sourceW":241,"sourceH":51},
"wujingzhoumosai":{"x":469,"y":1,"w":257,"h":47,"offX":0,"offY":0,"sourceW":257,"sourceH":47},
"shezhi":{"x":827,"y":674,"w":92,"h":41,"offX":0,"offY":0,"sourceW":92,"sourceH":41},
"ST":{"x":131,"y":125,"w":39,"h":23,"offX":0,"offY":0,"sourceW":39,"sourceH":23},
"putong":{"x":257,"y":152,"w":126,"h":59,"offX":3,"offY":3,"sourceW":132,"sourceH":62},
"dl_zhwenzi":{"x":164,"y":213,"w":161,"h":44,"offX":0,"offY":1,"sourceW":163,"sourceH":45},
"duihuan":{"x":405,"y":682,"w":73,"h":40,"offX":0,"offY":0,"sourceW":73,"sourceH":40},
"yilingqu":{"x":720,"y":649,"w":105,"h":37,"offX":0,"offY":0,"sourceW":105,"sourceH":37}}}