{"imagePath":"js1_tex.png","width":512,"SubTexture":[{"frameWidth":139,"y":1,"frameX":-2,"frameHeight":265,"frameY":0,"width":135,"height":263,"name":"2","x":1},{"width":1,"y":235,"height":1,"name":"hou","x":198},{"width":104,"y":204,"height":48,"name":"zuo","x":280},{"width":31,"y":235,"height":20,"name":"er2","x":246},{"width":21,"y":227,"height":27,"name":"gebo2","x":386},{"width":58,"y":206,"height":34,"name":"shou2","x":138},{"width":57,"y":1,"height":70,"name":"tou","x":419},{"width":66,"y":204,"height":77,"name":"shen","x":415},{"width":23,"y":206,"height":25,"name":"gebo1","x":248},{"width":67,"y":242,"height":21,"name":"lingzi2","x":138},{"width":27,"y":204,"height":21,"name":"lingzi1","x":386},{"width":10,"y":1,"height":14,"name":"kou","x":501},{"width":10,"y":257,"height":5,"name":"zuiba1","x":246},{"width":48,"y":206,"height":27,"name":"er1","x":198},{"width":9,"y":254,"height":9,"name":"yan1","x":310},{"width":9,"y":254,"height":8,"name":"yan2","x":321},{"width":37,"y":235,"height":23,"name":"shou1","x":207},{"width":29,"y":254,"height":5,"name":"biyan","x":279},{"frameWidth":140,"y":266,"frameX":-2,"frameHeight":238,"frameY":-5,"width":134,"height":231,"name":"9","x":1},{"width":21,"y":1,"height":13,"name":"zuibaK","x":478},{"frameWidth":144,"y":1,"frameX":-5,"frameHeight":214,"frameY":-11,"width":137,"height":201,"name":"3","x":280},{"frameWidth":136,"y":266,"frameX":-2,"frameHeight":238,"frameY":-11,"width":133,"height":225,"name":"5","x":137},{"frameWidth":144,"y":1,"frameX":-2,"frameHeight":214,"frameY":-9,"width":140,"height":203,"name":"8","x":138},{"frameWidth":144,"y":266,"frameX":-2,"frameHeight":238,"frameY":-26,"width":141,"height":210,"name":"4","x":272}],"height":512,"name":"js1"}