{
  "global": {
    "globalAdsorbEnable": false,
    "globalAutoLayerMarkEnable": false,
    "gridColor": 8421504,
    "gridEnabled": false,
    "gridSize": 20,
    "globalRulerEnable": true
  },
  "16029aaba3c": {
    "guideLinesEnabled": false,
    "guideLines": [
      {
        "type": "v",
        "pos": 98
      },
      {
        "type": "h",
        "pos": 576
      },
      {
        "type": "h",
        "pos": 583
      },
      {
        "type": "h",
        "pos": 589.333
      },
      {
        "type": "h",
        "pos": 557.333
      },
      {
        "type": "h",
        "pos": 590.667
      },
      {
        "type": "h",
        "pos": 629.333
      },
      {
        "type": "h",
        "pos": 908
      }
    ]
  },
  "16029abbc76": {
    "guideLines": [
      {
        "type": "h",
        "pos": 1082
      },
      {
        "type": "h",
        "pos": 520
      }
    ],
    "guideLinesEnabled": true
  },
  "16029aca6e0": {
    "guideLinesEnabled": false,
    "guideLines": [
      {
        "type": "h",
        "pos": 582
      }
    ]
  },
  "16029fb181e": {
    "guideLinesEnabled": true,
    "guideLines": [
      {
        "type": "h",
        "pos": 457
      }
    ]
  },
  "1602b36e7d1": {
    "guideLinesEnabled": true,
    "guideLines": [
      {
        "type": "h",
        "pos": 225
      }
    ]
  },
  "15e98da49b6": {
    "guideLinesEnabled": true,
    "guideLines": [
      {
        "type": "h",
        "pos": 877
      }
    ]
  },
  "1604de9db36": {
    "guideLinesEnabled": false,
    "guideLines": [
      {
        "type": "v",
        "pos": 318.667
      },
      {
        "type": "h",
        "pos": 1106
      },
      {
        "type": "h",
        "pos": 585.333
      },
      {
        "type": "h",
        "pos": 649.333
      },
      {
        "type": "h",
        "pos": 716
      },
      {
        "type": "h",
        "pos": 774.667
      }
    ]
  },
  "1604e8a28e4": {
    "guideLinesEnabled": false
  },
  "16058ebc34f": {
    "guideLinesEnabled": true,
    "guideLines": [
      {
        "type": "h",
        "pos": 914
      },
      {
        "type": "h",
        "pos": 306
      }
    ]
  },
  "1607cf739ba": {
    "guideLinesEnabled": true,
    "guideLines": [
      {
        "type": "h",
        "pos": 832
      }
    ]
  },
  "1607d2bbdb3": {
    "guideLinesEnabled": false,
    "guideLines": [
      {
        "type": "h",
        "pos": 833
      }
    ]
  },
  "1608cbfc3a4": {
    "guideLinesEnabled": true
  },
  "1609ab2f475": {
    "guideLinesEnabled": false
  },
  "160a056a556": {
    "guideLinesEnabled": true,
    "guideLines": [
      {
        "type": "v",
        "pos": 360
      }
    ]
  },
  "160b5036ea8": {
    "guideLinesEnabled": false
  }
}