{
	"native": {
		"path_ignore": [],
		"android_path": "../../../mytower2"
	},
	"publish": {
		"web": 0,
		"native": 1,
		"path": "bin-release"
	},
	"egret_version": "5.0.11",
	"modules": [
		{
			"name": "egret"
		},
		{
			"name": "game"
		},
		{
			"name": "res"
		},
		{
			"name": "eui"
		},
		{
			"name": "tween"
		},
		{
			"name": "socket"
		},
		{
			"name": "cryptoJS",
			"path": "modules/cryptoJS"
		},
		{
			"name": "dragonBones"
		},
		{
			"name": "Box2DEgret",
			"path": "modules/Box2DEgret"
		},
		{
			"name": "mouse",
			"path": "modules/mouse"
		},
		{
			"name": "uploader",
			"path": "modules/h5uploader"
		}
		,
		{
			"name": "zlib",
			"path": "modules/zlib"
		},
		{
			"name": "promise",
			"path": "./promise"
		}
	]
}