{"frameRate":24,"armature":[{"aabb":{"width":720,"y":-82.5,"height":165,"x":-360},"ik":[],"type":"armature","frameRate":24,"animation":[{"duration":40,"playTimes":0,"frame":[],"slot":[{"displayFrame":[{"duration":4,"tweenEasing":null},{"duration":36,"tweenEasing":null}],"colorFrame":[{"duration":4,"tweenEasing":0,"color":{"aM":0}},{"duration":36,"tweenEasing":null}],"name":"shibaizi"},{"displayFrame":[{"duration":4,"tweenEasing":null},{"duration":36,"tweenEasing":null}],"colorFrame":[{"duration":4,"tweenEasing":0,"color":{"aM":0}},{"duration":36,"tweenEasing":null}],"name":"shibaidi"},{"displayFrame":[{"duration":9,"tweenEasing":null},{"duration":3,"tweenEasing":null},{"duration":11,"tweenEasing":null},{"duration":17,"tweenEasing":null}],"colorFrame":[{"duration":9,"tweenEasing":0,"color":{"aM":0}},{"duration":3,"tweenEasing":0,"color":{"aM":0}},{"duration":11,"tweenEasing":0},{"duration":17,"tweenEasing":null,"color":{"aM":0}}],"name":"shangdianlan"}],"ffd":[],"name":"newAnimation","bone":[{"translateFrame":[],"scaleFrame":[],"rotateFrame":[],"name":"root"},{"translateFrame":[{"duration":8,"tweenEasing":0,"y":-409},{"duration":3,"tweenEasing":0},{"duration":5,"tweenEasing":0},{"duration":24,"tweenEasing":0,"y":17},{"duration":0,"y":17}],"scaleFrame":[{"duration":8,"tweenEasing":0},{"duration":3,"tweenEasing":0},{"duration":5,"tweenEasing":0},{"duration":24,"tweenEasing":0},{"duration":0}],"rotateFrame":[{"duration":8,"tweenEasing":0},{"duration":3,"tweenEasing":0},{"duration":5,"tweenEasing":0},{"duration":24,"tweenEasing":0,"rotate":-11},{"duration":0,"rotate":-11}],"name":"shibai"},{"translateFrame":[],"scaleFrame":[],"rotateFrame":[],"name":"chibang"},{"translateFrame":[],"scaleFrame":[],"rotateFrame":[],"name":"flash"}]}],"defaultActions":[{"gotoAndPlay":"newAnimation"}],"slot":[{"name":"shibaidi","parent":"chibang","color":{}},{"z":1,"name":"shangdianlan","parent":"flash","color":{}},{"z":2,"name":"shibaizi","parent":"shibai","color":{}}],"name":"Armature","skin":[{"slot":[{"display":[{"path":"shibaizi","type":"image","name":"shibaizi","transform":{}}],"name":"shibaizi"},{"display":[{"path":"shangdianlan","type":"image","name":"shangdianlan","transform":{}}],"name":"shangdianlan"},{"display":[{"path":"shibaidi","type":"image","name":"shibaidi","transform":{}}],"name":"shibaidi"}],"name":""}],"bone":[{"name":"root","transform":{}},{"transform":{},"name":"shibai","parent":"root"},{"transform":{},"name":"chibang","parent":"root"},{"transform":{},"name":"flash","parent":"root"}]}],"name":"ResultLost","version":"5.5","isGlobal":0}