{"armature":[{"slot":[{"name":"xz","parent":"xz","color":{}}],"skin":[{"name":"","slot":[{"display":[{"path":"xz","type":"image","name":"xz","transform":{"y":0.3869,"x":0.5532}}],"name":"xz"}]}],"type":"Armature","name":"Armature","aabb":{"width":152,"y":-82.71313183768353,"height":84,"x":-76.14681986586238},"animation":[{"slot":[{"colorFrame":[],"displayFrame":[],"name":"xz"}],"frame":[],"duration":15,"playTimes":0,"bone":[{"scaleFrame":[],"translateFrame":[],"name":"root","rotateFrame":[]},{"scaleFrame":[{"duration":15}],"translateFrame":[{"duration":3,"tweenEasing":0},{"y":-0.8288,"duration":3,"tweenEasing":0,"x":-11.9076},{"y":4.8779,"duration":3,"tweenEasing":0,"x":-19.2058},{"y":8.0665,"duration":3,"tweenEasing":0,"x":-15.3647},{"y":9.987,"duration":3,"tweenEasing":0,"x":-15.3647},{"y":9.987,"duration":0,"x":-15.3647}],"name":"xz","rotateFrame":[{"duration":3,"tweenEasing":0},{"duration":3,"tweenEasing":0,"rotate":-9.9801},{"duration":3,"tweenEasing":0,"rotate":-15.5806},{"duration":3,"tweenEasing":0,"rotate":-8.2995},{"duration":3,"tweenEasing":0,"rotate":-10.2841},{"duration":0,"rotate":-10.2841}]}],"ffd":[],"name":"box"}],"ik":[],"bone":[{"name":"root","transform":{}},{"transform":{"y":-41.1,"x":-0.7},"name":"xz","parent":"root"}],"frameRate":24,"defaultActions":[{"gotoAndPlay":"box"}]}],"frameRate":24,"isGlobal":0,"name":"box","version":"5.5"}