{"imagePath":"js5_tex.png","width":512,"SubTexture":[{"frameWidth":139,"y":1,"frameX":-2,"frameHeight":265,"frameY":0,"width":135,"height":263,"name":"2","x":1},{"width":23,"y":204,"height":60,"name":"shoubi2","x":383},{"width":82,"y":204,"height":72,"name":"touzhao","x":415},{"width":101,"y":204,"height":60,"name":"tuipan","x":280},{"width":63,"y":206,"height":58,"name":"tou","x":138},{"width":62,"y":1,"height":62,"name":"shen","x":419},{"width":23,"y":64,"height":14,"name":"shou","x":483},{"width":23,"y":1,"height":61,"name":"shoubi1","x":483},{"width":63,"y":206,"height":53,"name":"jiandai","x":203},{"width":6,"y":206,"height":6,"name":"yanzhu2","x":268},{"width":6,"y":214,"height":5,"name":"yanzhu1","x":268},{"frameWidth":140,"y":266,"frameX":-2,"frameHeight":238,"frameY":-5,"width":134,"height":231,"name":"9","x":1},{"frameWidth":144,"y":266,"frameX":-2,"frameHeight":238,"frameY":-26,"width":141,"height":210,"name":"4","x":272},{"frameWidth":144,"y":1,"frameX":-5,"frameHeight":214,"frameY":-11,"width":137,"height":201,"name":"3","x":280},{"frameWidth":136,"y":266,"frameX":-2,"frameHeight":238,"frameY":-11,"width":133,"height":225,"name":"5","x":137},{"frameWidth":144,"y":1,"frameX":-2,"frameHeight":214,"frameY":-9,"width":140,"height":203,"name":"8","x":138}],"height":512,"name":"js5"}