{"frameRate":24,"armature":[{"aabb":{"width":720,"y":-113,"height":226,"x":-360},"ik":[],"type":"armature","frameRate":24,"animation":[{"duration":57,"playTimes":0,"frame":[],"slot":[{"displayFrame":[{"duration":57,"tweenEasing":null}],"colorFrame":[{"duration":57,"tweenEasing":null}],"name":"shenglidi"},{"displayFrame":[{"duration":6,"tweenEasing":null},{"duration":3,"tweenEasing":null},{"duration":3,"tweenEasing":null},{"duration":5,"tweenEasing":null},{"duration":3,"tweenEasing":null},{"duration":3,"tweenEasing":null},{"duration":2,"tweenEasing":null},{"duration":4,"tweenEasing":null},{"duration":28,"tweenEasing":null}],"colorFrame":[{"duration":6,"tweenEasing":0,"color":{"aM":0}},{"duration":3,"tweenEasing":0,"color":{"aM":0}},{"duration":3,"tweenEasing":0},{"duration":5,"tweenEasing":0,"color":{"aM":0}},{"duration":3,"tweenEasing":0,"color":{"aM":0}},{"duration":3,"tweenEasing":0},{"duration":2,"tweenEasing":0,"color":{"aM":0}},{"duration":4,"tweenEasing":0,"color":{"aM":0}},{"duration":28,"tweenEasing":null}],"name":"shandian"},{"displayFrame":[{"duration":57,"tweenEasing":null}],"colorFrame":[{"duration":57,"tweenEasing":null}],"name":"组-3"},{"displayFrame":[{"duration":14,"tweenEasing":null},{"duration":4,"tweenEasing":null},{"duration":4,"tweenEasing":null},{"duration":4,"tweenEasing":null},{"duration":4,"tweenEasing":null},{"duration":4,"tweenEasing":null},{"duration":23,"tweenEasing":null}],"colorFrame":[{"duration":14,"tweenEasing":0,"color":{"aM":0}},{"duration":4,"tweenEasing":0,"color":{"aM":0}},{"duration":4,"tweenEasing":0},{"duration":4,"tweenEasing":0,"color":{"aM":0}},{"duration":4,"tweenEasing":0,"color":{"aM":0}},{"duration":4,"tweenEasing":0},{"duration":23,"tweenEasing":null,"color":{"aM":0}}],"name":"图层 39"},{"displayFrame":[{"duration":15,"tweenEasing":null},{"duration":5,"tweenEasing":null},{"duration":4,"tweenEasing":null},{"duration":4,"tweenEasing":null},{"duration":5,"tweenEasing":null},{"duration":4,"tweenEasing":null},{"duration":20,"tweenEasing":null}],"colorFrame":[{"duration":15,"tweenEasing":0,"color":{"aM":0}},{"duration":5,"tweenEasing":0,"color":{"aM":0}},{"duration":4,"tweenEasing":0},{"duration":4,"tweenEasing":0,"color":{"aM":0}},{"duration":5,"tweenEasing":0,"color":{"aM":0}},{"duration":4,"tweenEasing":0},{"duration":20,"tweenEasing":null,"color":{"aM":0}}],"name":"图层 391"},{"displayFrame":[{"duration":18,"tweenEasing":null},{"duration":4,"tweenEasing":null},{"duration":4,"tweenEasing":null},{"duration":31,"tweenEasing":null}],"colorFrame":[{"duration":18,"tweenEasing":0,"color":{"aM":0}},{"duration":4,"tweenEasing":0,"color":{"aM":0}},{"duration":4,"tweenEasing":0},{"duration":31,"tweenEasing":null,"color":{"aM":0}}],"name":"图层 392"},{"displayFrame":[{"duration":15,"tweenEasing":null},{"duration":4,"tweenEasing":null},{"duration":4,"tweenEasing":null},{"duration":3,"tweenEasing":null},{"duration":4,"tweenEasing":null},{"duration":4,"tweenEasing":null},{"duration":23,"tweenEasing":null}],"colorFrame":[{"duration":15,"tweenEasing":0,"color":{"aM":0}},{"duration":4,"tweenEasing":0,"color":{"aM":0}},{"duration":4,"tweenEasing":0},{"duration":3,"tweenEasing":0,"color":{"aM":0}},{"duration":4,"tweenEasing":0,"color":{"aM":0}},{"duration":4,"tweenEasing":0},{"duration":23,"tweenEasing":null,"color":{"aM":0}}],"name":"图层 3911"},{"displayFrame":[{"duration":22,"tweenEasing":null},{"duration":4,"tweenEasing":null},{"duration":4,"tweenEasing":null},{"duration":27,"tweenEasing":null}],"colorFrame":[{"duration":22,"tweenEasing":0,"color":{"aM":0}},{"duration":4,"tweenEasing":0,"color":{"aM":0}},{"duration":4,"tweenEasing":0},{"duration":27,"tweenEasing":null,"color":{"aM":0}}],"name":"图层 3921"},{"displayFrame":[{"duration":13,"tweenEasing":null},{"duration":4,"tweenEasing":null},{"duration":4,"tweenEasing":null},{"duration":36,"tweenEasing":null}],"colorFrame":[{"duration":13,"tweenEasing":0,"color":{"aM":0}},{"duration":4,"tweenEasing":0,"color":{"aM":0}},{"duration":4,"tweenEasing":0},{"duration":36,"tweenEasing":null,"color":{"aM":0}}],"name":"图层 39111"},{"displayFrame":[{"duration":9,"tweenEasing":null},{"duration":3,"tweenEasing":null},{"duration":3,"tweenEasing":null},{"duration":6,"tweenEasing":null},{"duration":3,"tweenEasing":null},{"duration":3,"tweenEasing":null},{"duration":30,"tweenEasing":null}],"colorFrame":[{"duration":9,"tweenEasing":0,"color":{"aM":0}},{"duration":3,"tweenEasing":0,"color":{"aM":0}},{"duration":3,"tweenEasing":0},{"duration":6,"tweenEasing":0,"color":{"aM":0}},{"duration":3,"tweenEasing":0,"color":{"aM":0}},{"duration":3,"tweenEasing":0},{"duration":30,"tweenEasing":null,"color":{"aM":0}}],"name":"shandian2"},{"displayFrame":[{"duration":12,"tweenEasing":null},{"duration":3,"tweenEasing":null},{"duration":3,"tweenEasing":null},{"duration":39,"tweenEasing":null}],"colorFrame":[{"duration":12,"tweenEasing":0,"color":{"aM":0}},{"duration":3,"tweenEasing":0,"color":{"aM":0}},{"duration":3,"tweenEasing":0},{"duration":39,"tweenEasing":null,"color":{"aM":0}}],"name":"shandian3"}],"ffd":[],"name":"newAnimation","bone":[{"translateFrame":[],"scaleFrame":[],"rotateFrame":[],"name":"root"},{"translateFrame":[{"duration":7,"tweenEasing":0},{"duration":3,"tweenEasing":0},{"duration":47,"tweenEasing":0},{"duration":0}],"scaleFrame":[{"duration":7,"tweenEasing":0,"y":0.2,"x":0.2},{"duration":3,"tweenEasing":0,"y":1.5,"x":1.5},{"duration":47,"tweenEasing":0},{"duration":0}],"rotateFrame":[{"duration":7,"tweenEasing":0},{"duration":3,"tweenEasing":0},{"duration":47,"tweenEasing":0},{"duration":0}],"name":"shengli"},{"translateFrame":[],"scaleFrame":[],"rotateFrame":[],"name":"flash1"},{"translateFrame":[{"duration":3,"tweenEasing":0},{"duration":1,"tweenEasing":0},{"duration":7,"tweenEasing":0},{"duration":4,"tweenEasing":0},{"duration":42}],"scaleFrame":[{"duration":3,"tweenEasing":0,"y":0.2,"x":0.2},{"duration":1,"tweenEasing":0,"y":0.5,"x":0.5},{"duration":7,"tweenEasing":0,"y":0.5,"x":0.5},{"duration":4,"tweenEasing":0,"y":1.2,"x":1.2},{"duration":42}],"rotateFrame":[{"duration":3,"tweenEasing":0},{"duration":1,"tweenEasing":0},{"duration":7,"tweenEasing":0},{"duration":4,"tweenEasing":0},{"duration":42}],"name":"chibang"},{"translateFrame":[{"duration":14},{"duration":4,"tweenEasing":0,"y":-62,"x":-114},{"duration":8,"tweenEasing":0,"y":-62,"x":-114},{"duration":4,"tweenEasing":0,"y":-62,"x":-114},{"duration":27,"y":-62,"x":-114}],"scaleFrame":[{"duration":14},{"duration":4,"tweenEasing":0},{"duration":8,"tweenEasing":0},{"duration":4,"tweenEasing":0},{"duration":27}],"rotateFrame":[{"duration":14},{"duration":4,"tweenEasing":0},{"duration":8,"tweenEasing":0},{"duration":4,"tweenEasing":0},{"duration":27}],"name":"bling"},{"translateFrame":[{"duration":15},{"duration":13,"tweenEasing":0,"y":-52,"x":87},{"duration":29,"y":-52,"x":87}],"scaleFrame":[{"duration":15},{"duration":13,"tweenEasing":0},{"duration":29}],"rotateFrame":[{"duration":15},{"duration":13,"tweenEasing":0},{"duration":29}],"name":"bling1"},{"translateFrame":[{"duration":17},{"duration":1,"tweenEasing":0},{"duration":39,"y":66,"x":-99}],"scaleFrame":[{"duration":17},{"duration":1,"tweenEasing":0},{"duration":39,"y":0.7,"x":0.7}],"rotateFrame":[{"duration":17},{"duration":1,"tweenEasing":0},{"duration":39}],"name":"bling2"},{"translateFrame":[{"duration":14},{"duration":1,"tweenEasing":0},{"duration":11,"tweenEasing":0,"y":20,"x":-58},{"duration":31,"y":20,"x":-58}],"scaleFrame":[{"duration":14},{"duration":1,"tweenEasing":0},{"duration":11,"tweenEasing":0},{"duration":31}],"rotateFrame":[{"duration":14},{"duration":1,"tweenEasing":0},{"duration":11,"tweenEasing":0},{"duration":31}],"name":"bling11"},{"translateFrame":[{"duration":21},{"duration":1,"tweenEasing":0},{"duration":35,"y":19,"x":31}],"scaleFrame":[{"duration":21},{"duration":1,"tweenEasing":0},{"duration":35}],"rotateFrame":[{"duration":21},{"duration":1,"tweenEasing":0},{"duration":35}],"name":"bling21"},{"translateFrame":[{"duration":12},{"duration":1,"tweenEasing":0},{"duration":44,"y":58,"x":60}],"scaleFrame":[{"duration":12},{"duration":1,"tweenEasing":0,"y":0.8,"x":0.8},{"duration":44,"y":0.8,"x":0.8}],"rotateFrame":[{"duration":12},{"duration":1,"tweenEasing":0},{"duration":44}],"name":"bling111"},{"translateFrame":[],"scaleFrame":[],"rotateFrame":[],"name":"flash2"},{"translateFrame":[],"scaleFrame":[],"rotateFrame":[],"name":"flash3"},{"translateFrame":[],"scaleFrame":[],"rotateFrame":[],"name":"star"}]}],"defaultActions":[{"gotoAndPlay":"newAnimation"}],"slot":[{"name":"shenglidi","parent":"chibang","color":{}},{"z":1,"name":"shandian2","parent":"flash2","color":{}},{"z":2,"name":"shandian3","parent":"flash3","color":{}},{"z":3,"name":"shandian","parent":"flash1","color":{}},{"z":4,"name":"组-3","parent":"shengli","color":{}},{"blendMode":"add","z":5,"parent":"bling","name":"图层 39","color":{}},{"blendMode":"add","z":6,"parent":"bling1","name":"图层 391","color":{}},{"blendMode":"add","z":7,"parent":"bling2","name":"图层 392","color":{}},{"blendMode":"add","z":8,"parent":"bling11","name":"图层 3911","color":{}},{"blendMode":"add","z":9,"parent":"bling21","name":"图层 3921","color":{}},{"blendMode":"add","z":10,"parent":"bling111","name":"图层 39111","color":{}}],"name":"Armature","skin":[{"slot":[{"display":[{"path":"shandian2","type":"image","name":"shandian2","transform":{}}],"name":"shandian2"},{"display":[{"path":"shandian","type":"image","name":"shandian","transform":{"skX":0.5164,"skY":0.5164}}],"name":"shandian"},{"display":[{"path":"图层 39","type":"image","name":"图层 39","transform":{"x":-0.5746}}],"blendMode":"add","name":"图层 39"},{"display":[{"path":"图层 39","type":"image","name":"图层 39","transform":{"x":-0.5746}}],"blendMode":"add","name":"图层 392"},{"display":[{"path":"图层 39","type":"image","name":"图层 39","transform":{"x":-0.5746}}],"blendMode":"add","name":"图层 3921"},{"display":[{"path":"shenglidi","type":"image","name":"shenglidi","transform":{}}],"name":"shenglidi"},{"display":[{"path":"shandian3","type":"image","name":"shandian3","transform":{}}],"name":"shandian3"},{"display":[{"path":"组-3","type":"image","name":"组-3","transform":{"skX":0.0988,"skY":0.0988}}],"name":"组-3"},{"display":[{"path":"图层 39","type":"image","name":"图层 39","transform":{"x":-0.5746}}],"blendMode":"add","name":"图层 391"},{"display":[{"path":"图层 39","type":"image","name":"图层 39","transform":{"x":-0.5746}}],"blendMode":"add","name":"图层 3911"},{"display":[{"path":"图层 39","type":"image","name":"图层 39","transform":{"x":-0.5746}}],"blendMode":"add","name":"图层 39111"}],"name":""}],"bone":[{"name":"root","transform":{}},{"transform":{"x":-5},"name":"chibang","parent":"root"},{"transform":{},"name":"flash1","parent":"root"},{"transform":{},"name":"shengli","parent":"root"},{"transform":{},"name":"bling","parent":"root"},{"transform":{},"name":"bling1","parent":"root"},{"transform":{},"name":"bling2","parent":"root"},{"transform":{},"name":"bling11","parent":"root"},{"transform":{},"name":"bling21","parent":"root"},{"transform":{},"name":"bling111","parent":"root"},{"transform":{},"name":"flash2","parent":"root"},{"transform":{},"name":"flash3","parent":"root"},{"transform":{},"name":"star","parent":"root"}]}],"name":"ResultWin","version":"5.5","isGlobal":0}