{"imagePath":"ResultWin_tex.png","width":1024,"SubTexture":[{"frameX":-2,"frameHeight":142,"y":313,"frameY":-2,"frameWidth":489,"width":485,"height":139,"name":"shenglidi","x":1},{"width":720,"y":105,"height":102,"name":"shandian2","x":1},{"frameX":-59,"frameHeight":102,"y":209,"frameY":0,"frameWidth":720,"width":661,"height":102,"name":"shandian3","x":1},{"width":720,"y":1,"height":102,"name":"shandian","x":1},{"width":279,"y":1,"height":158,"name":"组-3","x":723},{"width":202,"y":209,"height":226,"name":"图层 39","x":664}],"height":512,"name":"ResultWin"}