{"mc":{
	"block_break":{
		"frameRate":12,
		"labels":[
			{"name":"break","frame":1,"end":29}
			
			],
		"events":[
			
			],
		"frames":[
			
			{
			"res":"jizhong_01",
			"x":-40,
			"y":-34
			},
			{
			"res":"jizhong_02",
			"x":-43,
			"y":-38
			},
			{
			"res":"jizhong_03",
			"x":-56,
			"y":-49
			},
			{
			"res":"jizhong_04",
			"x":-141,
			"y":-134
			},
			{
			"res":"jizhong_05",
			"x":-141,
			"y":-134
			},
			{
			"res":"jizhong_06",
			"x":-167,
			"y":-162
			},
			{
			"res":"jizhong_07",
			"x":-177,
			"y":-172
			},
			{
			"res":"jizhong_08",
			"x":-78,
			"y":-55
			},
			{
			"res":"jizhong_09",
			"x":-88,
			"y":-60
			},
			{
			"res":"jizhong_10",
			"x":-98,
			"y":-69
			},
			{
			"res":"jizhong_11",
			"x":-107,
			"y":-79
			},
			{
			"res":"jizhong_12",
			"x":-102,
			"y":-87
			},
			{
			"res":"jizhong_13",
			"x":-105,
			"y":-95
			},
			{
			"res":"jizhong_14",
			"x":-104,
			"y":-103
			},
			{
			"res":"jizhong_15",
			"x":-103,
			"y":-111
			},
			{
			"res":"jizhong_16",
			"x":-102,
			"y":-119
			},
			{
			"res":"jizhong_17",
			"x":-104,
			"y":-127
			},
			{
			"res":"jizhong_18",
			"x":-104,
			"y":-98
			},
			{
			"res":"jizhong_19",
			"x":-108,
			"y":-101
			},
			{
			"res":"jizhong_20",
			"x":-111,
			"y":-104
			},
			{
			"res":"jizhong_21",
			"x":-115,
			"y":-108
			},
			{
			"res":"jizhong_22",
			"x":-118,
			"y":-111
			},
			{
			"res":"jizhong_23",
			"x":-122,
			"y":-115
			},
			{
			"res":"jizhong_24",
			"x":-120,
			"y":-114
			},
			{
			"res":"jizhong_25",
			"x":-123,
			"y":-117
			},
			{
			"res":"jizhong_26",
			"x":-123,
			"y":-118
			},
			{
			"res":"jizhong_27",
			"x":-123,
			"y":-118
			},
			{
			"res":"jizhong_28",
			"x":-123,
			"y":-118
			},
			{
			"res":"jizhong_29",
			"x":-114,
			"y":-112
			}
			]
}},
	"res":{
		"jizhong_19":{"x":815,"y":596,"w":205,"h":319},
		"jizhong_12":{"x":190,"y":1457,"w":185,"h":253},
		"jizhong_01":{"x":321,"y":928,"w":69,"h":65},
		"jizhong_08":{"x":459,"y":596,"w":129,"h":107},
		"jizhong_27":{"x":1,"y":615,"w":241,"h":231},
		"jizhong_04":{"x":346,"y":327,"w":268,"h":267},
		"jizhong_14":{"x":1,"y":1364,"w":187,"h":262},
		"jizhong_13":{"x":1,"y":1080,"w":188,"h":282},
		"jizhong_15":{"x":459,"y":705,"w":186,"h":296},
		"jizhong_25":{"x":243,"y":1003,"w":240,"h":228},
		"jizhong_18":{"x":616,"y":366,"w":197,"h":337},
		"jizhong_03":{"x":485,"y":1003,"w":98,"h":98},
		"jizhong_09":{"x":871,"y":1,"w":143,"h":161},
		"jizhong_07":{"x":1,"y":1,"w":343,"h":344},
		"jizhong_24":{"x":191,"y":1233,"w":234,"h":222},
		"jizhong_28":{"x":647,"y":917,"w":239,"h":230},
		"jizhong_05":{"x":1,"y":347,"w":267,"h":266},
		"jizhong_26":{"x":1,"y":848,"w":240,"h":230},
		"jizhong_23":{"x":485,"y":1149,"w":233,"h":224},
		"jizhong_17":{"x":671,"y":1,"w":198,"h":363},
		"jizhong_29":{"x":427,"y":1375,"w":224,"h":217},
		"jizhong_11":{"x":815,"y":366,"w":190,"h":223},
		"jizhong_22":{"x":720,"y":1233,"w":226,"h":217},
		"jizhong_21":{"x":653,"y":1452,"w":219,"h":211},
		"jizhong_02":{"x":243,"y":928,"w":76,"h":73},
		"jizhong_10":{"x":647,"y":705,"w":158,"h":192},
		"jizhong_16":{"x":270,"y":596,"w":187,"h":330},
		"jizhong_06":{"x":346,"y":1,"w":323,"h":324},
		"jizhong_20":{"x":377,"y":1594,"w":211,"h":204}
	}}