{"mc":{
	"fog":{
		"frameRate":8,
		"labels":[
			{"name":"fog","frame":1,"end":16}
			
			],
		"events":[
			
			],
		"frames":[
			
			{
			"res":"yanwu_01",
			"x":25,
			"y":19
			},
			{
			"res":"yanwu_02",
			"x":31,
			"y":19
			},
			{
			"res":"yanwu_03",
			"x":37,
			"y":19
			},
			{
			"res":"yanwu_04",
			"x":43,
			"y":19
			},
			{
			"res":"yanwu_05",
			"x":38,
			"y":19
			},
			{
			"res":"yanwu_06",
			"x":33,
			"y":19
			},
			{
			"res":"yanwu_07",
			"x":27,
			"y":19
			},
			{
			"res":"yanwu_08",
			"x":20,
			"y":19
			},
			{
			"res":"yanwu_09",
			"x":20,
			"y":19
			},
			{
			"res":"yanwu_10",
			"x":27,
			"y":19
			},
			{
			"res":"yanwu_11",
			"x":33,
			"y":19
			},
			{
			"res":"yanwu_12",
			"x":38,
			"y":19
			},
			{
			"res":"yanwu_13",
			"x":43,
			"y":19
			},
			{
			"res":"yanwu_14",
			"x":37,
			"y":19
			},
			{
			"res":"yanwu_15",
			"x":31,
			"y":19
			},
			{
			"res":"yanwu_16",
			"x":25,
			"y":19
			}
			]
}},
	"res":{
		"yanwu_01":{"x":1,"y":58,"w":555,"h":55},
		"yanwu_14":{"x":1,"y":343,"w":523,"h":55},
		"yanwu_16":{"x":1,"y":1,"w":555,"h":55},
		"yanwu_05":{"x":507,"y":685,"w":504,"h":55},
		"yanwu_08":{"x":1,"y":286,"w":531,"h":55},
		"yanwu_02":{"x":1,"y":115,"w":539,"h":55},
		"yanwu_10":{"x":1,"y":457,"w":517,"h":55},
		"yanwu_06":{"x":509,"y":571,"w":506,"h":55},
		"yanwu_03":{"x":1,"y":400,"w":523,"h":55},
		"yanwu_11":{"x":1,"y":628,"w":506,"h":55},
		"yanwu_15":{"x":1,"y":172,"w":539,"h":55},
		"yanwu_12":{"x":1,"y":685,"w":504,"h":55},
		"yanwu_09":{"x":1,"y":229,"w":531,"h":55},
		"yanwu_13":{"x":1,"y":571,"w":506,"h":55},
		"yanwu_07":{"x":1,"y":514,"w":517,"h":55},
		"yanwu_04":{"x":509,"y":628,"w":506,"h":55}
	}}