{"mc":{
	"laugh":{
		"frameRate":24,
		"labels":[
			{"name":"laugh","frame":1,"end":15}
			
			],
		"events":[
			
			],
		"frames":[
			
			{
			"res":"shengbo_01",
			"x":0,
			"y":0
			},
			{
			"res":"shengbo_02",
			"x":0,
			"y":0
			},
			{
			"res":"shengbo_03",
			"x":0,
			"y":0
			},
			{
			"res":"shengbo_04",
			"x":0,
			"y":0
			},
			{
			"res":"shengbo_05",
			"x":0,
			"y":0
			},
			{
			"res":"shengbo_06",
			"x":0,
			"y":0
			},
			{
			"res":"shengbo_07",
			"x":0,
			"y":0
			},
			{
			"res":"shengbo_08",
			"x":0,
			"y":0
			},
			{
			"res":"shengbo_09",
			"x":0,
			"y":0
			},
			{
			"res":"shengbo_10",
			"x":0,
			"y":0
			},
			{
			"res":"shengbo_11",
			"x":0,
			"y":0
			},
			{
			"res":"shengbo_12",
			"x":0,
			"y":0
			},
			{
			"res":"shengbo_13",
			"x":0,
			"y":0
			},
			{
			"res":"shengbo_14",
			"x":0,
			"y":0
			},
			{
			"res":"shengbo_15",
			"x":0,
			"y":0
			}
			]
}},
	"res":{
		"shengbo_01":{"x":1572,"y":244,"w":11,"h":29},
		"shengbo_11":{"x":582,"y":0,"w":359,"h":380},
		"shengbo_02":{"x":1517,"y":696,"w":35,"h":81},
		"shengbo_06":{"x":1100,"y":325,"w":327,"h":295},
		"shengbo_14":{"x":1594,"y":426,"w":165,"h":373},
		"shengbo_12":{"x":0,"y":437,"w":380,"h":430},
		"shengbo_05":{"x":1282,"y":0,"w":310,"h":242},
		"shengbo_04":{"x":1429,"y":559,"w":86,"h":189},
		"shengbo_07":{"x":751,"y":382,"w":347,"h":348},
		"shengbo_08":{"x":382,"y":437,"w":367,"h":400},
		"shengbo_09":{"x":0,"y":0,"w":580,"h":435},
		"shengbo_15":{"x":1594,"y":0,"w":173,"h":424},
		"shengbo_03":{"x":1517,"y":559,"w":60,"h":135},
		"shengbo_13":{"x":1429,"y":244,"w":141,"h":313},
		"shengbo_10":{"x":943,"y":0,"w":337,"h":323}
	}}