{"mc":{
	"roleSkill":{
		"frameRate":12,
		"labels":[
			{"name":"jiguang","frame":1,"end":3}
			,{"name":"shuandian","frame":4,"end":8}
			
			],
		"events":[
			
			],
		"frames":[
			
			{
			"res":"jiguang_01",
			"x":0,
			"y":0
			},
			{
			"res":"jiguang_02",
			"x":0,
			"y":0
			},
			{
			"res":"jiguang_03",
			"x":0,
			"y":0
			},
			{
			"res":"shandian_01",
			"x":0,
			"y":0
			},
			{
			"res":"shandian_02",
			"x":0,
			"y":0
			},
			{
			"res":"shandian_03",
			"x":0,
			"y":0
			},
			{
			"res":"shandian_04",
			"x":0,
			"y":0
			},
			{
			"res":"shandian_05",
			"x":0,
			"y":0
			}
			]
}},
	"res":{
		"jiguang_01":{"x":323,"y":963,"w":29,"h":29},
		"shandian_05":{"x":2,"y":2,"w":541,"h":225},
		"jiguang_02":{"x":2,"y":963,"w":317,"h":29},
		"shandian_02":{"x":2,"y":422,"w":556,"h":174},
		"shandian_01":{"x":2,"y":600,"w":556,"h":171},
		"shandian_04":{"x":2,"y":775,"w":553,"h":151},
		"shandian_03":{"x":2,"y":231,"w":554,"h":187},
		"jiguang_03":{"x":2,"y":930,"w":605,"h":29}
	}}