{"imagePath":"js3_tex.png","width":256,"SubTexture":[{"width":37,"y":103,"height":69,"name":"pifeng2","x":148},{"width":72,"y":1,"height":100,"name":"pifeng1","x":114},{"width":48,"y":174,"height":50,"name":"tui2","x":148},{"width":62,"y":103,"height":53,"name":"tui1","x":77},{"width":29,"y":154,"height":47,"name":"shoubi2","x":198},{"width":28,"y":203,"height":47,"name":"shoubi1","x":198},{"width":111,"y":1,"height":83,"name":"shen","x":1},{"width":76,"y":174,"height":56,"name":"ling","x":1},{"width":49,"y":199,"height":44,"name":"jian2","x":79},{"width":67,"y":158,"height":39,"name":"jian1","x":79},{"width":74,"y":86,"height":86,"name":"tou_","x":1},{"width":7,"y":154,"height":7,"name":"yanzhu1","x":187},{"width":7,"y":163,"height":7,"name":"yanzhu2","x":187},{"width":40,"y":103,"height":49,"name":"zuiba_","x":187}],"height":256,"name":"js3"}