{"imagePath":"竞速模式_闯关1_tex.png","width":2048,"SubTexture":[{"width":168,"y":738,"height":162,"name":"feichuanguang","x":426},{"width":156,"y":1,"height":146,"name":"feichuan","x":1862},{"width":645,"y":1,"height":735,"name":"yueqiuguang","x":1},{"width":490,"y":1,"height":700,"name":"yueqiu","x":648},{"width":201,"y":738,"height":174,"name":"che","x":223},{"width":220,"y":738,"height":231,"name":"leida","x":1},{"width":720,"y":703,"height":238,"name":"qianjing2","x":648},{"width":720,"y":1,"height":171,"name":"qianjingg","x":1140},{"width":720,"y":174,"height":165,"name":"qianjing1","x":1140}],"height":1024,"name":"竞速模式_闯关1"}