{"armature":[{"slot":[{"name":"feichuanguang","parent":"feichuanguang","color":{}},{"z":1,"name":"feichuan","parent":"feichuan","color":{}},{"z":2,"name":"yueqiuguang","parent":"leida2","color":{}},{"z":3,"name":"yueqiu","parent":"leida1","color":{}},{"z":4,"name":"che","parent":"che","color":{}},{"z":5,"name":"leida","parent":"leida","color":{}},{"z":6,"name":"qianjing2","parent":"qianjing2","color":{}},{"z":7,"name":"qianjingg","parent":"qianjing1","color":{}},{"z":8,"name":"qianjing1","parent":"qianjing1","color":{}}],"type":"armature","name":"armatureName","defaultActions":[{"gotoAndPlay":"newAnimation"}],"animation":[{"slot":[{"colorFrame":[{"duration":25,"tweenEasing":0},{"duration":25,"tweenEasing":0,"color":{"aM":17}},{"duration":0,"tweenEasing":null}],"displayFrame":[],"name":"feichuanguang"},{"colorFrame":[],"displayFrame":[],"name":"feichuan"},{"colorFrame":[{"duration":25,"tweenEasing":0},{"duration":25,"tweenEasing":0,"color":{"aM":15}},{"duration":0,"tweenEasing":null}],"displayFrame":[],"name":"yueqiuguang"},{"colorFrame":[],"displayFrame":[],"name":"yueqiu"},{"colorFrame":[],"displayFrame":[],"name":"che"},{"colorFrame":[],"displayFrame":[],"name":"leida"},{"colorFrame":[],"displayFrame":[],"name":"qianjing2"},{"colorFrame":[{"duration":24,"tweenEasing":0},{"duration":26,"tweenEasing":0,"color":{"aM":75}},{"duration":0,"tweenEasing":null}],"displayFrame":[],"name":"qianjing1"},{"colorFrame":[{"duration":24,"tweenEasing":0},{"duration":26,"tweenEasing":0,"color":{"aM":0}},{"duration":0,"tweenEasing":null}],"displayFrame":[],"name":"qianjingg"}],"frame":[],"duration":50,"playTimes":0,"bone":[{"translateFrame":[{"duration":50,"tweenEasing":0},{"duration":0}],"rotateFrame":[{"duration":50,"tweenEasing":0},{"duration":0}],"scaleFrame":[{"duration":50,"tweenEasing":0},{"duration":0}],"name":"root"},{"translateFrame":[{"duration":50,"tweenEasing":0},{"duration":0}],"rotateFrame":[{"duration":50,"tweenEasing":0},{"duration":0}],"scaleFrame":[{"duration":50,"tweenEasing":0},{"duration":0}],"name":"qianjing1"},{"translateFrame":[{"duration":15,"tweenEasing":0},{"y":-6.6048,"duration":20,"tweenEasing":0},{"y":11.6846,"duration":15,"tweenEasing":0},{"duration":0}],"rotateFrame":[{"duration":50,"tweenEasing":0},{"duration":0}],"scaleFrame":[{"duration":50,"tweenEasing":0},{"duration":0}],"name":"leida1"},{"translateFrame":[{"duration":25,"curve":[0.5,0,0.5,1]},{"y":7.6323,"duration":25,"curve":[0.5,0,0.5,1]},{"duration":0}],"rotateFrame":[{"duration":50,"curve":[0.5,0,0.5,1]},{"duration":0}],"scaleFrame":[{"duration":50,"curve":[0.5,0,0.5,1]},{"duration":0}],"name":"feichuan"},{"translateFrame":[{"duration":24,"curve":[0.5,0,0.5,1]},{"y":22.0971,"duration":26,"curve":[0.5,0,0.5,1]},{"duration":0}],"rotateFrame":[{"duration":50,"tweenEasing":0},{"duration":0}],"scaleFrame":[{"duration":50,"tweenEasing":0},{"duration":0}],"name":"qianjing2"},{"translateFrame":[{"duration":50,"tweenEasing":0},{"duration":0}],"rotateFrame":[{"duration":50,"tweenEasing":0},{"duration":0}],"scaleFrame":[{"duration":50,"tweenEasing":0},{"duration":0}],"name":"leida2"},{"translateFrame":[{"duration":50,"curve":[0.5,0,0.5,1]},{"duration":0}],"rotateFrame":[{"duration":10,"curve":[0.5,0,0.5,1]},{"duration":30,"curve":[0.5,0,0.5,1],"rotate":3.1804},{"duration":10,"curve":[0.5,0,0.5,1],"rotate":-3.1171},{"duration":0}],"scaleFrame":[{"duration":50,"curve":[0.5,0,0.5,1]},{"duration":0}],"name":"leida"},{"translateFrame":[{"duration":50,"tweenEasing":0},{"duration":0}],"rotateFrame":[{"duration":50,"tweenEasing":0},{"duration":0}],"scaleFrame":[{"duration":50,"tweenEasing":0},{"duration":0}],"name":"feichuanguang"},{"translateFrame":[{"duration":50,"tweenEasing":0},{"duration":0}],"rotateFrame":[{"duration":50,"tweenEasing":0},{"duration":0}],"scaleFrame":[{"duration":50,"tweenEasing":0},{"duration":0}],"name":"che"}],"ffd":[],"name":"newAnimation"}],"skin":[{"name":"","slot":[{"display":[{"path":"che","type":"image","name":"che","transform":{"y":-4.4004,"x":24.7404,"skX":90.5785,"skY":90.5785}}],"name":"che"},{"display":[{"path":"leida","type":"image","name":"leida","transform":{"y":0.33,"x":152.3118,"skX":133.3165,"skY":133.3165}}],"name":"leida"},{"display":[{"path":"qianjing2","type":"image","name":"qianjing2","transform":{"y":11.4884,"x":87.9332,"skX":90.5785,"skY":90.5785}}],"name":"qianjing2"},{"display":[{"path":"qianjingg","type":"image","name":"qianjingg","transform":{"y":2.5785,"x":63.711,"skX":90,"skY":90}}],"name":"qianjingg"},{"display":[{"path":"qianjing1","type":"image","name":"qianjing1","transform":{"y":2.6,"x":60.7057,"skX":90,"skY":90}}],"name":"qianjing1"},{"display":[{"path":"feichuanguang","type":"image","name":"feichuanguang","transform":{"y":9.6176,"x":72.22,"skX":-116.5651,"skY":-116.5651}}],"name":"feichuanguang"},{"display":[{"path":"feichuan","type":"image","name":"feichuan","transform":{"y":1.4646,"x":-9.2588,"skX":54.7339,"skY":54.7339}}],"name":"feichuan"},{"display":[{"path":"yueqiuguang","type":"image","name":"yueqiuguang","transform":{"y":-42.9994,"x":-122.0481}}],"name":"yueqiuguang"},{"display":[{"path":"yueqiu","type":"image","name":"yueqiu","transform":{"y":27.7053,"x":-72}}],"name":"yueqiu"}]}],"bone":[{"name":"root","transform":{}},{"length":89,"transform":{"y":-21.85,"x":-2.6,"skX":-90,"skY":-90},"parent":"root","name":"qianjing1"},{"transform":{"y":-553.25,"x":187},"name":"leida1","parent":"root"},{"length":45,"transform":{"y":-910.95,"x":-175.85,"skX":-54.7339,"skY":-54.7339},"parent":"root","name":"feichuan"},{"length":118,"transform":{"y":-129.5,"x":-10.6,"skX":-90.5785,"skY":-90.5785},"parent":"root","name":"qianjing2"},{"transform":{"y":-1.55,"x":-27.6},"name":"leida2","parent":"leida1"},{"length":253,"transform":{"y":366.9466,"x":205.8057,"skX":-42.738,"skY":-42.738},"parent":"qianjing2","name":"leida"},{"length":112,"transform":{"y":1.3391,"x":-17.9145,"skX":171.2989,"skY":171.2989},"parent":"feichuan","name":"feichuanguang"},{"transform":{"y":-99.4745,"x":176.3633},"name":"che","parent":"qianjing2"}],"aabb":{"width":720.0214982894856,"y":-975.5447497351438,"height":975.4890046798763,"x":-360.02149828948563},"frameRate":24,"ik":[]}],"frameRate":24,"isGlobal":0,"name":"竞速模式_闯关1","version":"5.5"}