{"imagePath":"js4_tex.png","width":256,"SubTexture":[{"width":31,"y":220,"height":32,"name":"gubo2","x":1},{"width":21,"y":50,"height":40,"name":"shou2","x":102},{"width":33,"y":44,"height":40,"name":"tui2","x":67},{"width":33,"y":1,"height":41,"name":"tui1","x":67},{"width":64,"y":1,"height":111,"name":"bolitou","x":1},{"width":58,"y":114,"height":104,"name":"tou","x":1},{"width":10,"y":92,"height":10,"name":"yanzhu","x":115},{"width":24,"y":86,"height":14,"name":"yanpi1","x":67},{"width":72,"y":114,"height":55,"name":"shen1","x":61},{"width":72,"y":171,"height":48,"name":"shen2","x":61},{"width":29,"y":221,"height":31,"name":"gubo1","x":34},{"width":23,"y":1,"height":47,"name":"shou1","x":102},{"width":13,"y":102,"height":9,"name":"椭圆_1","x":67},{"width":20,"y":92,"height":12,"name":"yanpi2","x":93}],"height":256,"name":"js4"}