{"frameRate":24,"isGlobal":0,"name":"js4","version":"5.5","armature":[{"skin":[{"name":"","slot":[{"display":[{"path":"yanpi2","type":"image","name":"yanpi2","transform":{"skX":86.8966,"y":1.0673,"skY":86.8966,"x":4.0117}}],"name":"yanpi2"},{"display":[{"path":"shen2","type":"image","name":"shen2","transform":{"skX":90,"y":1.8829,"skY":90,"x":15.148}}],"name":"shen2"},{"display":[{"path":"shou1","type":"image","name":"shou1","transform":{"skX":-74.3607,"y":-0.7485,"skY":-74.3607,"x":17.294}}],"name":"shou1"},{"display":[{"path":"gubo2","type":"image","name":"gubo2","transform":{"skX":-131.0193,"y":-0.5779,"skY":-131.0193,"x":12.4226}}],"name":"gubo2"},{"display":[{"path":"tui2","type":"image","name":"tui2","transform":{"skX":-87.5914,"y":1.0411,"skY":-87.5914,"x":18.395}}],"name":"tui2"},{"display":[{"path":"bolitou","type":"image","name":"bolitou","transform":{"skX":90,"y":1.8829,"skY":90,"x":79.348}}],"name":"bolitou"},{"display":[{"path":"椭圆_1","type":"image","name":"椭圆_1","transform":{"skX":90.4213,"y":0.0053,"skY":90.4213,"x":-0.152}}],"name":"椭圆_1"},{"display":[{"path":"yanpi1","type":"image","name":"yanpi1","transform":{"skX":90.4213,"y":0.6185,"skY":90.4213,"x":72.8459}}],"name":"yanpi1"},{"display":[{"path":"shen1","type":"image","name":"shen1","transform":{"skX":90,"y":1.8829,"skY":90,"x":18.348}}],"name":"shen1"},{"display":[{"path":"gubo1","type":"image","name":"gubo1","transform":{"skX":-35.7721,"y":-2.0242,"skY":-35.7721,"x":11.7084}}],"name":"gubo1"},{"display":[{"path":"shou2","type":"image","name":"shou2","transform":{"skX":-90.3673,"y":-1.2152,"skY":-90.3673,"x":12.8445}}],"name":"shou2"},{"display":[{"path":"tui1","type":"image","name":"tui1","transform":{"skX":-93.3391,"y":-1.1799,"skY":-93.3391,"x":18.7995}}],"name":"tui1"},{"display":[{"path":"tou","type":"image","name":"tou","transform":{"skX":90.4213,"y":2.4273,"skY":90.4213,"x":46.8319}}],"name":"tou"},{"display":[{"path":"yanzhu","type":"image","name":"yanzhu","transform":{"skX":90.4213,"y":-0.3564,"skY":90.4213,"x":0.8819}}],"name":"yanzhu"}]}],"defaultActions":[{"gotoAndPlay":"Idle"}],"type":"Armature","ik":[],"slot":[{"name":"gubo2","parent":"gubo2","color":{}},{"z":1,"name":"shou2","parent":"shou2","color":{}},{"z":2,"name":"tui2","parent":"tui2","color":{}},{"z":3,"name":"tui1","parent":"tui1","color":{}},{"z":4,"name":"bolitou","parent":"shen1","color":{}},{"z":5,"name":"tou","parent":"tou","color":{}},{"z":6,"displayIndex":-1,"name":"椭圆_1","parent":"椭圆_1","color":{}},{"z":7,"name":"yanzhu","parent":"bone","color":{}},{"z":8,"name":"yanpi1","parent":"tou","color":{}},{"z":9,"displayIndex":-1,"name":"yanpi2","parent":"yanpi2","color":{}},{"z":10,"name":"shen1","parent":"shen1","color":{}},{"z":11,"name":"shen2","parent":"shen21","color":{}},{"z":12,"name":"gubo1","parent":"gubo1","color":{}},{"z":13,"name":"shou1","parent":"shou1","color":{}}],"animation":[{"bone":[{"rotateFrame":[{"tweenEasing":0,"duration":32},{"duration":0}],"scaleFrame":[{"duration":32,"tweenEasing":0},{"duration":0}],"translateFrame":[{"duration":32,"tweenEasing":0},{"duration":0}],"name":"root"},{"rotateFrame":[{"tweenEasing":0,"duration":32},{"duration":0}],"scaleFrame":[{"duration":32,"tweenEasing":0},{"duration":0}],"translateFrame":[{"curve":[0.5,0,0.5,1],"duration":14},{"curve":[0.5,0,0.5,1],"duration":18,"y":9.1904},{"duration":0}],"name":"shen2"},{"rotateFrame":[{"tweenEasing":0,"duration":32},{"duration":0}],"scaleFrame":[{"duration":32,"tweenEasing":0},{"duration":0}],"translateFrame":[{"curve":[0.5,0,1,1],"duration":14},{"curve":[0,0,0.5,1],"duration":18,"y":3.1653},{"duration":0}],"name":"shen21"},{"rotateFrame":[{"tweenEasing":0,"duration":32},{"duration":0}],"scaleFrame":[{"duration":32,"tweenEasing":0},{"duration":0}],"translateFrame":[{"curve":[0.5,0,1,1],"duration":16},{"curve":[0,0,0.5,1],"duration":16,"x":-2.6942},{"duration":0}],"name":"shen1"},{"rotateFrame":[{"tweenEasing":0,"duration":16},{"tweenEasing":0,"duration":16,"rotate":2.445},{"duration":0}],"scaleFrame":[{"duration":32,"tweenEasing":0},{"duration":0}],"translateFrame":[{"duration":8,"tweenEasing":0},{"duration":16,"tweenEasing":0,"x":2.1398},{"duration":8,"tweenEasing":0,"x":-2.2621},{"duration":0}],"name":"tou"},{"rotateFrame":[{"tweenEasing":0,"duration":8},{"tweenEasing":0,"duration":16,"rotate":-6.8297},{"tweenEasing":0,"duration":8,"rotate":7.4489},{"duration":0}],"scaleFrame":[{"duration":32,"tweenEasing":0},{"duration":0}],"translateFrame":[{"duration":32,"tweenEasing":0},{"duration":0}],"name":"gubo1"},{"rotateFrame":[{"curve":[0.5,0,1,1],"duration":16},{"curve":[0,0,0.5,1],"duration":16,"rotate":-18.4938},{"duration":0}],"scaleFrame":[{"duration":32,"tweenEasing":0},{"duration":0}],"translateFrame":[{"duration":32,"tweenEasing":0},{"duration":0}],"name":"shou1"},{"rotateFrame":[{"tweenEasing":0,"duration":8},{"tweenEasing":0,"duration":16,"rotate":6.6115},{"tweenEasing":0,"duration":8,"rotate":-2.9457},{"duration":0}],"scaleFrame":[{"duration":32,"tweenEasing":0},{"duration":0}],"translateFrame":[{"duration":32,"tweenEasing":0},{"duration":0}],"name":"gubo2"},{"rotateFrame":[{"curve":[0,0,0.5,1],"duration":16},{"tweenEasing":0,"duration":16,"rotate":13.5523},{"duration":0}],"scaleFrame":[{"duration":32,"tweenEasing":0},{"duration":0}],"translateFrame":[{"duration":32,"tweenEasing":0},{"duration":0}],"name":"shou2"},{"rotateFrame":[{"tweenEasing":0,"duration":16},{"tweenEasing":0,"duration":16,"rotate":-3.6957},{"duration":0}],"scaleFrame":[{"duration":32,"tweenEasing":0},{"duration":0}],"translateFrame":[{"duration":32,"tweenEasing":0},{"duration":0}],"name":"tui2"},{"rotateFrame":[{"tweenEasing":0,"duration":16},{"tweenEasing":0,"duration":16,"rotate":4.0199},{"duration":0}],"scaleFrame":[{"duration":32,"tweenEasing":0},{"duration":0}],"translateFrame":[{"duration":32,"tweenEasing":0},{"duration":0}],"name":"tui1"},{"rotateFrame":[{"tweenEasing":0,"duration":32},{"duration":0}],"scaleFrame":[{"duration":11,"tweenEasing":0},{"duration":1,"x":0.5},{"duration":3},{"duration":1},{"duration":1,"x":0.5},{"duration":15},{"duration":0}],"translateFrame":[{"duration":32,"tweenEasing":0},{"duration":0}],"name":"yanpi2"},{"rotateFrame":[{"tweenEasing":0,"duration":32},{"duration":0}],"scaleFrame":[{"duration":32,"tweenEasing":0},{"duration":0}],"translateFrame":[{"duration":32,"tweenEasing":0},{"duration":0}],"name":"椭圆_1"},{"rotateFrame":[{"tweenEasing":0,"duration":32},{"duration":0}],"scaleFrame":[{"duration":32,"tweenEasing":0},{"duration":0}],"translateFrame":[{"duration":32,"tweenEasing":0},{"duration":0}],"name":"bone"}],"frame":[],"playTimes":0,"slot":[{"colorFrame":[],"displayFrame":[],"name":"gubo2"},{"colorFrame":[],"displayFrame":[],"name":"shou2"},{"colorFrame":[],"displayFrame":[],"name":"tui2"},{"colorFrame":[],"displayFrame":[],"name":"tui1"},{"colorFrame":[],"displayFrame":[],"name":"bolitou"},{"colorFrame":[],"displayFrame":[],"name":"tou"},{"colorFrame":[],"displayFrame":[],"name":"椭圆_1"},{"colorFrame":[],"displayFrame":[],"name":"yanzhu"},{"colorFrame":[],"displayFrame":[],"name":"yanpi1"},{"colorFrame":[],"displayFrame":[{"value":-1,"duration":11},{"duration":1},{"duration":3},{"duration":1},{"duration":1},{"value":-1,"duration":15}],"name":"yanpi2"},{"colorFrame":[],"displayFrame":[],"name":"shen1"},{"colorFrame":[],"displayFrame":[],"name":"shen2"},{"colorFrame":[],"displayFrame":[],"name":"gubo1"},{"colorFrame":[],"displayFrame":[],"name":"shou1"}],"ffd":[],"duration":32,"name":"Idle"},{"bone":[{"rotateFrame":[{"tweenEasing":0,"duration":26},{"duration":0}],"scaleFrame":[{"duration":26,"tweenEasing":0},{"duration":0}],"translateFrame":[{"duration":26,"tweenEasing":0},{"duration":0}],"name":"root"},{"rotateFrame":[{"tweenEasing":0,"duration":26},{"duration":0}],"scaleFrame":[{"duration":26,"tweenEasing":0},{"duration":0}],"translateFrame":[{"curve":[0.5,0,0.5,1],"duration":9,"y":2.882},{"duration":3,"y":11.6373,"tweenEasing":0},{"curve":[0.5,0,0.5,1],"duration":14,"y":-3.5478},{"duration":0,"y":2.882}],"name":"shen2"},{"rotateFrame":[{"tweenEasing":0,"duration":9},{"tweenEasing":0,"duration":17,"rotate":-0.1574},{"duration":0}],"scaleFrame":[{"duration":26,"tweenEasing":0},{"duration":0}],"translateFrame":[{"duration":9,"tweenEasing":0},{"duration":2,"y":4.4871,"tweenEasing":0},{"duration":6,"y":-0.9615,"tweenEasing":0},{"duration":9,"y":-2.0796,"tweenEasing":0},{"duration":0}],"name":"shen21"},{"rotateFrame":[{"tweenEasing":0,"duration":9},{"tweenEasing":0,"duration":3,"rotate":-5.3062},{"tweenEasing":0,"duration":14,"rotate":7.2475},{"duration":0}],"scaleFrame":[{"duration":26,"tweenEasing":0},{"duration":0}],"translateFrame":[{"duration":26,"tweenEasing":0},{"duration":0}],"name":"tui2"},{"rotateFrame":[{"tweenEasing":0,"duration":9},{"tweenEasing":0,"duration":3,"rotate":6.0341},{"tweenEasing":0,"duration":14,"rotate":-6.5903},{"duration":0}],"scaleFrame":[{"duration":26,"tweenEasing":0},{"duration":0}],"translateFrame":[{"duration":26,"tweenEasing":0},{"duration":0}],"name":"tui1"},{"rotateFrame":[{"tweenEasing":0,"duration":26},{"duration":0}],"scaleFrame":[{"duration":26,"tweenEasing":0},{"duration":0}],"translateFrame":[{"duration":9,"tweenEasing":0},{"duration":2,"tweenEasing":0,"x":-2.5641},{"duration":6,"tweenEasing":0,"x":1.923},{"duration":9,"tweenEasing":0,"x":2.7243},{"duration":0}],"name":"shen1"},{"rotateFrame":[{"tweenEasing":0,"duration":9},{"tweenEasing":0,"duration":2,"rotate":-7.6692},{"tweenEasing":0,"duration":6,"rotate":48.4264},{"tweenEasing":0,"duration":9,"rotate":50.7714},{"duration":0}],"scaleFrame":[{"duration":26,"tweenEasing":0},{"duration":0}],"translateFrame":[{"duration":26,"tweenEasing":0},{"duration":0}],"name":"gubo2"},{"rotateFrame":[{"tweenEasing":0,"duration":9},{"tweenEasing":0,"duration":2,"rotate":17.4834},{"tweenEasing":0,"duration":6,"rotate":-36.1064},{"tweenEasing":0,"duration":9,"rotate":-37.9233},{"duration":0}],"scaleFrame":[{"duration":26,"tweenEasing":0},{"duration":0}],"translateFrame":[{"duration":26,"tweenEasing":0},{"duration":0}],"name":"gubo1"},{"rotateFrame":[{"tweenEasing":0,"duration":26},{"duration":0}],"scaleFrame":[{"duration":26,"tweenEasing":0},{"duration":0}],"translateFrame":[{"duration":9,"tweenEasing":0},{"duration":2,"tweenEasing":0,"x":-4.8076},{"duration":6,"tweenEasing":0,"x":1.6025},{"duration":9,"tweenEasing":0,"x":2.4038},{"duration":0}],"name":"tou"},{"rotateFrame":[{"tweenEasing":0,"duration":26},{"duration":0}],"scaleFrame":[{"duration":4},{"duration":2,"x":0.5},{"duration":5},{"duration":2,"x":0.5},{"duration":13},{"duration":0}],"translateFrame":[{"duration":26,"tweenEasing":0},{"duration":0}],"name":"yanpi2"},{"rotateFrame":[{"tweenEasing":0,"duration":9},{"tweenEasing":0,"duration":1,"rotate":-22.6352},{"tweenEasing":0,"duration":1,"rotate":-33.1536},{"tweenEasing":0,"duration":6,"rotate":10.5816},{"tweenEasing":0,"duration":9,"rotate":20.8624},{"duration":0}],"scaleFrame":[{"duration":26,"tweenEasing":0},{"duration":0}],"translateFrame":[{"duration":26,"tweenEasing":0},{"duration":0}],"name":"shou2"},{"rotateFrame":[{"tweenEasing":0,"duration":9},{"tweenEasing":0,"duration":1,"rotate":26.801},{"tweenEasing":0,"duration":1,"rotate":26.9181},{"tweenEasing":0,"duration":6,"rotate":-3.6258},{"tweenEasing":0,"duration":9,"rotate":-14.9866},{"duration":0}],"scaleFrame":[{"duration":26,"tweenEasing":0},{"duration":0}],"translateFrame":[{"duration":26,"tweenEasing":0},{"duration":0}],"name":"shou1"},{"rotateFrame":[{"tweenEasing":0,"duration":26},{"duration":0}],"scaleFrame":[{"duration":26,"tweenEasing":0},{"duration":0}],"translateFrame":[{"duration":26,"tweenEasing":0},{"duration":0}],"name":"椭圆_1"},{"rotateFrame":[{"tweenEasing":0,"duration":3},{"tweenEasing":0,"duration":11},{"tweenEasing":0,"duration":12},{"duration":0}],"scaleFrame":[{"duration":3,"tweenEasing":0},{"duration":11,"tweenEasing":0},{"duration":12,"tweenEasing":0},{"duration":0}],"translateFrame":[{"duration":3,"tweenEasing":0},{"duration":1,"tweenEasing":0},{"duration":7,"y":-0.0368,"tweenEasing":0,"x":-4.2894},{"duration":2,"y":-0.0503,"tweenEasing":0,"x":-5.508},{"duration":1,"y":-0.0069,"tweenEasing":0,"x":-0.8885},{"duration":12,"tweenEasing":0},{"duration":0}],"name":"bone"}],"frame":[],"playTimes":0,"slot":[{"colorFrame":[],"displayFrame":[],"name":"gubo2"},{"colorFrame":[],"displayFrame":[],"name":"shou2"},{"colorFrame":[],"displayFrame":[],"name":"tui2"},{"colorFrame":[],"displayFrame":[],"name":"tui1"},{"colorFrame":[],"displayFrame":[],"name":"bolitou"},{"colorFrame":[],"displayFrame":[],"name":"tou"},{"colorFrame":[],"displayFrame":[],"name":"椭圆_1"},{"colorFrame":[],"displayFrame":[],"name":"yanzhu"},{"colorFrame":[],"displayFrame":[],"name":"yanpi1"},{"colorFrame":[],"displayFrame":[{"value":-1,"duration":4},{"duration":2},{"duration":5},{"duration":2},{"value":-1,"duration":13}],"name":"yanpi2"},{"colorFrame":[],"displayFrame":[],"name":"shen1"},{"colorFrame":[],"displayFrame":[],"name":"shen2"},{"colorFrame":[],"displayFrame":[],"name":"gubo1"},{"colorFrame":[],"displayFrame":[],"name":"shou1"}],"ffd":[],"duration":26,"name":"Skill"},{"bone":[{"rotateFrame":[],"scaleFrame":[],"translateFrame":[],"name":"root"},{"rotateFrame":[{"tweenEasing":0,"duration":7},{"tweenEasing":0,"duration":2},{"tweenEasing":0,"duration":2,"rotate":-4.2089},{"tweenEasing":0,"duration":3,"rotate":-8.1522},{"tweenEasing":0,"duration":10},{"duration":0}],"scaleFrame":[{"duration":24,"tweenEasing":0},{"duration":0}],"translateFrame":[{"duration":7,"tweenEasing":0},{"duration":2,"tweenEasing":0},{"duration":2,"y":-7.5942,"tweenEasing":0,"x":-3.1107},{"duration":3,"y":-96.0469,"tweenEasing":0,"x":-54.9128},{"duration":10,"y":-72.9181,"tweenEasing":0,"x":-78.1131},{"duration":0,"y":-72.9181,"x":-78.1131}],"name":"shen2"},{"rotateFrame":[{"tweenEasing":0,"duration":7},{"tweenEasing":0,"duration":4,"rotate":2.4023},{"tweenEasing":0,"duration":3,"rotate":8.2157},{"tweenEasing":0,"duration":10,"rotate":3.7835},{"duration":0}],"scaleFrame":[{"duration":24,"tweenEasing":0},{"duration":0}],"translateFrame":[{"curve":[0,0,0.5,1],"duration":7},{"duration":7,"y":5.9958,"tweenEasing":0},{"duration":3,"y":-1.2062,"tweenEasing":0,"x":-0.2769},{"duration":7,"y":6.5515,"tweenEasing":0},{"duration":0}],"name":"shen21"},{"rotateFrame":[{"tweenEasing":0,"duration":9},{"tweenEasing":0,"duration":2},{"tweenEasing":0,"duration":3,"rotate":-1.3522},{"tweenEasing":0,"duration":3,"rotate":3.9776},{"tweenEasing":0,"duration":7},{"duration":0}],"scaleFrame":[{"duration":24,"tweenEasing":0},{"duration":0}],"translateFrame":[{"duration":7,"tweenEasing":0},{"duration":2,"tweenEasing":0},{"duration":2,"y":7.1611,"tweenEasing":0,"x":2.7954},{"duration":3,"y":-4.21,"tweenEasing":0,"x":1.705},{"duration":3,"tweenEasing":0},{"duration":7,"tweenEasing":0},{"duration":0}],"name":"tui2"},{"rotateFrame":[{"tweenEasing":0,"duration":9},{"tweenEasing":0,"duration":2},{"tweenEasing":0,"duration":3,"rotate":11.0275},{"tweenEasing":0,"duration":3,"rotate":-2.1192},{"tweenEasing":0,"duration":7},{"duration":0}],"scaleFrame":[{"duration":24,"tweenEasing":0},{"duration":0}],"translateFrame":[{"duration":7,"tweenEasing":0},{"duration":2,"tweenEasing":0},{"duration":2,"y":7.3168,"tweenEasing":0,"x":-1.7718},{"duration":3,"y":-1.611,"tweenEasing":0,"x":1.6481},{"duration":3,"tweenEasing":0},{"duration":7,"tweenEasing":0},{"duration":0}],"name":"tui1"},{"rotateFrame":[{"tweenEasing":0,"duration":7},{"tweenEasing":0,"duration":2,"rotate":-1.4282},{"tweenEasing":0,"duration":15,"rotate":-2.8849},{"duration":0}],"scaleFrame":[{"duration":24,"tweenEasing":0},{"duration":0}],"translateFrame":[{"duration":7,"tweenEasing":0},{"duration":2,"tweenEasing":0,"x":-3.3382},{"duration":5,"y":-0.3584,"tweenEasing":0,"x":4.9479},{"duration":3,"y":0.0148,"tweenEasing":0,"x":1.9422},{"duration":7,"tweenEasing":0,"x":-5.1019},{"duration":0}],"name":"shen1"},{"rotateFrame":[{"tweenEasing":0,"duration":7},{"tweenEasing":0,"duration":4,"rotate":8.7594},{"tweenEasing":0,"duration":3,"rotate":-22.7058},{"tweenEasing":0,"duration":3,"rotate":-1.2143},{"tweenEasing":0,"duration":7,"rotate":11.7874},{"duration":0}],"scaleFrame":[{"duration":24,"tweenEasing":0},{"duration":0}],"translateFrame":[{"duration":7,"tweenEasing":0},{"duration":7,"tweenEasing":0},{"duration":10,"y":1.7638,"tweenEasing":0},{"duration":0}],"name":"gubo2"},{"rotateFrame":[{"tweenEasing":0,"duration":7},{"tweenEasing":0,"duration":4,"rotate":-8.5851},{"tweenEasing":0,"duration":3,"rotate":29.522},{"tweenEasing":0,"duration":3,"rotate":10.7615},{"tweenEasing":0,"duration":7,"rotate":-2.7794},{"duration":0}],"scaleFrame":[{"duration":24,"tweenEasing":0},{"duration":0}],"translateFrame":[{"duration":7,"tweenEasing":0},{"duration":7,"tweenEasing":0},{"duration":10,"y":-3.5275,"tweenEasing":0},{"duration":0}],"name":"gubo1"},{"rotateFrame":[{"tweenEasing":0,"duration":8},{"tweenEasing":0,"duration":3,"rotate":3.8462},{"tweenEasing":0,"duration":3,"rotate":3.4593},{"tweenEasing":0,"duration":10},{"duration":0}],"scaleFrame":[{"duration":24,"tweenEasing":0},{"duration":0}],"translateFrame":[{"duration":8,"tweenEasing":0},{"duration":3,"tweenEasing":0,"x":-5.0072},{"duration":3,"y":-0.1372,"tweenEasing":0,"x":-3.4021},{"duration":5,"y":-0.0398,"tweenEasing":0,"x":3.7138},{"duration":5,"y":0.0786,"tweenEasing":0,"x":-4.2071},{"duration":0}],"name":"tou"},{"rotateFrame":[{"tweenEasing":0,"duration":24},{"duration":0}],"scaleFrame":[{"duration":24,"tweenEasing":0},{"duration":0}],"translateFrame":[{"duration":24,"tweenEasing":0},{"duration":0}],"name":"yanpi2"},{"rotateFrame":[{"tweenEasing":0,"duration":7},{"tweenEasing":0,"duration":4,"rotate":7.911},{"tweenEasing":0,"duration":3,"rotate":19.4232},{"tweenEasing":0,"duration":5,"rotate":4.5329},{"tweenEasing":0,"duration":5,"rotate":11.2748},{"duration":0}],"scaleFrame":[{"duration":24,"tweenEasing":0},{"duration":0}],"translateFrame":[{"duration":24,"tweenEasing":0},{"duration":0}],"name":"shou2"},{"rotateFrame":[{"tweenEasing":0,"duration":7},{"tweenEasing":0,"duration":4,"rotate":-9.285},{"tweenEasing":0,"duration":3,"rotate":-22.3745},{"tweenEasing":0,"duration":5,"rotate":-7.4053},{"tweenEasing":0,"duration":5,"rotate":-10.7381},{"duration":0}],"scaleFrame":[{"duration":24,"tweenEasing":0},{"duration":0}],"translateFrame":[{"duration":24,"tweenEasing":0},{"duration":0}],"name":"shou1"},{"rotateFrame":[{"tweenEasing":0,"duration":24},{"duration":0}],"scaleFrame":[{"duration":24,"tweenEasing":0},{"duration":0}],"translateFrame":[{"duration":24,"tweenEasing":0},{"duration":0}],"name":"椭圆_1"},{"rotateFrame":[{"tweenEasing":0,"duration":24},{"duration":0}],"scaleFrame":[{"duration":24,"tweenEasing":0},{"duration":0}],"translateFrame":[{"duration":24,"tweenEasing":0},{"duration":0}],"name":"bone"}],"frame":[],"playTimes":0,"slot":[{"colorFrame":[],"displayFrame":[],"name":"gubo2"},{"colorFrame":[],"displayFrame":[],"name":"shou2"},{"colorFrame":[],"displayFrame":[],"name":"tui2"},{"colorFrame":[],"displayFrame":[],"name":"tui1"},{"colorFrame":[],"displayFrame":[],"name":"bolitou"},{"colorFrame":[],"displayFrame":[],"name":"tou"},{"colorFrame":[],"displayFrame":[],"name":"椭圆_1"},{"colorFrame":[],"displayFrame":[],"name":"yanzhu"},{"colorFrame":[],"displayFrame":[],"name":"yanpi1"},{"colorFrame":[],"displayFrame":[],"name":"yanpi2"},{"colorFrame":[],"displayFrame":[],"name":"shen1"},{"colorFrame":[],"displayFrame":[],"name":"shen2"},{"colorFrame":[],"displayFrame":[],"name":"gubo1"},{"colorFrame":[],"displayFrame":[],"name":"shou1"}],"ffd":[],"duration":24,"name":"Jump"},{"bone":[{"rotateFrame":[],"scaleFrame":[],"translateFrame":[],"name":"root"},{"rotateFrame":[{"duration":24}],"scaleFrame":[{"duration":24}],"translateFrame":[{"duration":24}],"name":"shen2"},{"rotateFrame":[{"tweenEasing":0,"duration":7},{"tweenEasing":0,"duration":4,"rotate":2.4023},{"tweenEasing":0,"duration":3,"rotate":8.2157},{"tweenEasing":0,"duration":10,"rotate":3.7835},{"duration":0}],"scaleFrame":[{"duration":24,"tweenEasing":0},{"duration":0}],"translateFrame":[{"curve":[0,0,0.5,1],"duration":7},{"duration":7,"y":5.9958,"tweenEasing":0},{"duration":3,"y":-1.2062,"tweenEasing":0,"x":-0.2769},{"duration":7,"y":6.5515,"tweenEasing":0},{"duration":0}],"name":"shen21"},{"rotateFrame":[{"tweenEasing":0,"duration":9},{"tweenEasing":0,"duration":2},{"tweenEasing":0,"duration":3,"rotate":-1.3522},{"tweenEasing":0,"duration":3,"rotate":3.9776},{"tweenEasing":0,"duration":7},{"duration":0}],"scaleFrame":[{"duration":24,"tweenEasing":0},{"duration":0}],"translateFrame":[{"duration":7,"tweenEasing":0},{"duration":2,"tweenEasing":0},{"duration":2,"y":7.1611,"tweenEasing":0,"x":2.7954},{"duration":3,"y":-4.21,"tweenEasing":0,"x":1.705},{"duration":3,"tweenEasing":0},{"duration":7,"tweenEasing":0},{"duration":0}],"name":"tui2"},{"rotateFrame":[{"tweenEasing":0,"duration":9},{"tweenEasing":0,"duration":2},{"tweenEasing":0,"duration":3,"rotate":11.0275},{"tweenEasing":0,"duration":3,"rotate":-2.1192},{"tweenEasing":0,"duration":7},{"duration":0}],"scaleFrame":[{"duration":24,"tweenEasing":0},{"duration":0}],"translateFrame":[{"duration":7,"tweenEasing":0},{"duration":2,"tweenEasing":0},{"duration":2,"y":7.3168,"tweenEasing":0,"x":-1.7718},{"duration":3,"y":-1.611,"tweenEasing":0,"x":1.6481},{"duration":3,"tweenEasing":0},{"duration":7,"tweenEasing":0},{"duration":0}],"name":"tui1"},{"rotateFrame":[{"tweenEasing":0,"duration":7},{"tweenEasing":0,"duration":2,"rotate":-1.4282},{"tweenEasing":0,"duration":15,"rotate":-2.8849},{"duration":0}],"scaleFrame":[{"duration":24,"tweenEasing":0},{"duration":0}],"translateFrame":[{"duration":7,"tweenEasing":0},{"duration":2,"tweenEasing":0,"x":-3.3382},{"duration":5,"y":-0.3584,"tweenEasing":0,"x":4.9479},{"duration":3,"y":0.0148,"tweenEasing":0,"x":1.9422},{"duration":7,"tweenEasing":0,"x":-5.1019},{"duration":0}],"name":"shen1"},{"rotateFrame":[{"tweenEasing":0,"duration":7},{"tweenEasing":0,"duration":4,"rotate":8.7594},{"tweenEasing":0,"duration":3,"rotate":-22.7058},{"tweenEasing":0,"duration":3,"rotate":-1.2143},{"tweenEasing":0,"duration":7,"rotate":11.7874},{"duration":0}],"scaleFrame":[{"duration":24,"tweenEasing":0},{"duration":0}],"translateFrame":[{"duration":7,"tweenEasing":0},{"duration":7,"tweenEasing":0},{"duration":10,"y":1.7638,"tweenEasing":0},{"duration":0}],"name":"gubo2"},{"rotateFrame":[{"tweenEasing":0,"duration":7},{"tweenEasing":0,"duration":4,"rotate":-8.5851},{"tweenEasing":0,"duration":3,"rotate":29.522},{"tweenEasing":0,"duration":3,"rotate":10.7615},{"tweenEasing":0,"duration":7,"rotate":-2.7794},{"duration":0}],"scaleFrame":[{"duration":24,"tweenEasing":0},{"duration":0}],"translateFrame":[{"duration":7,"tweenEasing":0},{"duration":7,"tweenEasing":0},{"duration":10,"y":-3.5275,"tweenEasing":0},{"duration":0}],"name":"gubo1"},{"rotateFrame":[{"tweenEasing":0,"duration":8},{"tweenEasing":0,"duration":3,"rotate":3.8462},{"tweenEasing":0,"duration":3,"rotate":3.4593},{"tweenEasing":0,"duration":10},{"duration":0}],"scaleFrame":[{"duration":24,"tweenEasing":0},{"duration":0}],"translateFrame":[{"duration":8,"tweenEasing":0},{"duration":3,"tweenEasing":0,"x":-5.0072},{"duration":3,"y":-0.1372,"tweenEasing":0,"x":-3.4021},{"duration":5,"y":-0.0398,"tweenEasing":0,"x":3.7138},{"duration":5,"y":0.0786,"tweenEasing":0,"x":-4.2071},{"duration":0}],"name":"tou"},{"rotateFrame":[{"tweenEasing":0,"duration":24},{"duration":0}],"scaleFrame":[{"duration":24,"tweenEasing":0},{"duration":0}],"translateFrame":[{"duration":24,"tweenEasing":0},{"duration":0}],"name":"yanpi2"},{"rotateFrame":[{"tweenEasing":0,"duration":7},{"tweenEasing":0,"duration":4,"rotate":7.911},{"tweenEasing":0,"duration":3,"rotate":19.4232},{"tweenEasing":0,"duration":5,"rotate":4.5329},{"tweenEasing":0,"duration":5,"rotate":11.2748},{"duration":0}],"scaleFrame":[{"duration":24,"tweenEasing":0},{"duration":0}],"translateFrame":[{"duration":24,"tweenEasing":0},{"duration":0}],"name":"shou2"},{"rotateFrame":[{"tweenEasing":0,"duration":7},{"tweenEasing":0,"duration":4,"rotate":-9.285},{"tweenEasing":0,"duration":3,"rotate":-22.3745},{"tweenEasing":0,"duration":5,"rotate":-7.4053},{"tweenEasing":0,"duration":5,"rotate":-10.7381},{"duration":0}],"scaleFrame":[{"duration":24,"tweenEasing":0},{"duration":0}],"translateFrame":[{"duration":24,"tweenEasing":0},{"duration":0}],"name":"shou1"},{"rotateFrame":[{"tweenEasing":0,"duration":24},{"duration":0}],"scaleFrame":[{"duration":24,"tweenEasing":0},{"duration":0}],"translateFrame":[{"duration":24,"tweenEasing":0},{"duration":0}],"name":"椭圆_1"},{"rotateFrame":[{"tweenEasing":0,"duration":24},{"duration":0}],"scaleFrame":[{"duration":24,"tweenEasing":0},{"duration":0}],"translateFrame":[{"duration":24,"tweenEasing":0},{"duration":0}],"name":"bone"}],"frame":[],"playTimes":0,"slot":[{"colorFrame":[],"displayFrame":[],"name":"gubo2"},{"colorFrame":[],"displayFrame":[],"name":"shou2"},{"colorFrame":[],"displayFrame":[],"name":"tui2"},{"colorFrame":[],"displayFrame":[],"name":"tui1"},{"colorFrame":[],"displayFrame":[],"name":"bolitou"},{"colorFrame":[],"displayFrame":[],"name":"tou"},{"colorFrame":[],"displayFrame":[],"name":"椭圆_1"},{"colorFrame":[],"displayFrame":[],"name":"yanzhu"},{"colorFrame":[],"displayFrame":[],"name":"yanpi1"},{"colorFrame":[],"displayFrame":[],"name":"yanpi2"},{"colorFrame":[],"displayFrame":[],"name":"shen1"},{"colorFrame":[],"displayFrame":[],"name":"shen2"},{"colorFrame":[],"displayFrame":[],"name":"gubo1"},{"colorFrame":[],"displayFrame":[],"name":"shou1"}],"ffd":[],"duration":24,"name":"Jump_1"}],"bone":[{"name":"root","transform":{}},{"transform":{"y":-39.1186,"x":-1.8},"name":"shen2","parent":"root"},{"length":25,"transform":{"skX":-90,"y":4.6186,"skY":-90,"x":0.6},"parent":"shen2","name":"shen21"},{"length":36,"transform":{"skX":87.5914,"y":1.048,"skY":87.5914,"x":-11.75},"parent":"shen2","name":"tui2"},{"length":36,"transform":{"skX":93.3391,"y":0.1343,"skY":93.3391,"x":16.9},"parent":"shen2","name":"tui1"},{"length":31,"transform":{"x":25.3},"parent":"shen21","name":"shen1"},{"length":27,"transform":{"skX":-138.9807,"y":-25.9,"skY":-138.9807,"x":18.6},"parent":"shen1","name":"gubo2"},{"length":25,"transform":{"skX":125.7721,"y":28.7,"skY":125.7721,"x":17.55},"parent":"shen1","name":"gubo1"},{"length":54,"transform":{"skX":-0.4213,"y":-0.2,"skY":-0.4213,"x":29.9996},"parent":"shen1","name":"tou"},{"length":8,"transform":{"skX":3.5246,"y":-0.7595,"skY":3.5246,"x":59.9076},"parent":"tou","name":"yanpi2"},{"length":31,"transform":{"skX":-40.6521,"y":1.1615,"skY":-40.6521,"x":27.3858},"parent":"gubo2","name":"shou2"},{"length":37,"transform":{"skX":38.5886,"y":-0.7106,"skY":38.5886,"x":24.5081},"parent":"gubo1","name":"shou1"},{"transform":{"y":-2.2433,"x":24.5176},"name":"椭圆_1","parent":"tou"},{"transform":{"y":-1.0618,"x":66.9788},"name":"bone","parent":"tou"}],"aabb":{"width":120,"y":-194.64802100718737,"height":195.00000000000003,"x":-55.31712282994664},"name":"armatureName","frameRate":24}]}