{
    "2":{
        "301":{
            "name":"沙漏",
            "desc":"使用该道具，时间增加5秒。只适用于闯关“竞速”"
        },
        "302":{
            "name":"解谜镜",
            "desc":"使用该道具后，拼图玩法显示答案1秒。只适用于闯关“拼图”"
        },
        "303":{
            "name":"强心剂",
            "desc":"使用该道具，生存模式下可回复1滴血。只适用于闯关“生存”"
        }
    },
    "4":{
        "901":{
            "name":"林·梅曼",
            "desc":"X-666星球著名的激光专家，痴迷于制造各类激光武器"
        },
        "902":{
            "name":"麦小克",
            "desc":"性格活泼，深受星球其他小伙伴喜爱"
        },
        "903":{
            "name":"雅伟达",
            "desc":"个性粗暴，有点小坏，喜欢破坏别人砌好的塔"
        },
        "904":{
            "name":"鲁思胜",
            "desc":"总是一副睡不醒的样子，对除了堆塔以外的一切事物都不感兴趣"
        },
        "905":{
            "name":"汤姆辰",
            "desc":"自从X-666星球的人看过地球著名影片——《憨豆先生》后，就把他称作“X-憨豆”"
        }
    },
    "6":{
        "1":{
            "name":"角色碎片",
            "desc":"送人玫瑰，手有余香~送给好友鲜花，帮他增加魅力值"
        }
    },
    "7":{
        "1":{
            "name":"鲜花",
            "desc":"送人玫瑰，手有余香~送给好友鲜花，帮他增加魅力值"
        }
    },
    "8":{
        "1":{
            "name":"宝石砖",
            "desc":"闪闪发光的宝石砖块"
        },
        "2":{
            "name":"春日砖",
            "desc":"春意盎然的春日花草砖"
        },
        "3":{
            "name":"甜甜砖",
            "desc":"甜甜的糖果砖块"
        }
    },
    "9":{
        "901_1":{
            "name":"林·梅曼·一日体验卡",
            "desc":"X-666星球著名的激光专家，痴迷于制造各类激光武器"
        },
        "902_1":{
            "name":"麦小克·一日体验卡",
            "desc":"性格活泼，深受星球其他小伙伴喜爱"
        },
        "903_1":{
            "name":"雅伟达·一日体验卡",
            "desc":"个性粗暴，有点小坏，喜欢破坏别人砌好的塔"
        },
        "904_1":{
            "name":"鲁思胜·一日体验卡",
            "desc":"总是一副睡不醒的样子，对除了堆塔以外的一切事物都不感兴趣"
        },
        "905_1":{
            "name":"汤姆辰·一日体验卡",
            "desc":"自从X-666星球的人看过地球著名影片——《憨豆先生》后，就把他称作“X-憨豆”"
        },
        "901_7":{
            "name":"林·梅曼·七日体验卡",
            "desc":"X-666星球著名的激光专家，痴迷于制造各类激光武器"
        },
        "902_7":{
            "name":"麦小克·七日体验卡",
            "desc":"性格活泼，深受星球其他小伙伴喜爱"
        },
        "903_7":{
            "name":"雅伟达·七日体验卡",
            "desc":"个性粗暴，有点小坏，喜欢破坏别人砌好的塔"
        },
        "904_7":{
            "name":"鲁思胜·七日体验卡",
            "desc":"总是一副睡不醒的样子，对除了堆塔以外的一切事物都不感兴趣"
        },
        "905_7":{
            "name":"汤姆辰·七日体验卡",
            "desc":"自从X-666星球的人看过地球著名影片——《憨豆先生》后，就把他称作“X-憨豆”"
        }
    }
}
    