[
    {"levelName":"yishuzi_json.huoxing","missionInfos":
        [
            {"posx":540,"posy":1180,"avatarPosx":120,"avatarPosy":120},
            {"posx":340,"posy":1140,"avatarPosx":120,"avatarPosy":120},
            {"posx":480,"posy":980,"avatarPosx":120,"avatarPosy":120},
            {"posx":500,"posy":820,"avatarPosx":120,"avatarPosy":120},
            {"posx":330,"posy":895,"avatarPosx":120,"avatarPosy":120},
            {"posx":200,"posy":800,"avatarPosx":120,"avatarPosy":120},
            {"posx":320,"posy":660,"avatarPosx":120,"avatarPosy":120},
            {"posx":230,"posy":495,"avatarPosx":120,"avatarPosy":120},
            {"posx":435,"posy":500,"avatarPosx":120,"avatarPosy":120},
            {"posx":550,"posy":380,"avatarPosx":120,"avatarPosy":120}
        ]
        },
    {"levelName":"yishuzi_json.bingshuangxing","missionInfos":
        [
            {"posx":180,"posy":1175,"avatarPosx":120,"avatarPosy":120},
            {"posx":365,"posy":1120,"avatarPosx":120,"avatarPosy":120},
            {"posx":530,"posy":990,"avatarPosx":120,"avatarPosy":120},
            {"posx":495,"posy":820,"avatarPosx":120,"avatarPosy":120},
            {"posx":270,"posy":880,"avatarPosx":120,"avatarPosy":120},
            {"posx":130,"posy":795,"avatarPosx":120,"avatarPosy":120},
            {"posx":250,"posy":620,"avatarPosx":120,"avatarPosy":120},
            {"posx":420,"posy":515,"avatarPosx":120,"avatarPosy":120},
            {"posx":645,"posy":535,"avatarPosx":120,"avatarPosy":120},
            {"posx":565,"posy":360,"avatarPosx":120,"avatarPosy":120}
        ]},
    {"levelName":"yishuzi_json.yezhixing","missionInfos":
        [
            {"posx":160,"posy":1200,"avatarPosx":120,"avatarPosy":120},
            {"posx":330,"posy":1105,"avatarPosx":120,"avatarPosy":120},
            {"posx":570,"posy":1120,"avatarPosx":120,"avatarPosy":120},
            {"posx":480,"posy":990,"avatarPosx":120,"avatarPosy":120},
            {"posx":280,"posy":880,"avatarPosx":120,"avatarPosy":120},
            {"posx":525,"posy":790,"avatarPosx":120,"avatarPosy":120},
            {"posx":365,"posy":695,"avatarPosx":120,"avatarPosy":120},
            {"posx":490,"posy":515,"avatarPosx":120,"avatarPosy":120},
            {"posx":260,"posy":450,"avatarPosx":120,"avatarPosy":120},
            {"posx":430,"posy":320,"avatarPosx":120,"avatarPosy":120}
        ]},
    {"levelName":"yishuzi_json.sixing","missionInfos":
        [
            {"posx":575,"posy":1190,"avatarPosx":120,"avatarPosy":120},
            {"posx":360,"posy":1130,"avatarPosx":120,"avatarPosy":120},
            {"posx":160,"posy":1065,"avatarPosx":120,"avatarPosy":120},
            {"posx":275,"posy":905,"avatarPosx":120,"avatarPosy":120},
            {"posx":510,"posy":925,"avatarPosx":120,"avatarPosy":120},
            {"posx":485,"posy":765,"avatarPosx":120,"avatarPosy":120},
            {"posx":265,"posy":685,"avatarPosx":120,"avatarPosy":120},
            {"posx":395,"posy":570,"avatarPosx":120,"avatarPosy":120},
            {"posx":565,"posy":490,"avatarPosx":120,"avatarPosy":120},
            {"posx":325,"posy":380,"avatarPosx":120,"avatarPosy":120}
        ]},
    {"levelName":"yishuzi_json.huangjinxing","missionInfos":
        [
            {"posx":145,"posy":1180,"avatarPosx":120,"avatarPosy":120},
            {"posx":360,"posy":1130,"avatarPosx":120,"avatarPosy":120},
            {"posx":540,"posy":1080,"avatarPosx":120,"avatarPosy":120},
            {"posx":570,"posy":885,"avatarPosx":120,"avatarPosy":120},
            {"posx":310,"posy":910,"avatarPosx":120,"avatarPosy":120},
            {"posx":350,"posy":765,"avatarPosx":120,"avatarPosy":120},
            {"posx":265,"posy":625,"avatarPosx":120,"avatarPosy":120},
            {"posx":450,"posy":570,"avatarPosx":120,"avatarPosy":120},
            {"posx":500,"posy":440,"avatarPosx":120,"avatarPosy":120},
            {"posx":305,"posy":385,"avatarPosx":120,"avatarPosy":120}
        ]}
]