{"frameRate":24,"armature":[{"slot":[{"color":{"aM":0},"name":"chuangguanmoshi02","parent":"bone5"},{"blendMode":"add","z":1,"color":{"aM":0},"parent":"bone5","name":"chuangguanmoshi021"},{"z":2,"color":{"aM":0},"name":"chuangguanmoshi04","parent":"bone1"},{"z":3,"color":{"aM":0},"name":"chuangguanmoshi041","parent":"bone1"},{"z":4,"color":{"aM":0},"name":"chuangguanmoshi042","parent":"bone1"},{"z":5,"color":{"aM":0},"name":"chuangguanmoshi","parent":"bone2"},{"z":6,"color":{"aM":0},"name":"chuangguanmoshi03","parent":"bone3"},{"z":7,"color":{"aM":0},"name":"chuangguanmoshi05","parent":"bone4"},{"z":8,"color":{"rM":3,"bM":0,"aM":0},"name":"chuangguanmoshi06","parent":"bone6"},{"z":9,"color":{"rM":3,"bM":0,"aM":0},"name":"chuangguanmoshi061","parent":"bone6"},{"z":10,"color":{"rM":3,"bM":0,"aM":0},"name":"chuangguanmoshi062","parent":"bone6"},{"z":11,"color":{"rM":3,"bM":0,"aM":0},"name":"chuangguanmoshi063","parent":"bone6"},{"z":12,"color":{"rM":3,"bM":0,"aM":0},"name":"chuangguanmoshi064","parent":"bone6"},{"z":13,"color":{"rM":3,"bM":0,"aM":0},"name":"chuangguanmoshi065","parent":"bone6"}],"ik":[],"type":"armature","animation":[{"slot":[{"colorFrame":[{"tweenEasing":null,"duration":85}],"displayFrame":[],"name":"chuangguanmoshi04"},{"colorFrame":[{"tweenEasing":null,"duration":85}],"displayFrame":[],"name":"chuangguanmoshi041"},{"colorFrame":[{"tweenEasing":null,"duration":85}],"displayFrame":[],"name":"chuangguanmoshi042"},{"colorFrame":[{"tweenEasing":null,"duration":85}],"displayFrame":[],"name":"chuangguanmoshi"},{"colorFrame":[{"tweenEasing":null,"duration":85}],"displayFrame":[],"name":"chuangguanmoshi03"},{"colorFrame":[{"tweenEasing":null,"duration":85}],"displayFrame":[],"name":"chuangguanmoshi05"},{"colorFrame":[{"tweenEasing":null,"duration":85}],"displayFrame":[],"name":"chuangguanmoshi02"},{"colorFrame":[{"tweenEasing":0,"duration":9,"color":{"aM":0}},{"tweenEasing":0,"duration":3,"color":{"rM":3,"bM":0,"aM":0}},{"tweenEasing":0,"duration":3,"color":{"rM":3,"bM":0}},{"tweenEasing":0,"duration":7,"color":{"rM":3,"bM":0,"aM":0}},{"tweenEasing":0,"duration":9,"color":{"aM":0}},{"tweenEasing":0,"duration":3,"color":{"rM":3,"bM":0,"aM":0}},{"tweenEasing":0,"duration":3,"color":{"rM":3,"bM":0}},{"tweenEasing":0,"duration":7,"color":{"rM":3,"bM":0,"aM":0}},{"tweenEasing":0,"duration":9,"color":{"aM":0}},{"tweenEasing":0,"duration":3,"color":{"rM":3,"bM":0,"aM":0}},{"tweenEasing":0,"duration":3,"color":{"rM":3,"bM":0}},{"tweenEasing":0,"duration":7,"color":{"rM":3,"bM":0,"aM":0}},{"tweenEasing":0,"duration":9,"color":{"aM":0}},{"tweenEasing":0,"duration":3,"color":{"rM":3,"bM":0,"aM":0}},{"tweenEasing":0,"duration":3,"color":{"rM":3,"bM":0}},{"tweenEasing":null,"duration":4,"color":{"rM":3,"bM":0,"aM":0}}],"displayFrame":[],"name":"chuangguanmoshi06"},{"colorFrame":[{"tweenEasing":0,"duration":12,"color":{"aM":0}},{"tweenEasing":0,"duration":3,"color":{"rM":3,"bM":0,"aM":0}},{"tweenEasing":0,"duration":3,"color":{"rM":3,"bM":0}},{"tweenEasing":0,"duration":4,"color":{"rM":3,"bM":0,"aM":0}},{"tweenEasing":0,"duration":12,"color":{"aM":0}},{"tweenEasing":0,"duration":3,"color":{"rM":3,"bM":0,"aM":0}},{"tweenEasing":0,"duration":3,"color":{"rM":3,"bM":0}},{"tweenEasing":0,"duration":4,"color":{"rM":3,"bM":0,"aM":0}},{"tweenEasing":0,"duration":12,"color":{"aM":0}},{"tweenEasing":0,"duration":3,"color":{"rM":3,"bM":0,"aM":0}},{"tweenEasing":0,"duration":3,"color":{"rM":3,"bM":0}},{"tweenEasing":0,"duration":4,"color":{"rM":3,"bM":0,"aM":0}},{"tweenEasing":0,"duration":12,"color":{"aM":0}},{"tweenEasing":0,"duration":3,"color":{"rM":3,"bM":0,"aM":0}},{"tweenEasing":0,"duration":3,"color":{"rM":3,"bM":0}},{"tweenEasing":null,"duration":1,"color":{"rM":3,"bM":0,"aM":0}}],"displayFrame":[],"name":"chuangguanmoshi061"},{"colorFrame":[{"tweenEasing":0,"duration":6,"color":{"aM":0}},{"tweenEasing":0,"duration":3,"color":{"rM":3,"bM":0,"aM":0}},{"tweenEasing":0,"duration":3,"color":{"rM":3,"bM":0}},{"tweenEasing":0,"duration":10,"color":{"rM":3,"bM":0,"aM":0}},{"tweenEasing":0,"duration":6,"color":{"aM":0}},{"tweenEasing":0,"duration":3,"color":{"rM":3,"bM":0,"aM":0}},{"tweenEasing":0,"duration":3,"color":{"rM":3,"bM":0}},{"tweenEasing":0,"duration":10,"color":{"rM":3,"bM":0,"aM":0}},{"tweenEasing":0,"duration":6,"color":{"aM":0}},{"tweenEasing":0,"duration":3,"color":{"rM":3,"bM":0,"aM":0}},{"tweenEasing":0,"duration":3,"color":{"rM":3,"bM":0}},{"tweenEasing":0,"duration":10,"color":{"rM":3,"bM":0,"aM":0}},{"tweenEasing":0,"duration":6,"color":{"aM":0}},{"tweenEasing":0,"duration":3,"color":{"rM":3,"bM":0,"aM":0}},{"tweenEasing":0,"duration":3,"color":{"rM":3,"bM":0}},{"tweenEasing":null,"duration":7,"color":{"rM":3,"bM":0,"aM":0}}],"displayFrame":[],"name":"chuangguanmoshi062"},{"colorFrame":[{"tweenEasing":0,"duration":15,"color":{"aM":0}},{"tweenEasing":0,"duration":3,"color":{"rM":3,"bM":0,"aM":0}},{"tweenEasing":0,"duration":3,"color":{"rM":3,"bM":0}},{"tweenEasing":0,"duration":1,"color":{"rM":3,"bM":0,"aM":0}},{"tweenEasing":0,"duration":15,"color":{"aM":0}},{"tweenEasing":0,"duration":3,"color":{"rM":3,"bM":0,"aM":0}},{"tweenEasing":0,"duration":3,"color":{"rM":3,"bM":0}},{"tweenEasing":0,"duration":1,"color":{"rM":3,"bM":0,"aM":0}},{"tweenEasing":0,"duration":15,"color":{"aM":0}},{"tweenEasing":0,"duration":3,"color":{"rM":3,"bM":0,"aM":0}},{"tweenEasing":0,"duration":3,"color":{"rM":3,"bM":0}},{"tweenEasing":0,"duration":1,"color":{"rM":3,"bM":0,"aM":0}},{"tweenEasing":0,"duration":15,"color":{"aM":0}},{"tweenEasing":0,"duration":3,"color":{"rM":3,"bM":0,"aM":0}},{"tweenEasing":0,"duration":1,"color":{"rM":3,"bM":0}},{"tweenEasing":null,"duration":0,"color":{"rM":3,"bM":0,"aM":0}}],"displayFrame":[],"name":"chuangguanmoshi063"},{"colorFrame":[{"tweenEasing":0,"duration":3,"color":{"rM":3,"bM":0,"aM":0}},{"tweenEasing":0,"duration":3,"color":{"rM":3,"bM":0,"aM":0}},{"tweenEasing":0,"duration":3,"color":{"rM":3,"bM":0}},{"tweenEasing":0,"duration":13,"color":{"rM":3,"bM":0,"aM":0}},{"tweenEasing":0,"duration":3,"color":{"rM":3,"bM":0,"aM":0}},{"tweenEasing":0,"duration":3,"color":{"rM":3,"bM":0,"aM":0}},{"tweenEasing":0,"duration":3,"color":{"rM":3,"bM":0}},{"tweenEasing":0,"duration":13,"color":{"rM":3,"bM":0,"aM":0}},{"tweenEasing":0,"duration":3,"color":{"rM":3,"bM":0,"aM":0}},{"tweenEasing":0,"duration":3,"color":{"rM":3,"bM":0,"aM":0}},{"tweenEasing":0,"duration":3,"color":{"rM":3,"bM":0}},{"tweenEasing":0,"duration":13,"color":{"rM":3,"bM":0,"aM":0}},{"tweenEasing":0,"duration":3,"color":{"rM":3,"bM":0,"aM":0}},{"tweenEasing":0,"duration":3,"color":{"rM":3,"bM":0,"aM":0}},{"tweenEasing":0,"duration":3,"color":{"rM":3,"bM":0}},{"tweenEasing":null,"duration":10,"color":{"rM":3,"bM":0,"aM":0}}],"displayFrame":[],"name":"chuangguanmoshi064"},{"colorFrame":[{"tweenEasing":0,"duration":3,"color":{"aM":0}},{"tweenEasing":0,"duration":3,"color":{"rM":3,"bM":0}},{"tweenEasing":0,"duration":16,"color":{"rM":3,"bM":0,"aM":0}},{"tweenEasing":0,"duration":3,"color":{"aM":0}},{"tweenEasing":0,"duration":3,"color":{"rM":3,"bM":0}},{"tweenEasing":0,"duration":16,"color":{"rM":3,"bM":0,"aM":0}},{"tweenEasing":0,"duration":3,"color":{"aM":0}},{"tweenEasing":0,"duration":3,"color":{"rM":3,"bM":0}},{"tweenEasing":0,"duration":16,"color":{"rM":3,"bM":0,"aM":0}},{"tweenEasing":0,"duration":3,"color":{"aM":0}},{"tweenEasing":0,"duration":3,"color":{"rM":3,"bM":0}},{"tweenEasing":null,"duration":13,"color":{"rM":3,"bM":0,"aM":0}}],"displayFrame":[],"name":"chuangguanmoshi065"},{"colorFrame":[{"tweenEasing":0,"duration":21,"color":{"aM":0}},{"tweenEasing":0,"duration":21,"color":{"aM":50}},{"tweenEasing":0,"duration":21,"color":{"aM":0}},{"tweenEasing":0,"duration":21,"color":{"aM":50}},{"tweenEasing":null,"duration":1,"color":{"aM":0}}],"displayFrame":[],"name":"chuangguanmoshi021"}],"frame":[],"ffd":[],"bone":[{"translateFrame":[],"rotateFrame":[],"scaleFrame":[],"name":"root"},{"translateFrame":[{"y":218.6357,"duration":3,"tweenEasing":0},{"y":218.64,"duration":82}],"rotateFrame":[],"scaleFrame":[],"name":"bone1"},{"translateFrame":[{"y":222.6812,"duration":85,"x":-1.6951}],"rotateFrame":[],"scaleFrame":[{"duration":6,"tweenEasing":0,"x":-1},{"duration":6,"tweenEasing":0,"x":-0.7},{"duration":6,"tweenEasing":0,"x":-0.4},{"duration":6,"tweenEasing":0,"x":-0.1},{"duration":6,"tweenEasing":0,"x":0.1},{"duration":6,"tweenEasing":0,"x":0.4},{"duration":6,"tweenEasing":0,"x":0.7},{"duration":6,"tweenEasing":0},{"duration":6,"tweenEasing":0,"x":0.7},{"duration":6,"tweenEasing":0,"x":0.4},{"duration":6,"tweenEasing":0,"x":0.1},{"duration":6,"tweenEasing":0,"x":-0.1},{"duration":6,"tweenEasing":0,"x":-0.4},{"duration":7,"tweenEasing":0,"x":-0.7},{"duration":0,"x":-1}],"name":"bone2"},{"translateFrame":[{"y":222.0299,"duration":85}],"rotateFrame":[],"scaleFrame":[{"duration":6,"tweenEasing":0},{"duration":6,"tweenEasing":0,"x":0.7},{"duration":6,"tweenEasing":0,"x":0.4},{"duration":6,"tweenEasing":0,"x":0.1},{"duration":6,"tweenEasing":0,"x":-0.1},{"duration":6,"tweenEasing":0,"x":-0.4},{"duration":6,"tweenEasing":0,"x":-0.7},{"duration":6,"tweenEasing":0,"x":-1},{"duration":6,"tweenEasing":0,"x":-0.7},{"duration":6,"tweenEasing":0,"x":-0.4},{"duration":6,"tweenEasing":0,"x":-0.1},{"duration":6,"tweenEasing":0,"x":0.1},{"duration":6,"tweenEasing":0,"x":0.4},{"duration":6,"tweenEasing":0,"x":0.7},{"duration":1}],"name":"bone3"},{"translateFrame":[{"y":221.7054,"duration":85}],"rotateFrame":[],"scaleFrame":[{"duration":6,"tweenEasing":0},{"duration":6,"tweenEasing":0,"x":0.7},{"duration":6,"tweenEasing":0,"x":0.4},{"duration":6,"tweenEasing":0,"x":0.1},{"duration":6,"tweenEasing":0,"x":-0.1},{"duration":6,"tweenEasing":0,"x":-0.4},{"duration":6,"tweenEasing":0,"x":-0.7},{"duration":6,"tweenEasing":0,"x":-1},{"duration":6,"tweenEasing":0,"x":-0.7},{"duration":6,"tweenEasing":0,"x":-0.4},{"duration":6,"tweenEasing":0,"x":-0.1},{"duration":6,"tweenEasing":0,"x":0.1},{"duration":6,"tweenEasing":0,"x":0.4},{"duration":6,"tweenEasing":0,"x":0.7},{"duration":1}],"name":"bone4"},{"translateFrame":[{"y":218.8075,"duration":85}],"rotateFrame":[],"scaleFrame":[],"name":"bone5"},{"translateFrame":[{"y":218.2521,"duration":85}],"rotateFrame":[],"scaleFrame":[],"name":"bone6"},{"translateFrame":[{"y":218.1723,"duration":85}],"rotateFrame":[],"scaleFrame":[],"name":"bone"}],"name":"play","duration":85,"playTimes":0}],"aabb":{"width":442.55301835502956,"y":-298.1685824750705,"height":134.35269619567828,"x":-219.69301835502955},"skin":[{"name":"","slot":[{"display":[{"path":"chuangguanmoshi06","type":"image","name":"chuangguanmoshi06","transform":{"y":0.2522,"x":20.5361,"scY":0.9502,"scX":0.8901}}],"name":"chuangguanmoshi064"},{"display":[{"path":"chuangguanmoshi06","type":"image","name":"chuangguanmoshi06","transform":{"y":0.7843,"x":39.403,"scY":0.8607,"scX":0.769}}],"name":"chuangguanmoshi062"},{"display":[{"path":"chuangguanmoshi06","type":"image","name":"chuangguanmoshi06","transform":{"y":0.9526,"x":56.4424,"scY":0.8871,"scX":0.7335}}],"name":"chuangguanmoshi06"},{"display":[{"path":"chuangguanmoshi03","type":"image","name":"chuangguanmoshi03","transform":{}}],"name":"chuangguanmoshi03"},{"display":[{"path":"chuangguanmoshi04","type":"image","name":"chuangguanmoshi04","transform":{"y":-218.818,"x":-180.193,"scY":0.7245,"scX":0.7245}}],"name":"chuangguanmoshi042"},{"display":[{"path":"chuangguanmoshi04","type":"image","name":"chuangguanmoshi04","transform":{"y":-193.3159,"x":5.4752}}],"name":"chuangguanmoshi04"},{"display":[{"path":"chuangguanmoshi02","type":"image","name":"chuangguanmoshi02","transform":{}}],"name":"chuangguanmoshi02"},{"display":[{"path":"chuangguanmoshi06","type":"image","name":"chuangguanmoshi06","transform":{}}],"name":"chuangguanmoshi065"},{"display":[{"path":"chuangguanmoshi06","type":"image","name":"chuangguanmoshi06","transform":{"y":1.5094,"x":85.3965,"scY":0.7619,"scX":0.5889}}],"name":"chuangguanmoshi063"},{"display":[{"path":"chuangguanmoshi06","type":"image","name":"chuangguanmoshi06","transform":{"y":1.1712,"x":71.694,"scY":0.8086,"scX":0.6362}}],"name":"chuangguanmoshi061"},{"display":[{"path":"chuangguanmoshi05","type":"image","name":"chuangguanmoshi05","transform":{}}],"name":"chuangguanmoshi05"},{"display":[{"path":"chuangguanmoshi","type":"image","name":"chuangguanmoshi","transform":{}}],"name":"chuangguanmoshi"},{"display":[{"path":"chuangguanmoshi04","type":"image","name":"chuangguanmoshi04","transform":{"y":-221.6488,"x":180.0803,"scY":0.8,"scX":0.8}}],"name":"chuangguanmoshi041"},{"display":[{"path":"chuangguanmoshi02","type":"image","name":"chuangguanmoshi02","transform":{}}],"blendMode":"add","name":"chuangguanmoshi021"}]}],"bone":[{"name":"root","transform":{}},{"transform":{},"name":"bone1","parent":"root"},{"transform":{"y":-249.88,"x":-178.57},"name":"bone2","parent":"root"},{"transform":{"y":-235.51,"x":5.7},"name":"bone3","parent":"root"},{"transform":{"y":-255.62,"x":181.36},"name":"bone4","parent":"root"},{"transform":{"y":-211.5649,"x":5.863},"name":"bone5","parent":"root"},{"transform":{"y":-290.6686,"x":-143.5542},"name":"bone6","parent":"root"},{"transform":{},"name":"bone","parent":"root"}],"name":"chuangguanmoshi","frameRate":24,"defaultActions":[{"gotoAndPlay":"play"}]}],"isGlobal":0,"name":"chuangguanmoshi","version":"5.5"}