{"SubTexture":[{"frameY":-16,"y":1,"frameWidth":500,"frameX":-55,"frameHeight":500,"width":385,"height":432,"name":"cx03","x":1},{"width":100,"y":107,"height":100,"name":"lizi_2195","x":889},{"frameY":-20,"y":1,"frameWidth":128,"frameX":-4,"frameHeight":128,"width":116,"height":104,"name":"lizi_1336","x":889},{"frameY":-16,"y":1,"frameWidth":500,"frameX":-55,"frameHeight":500,"width":373,"height":432,"name":"cx02","x":388},{"frameY":-32,"y":1,"frameWidth":200,"frameX":-30,"frameHeight":200,"width":124,"height":119,"name":"cx01","x":763}],"width":1024,"height":512,"name":"chuxian","imagePath":"chuxian_tex.png"}