{"frameRate":24,"armature":[{"slot":[{"color":{"aM":0},"name":"cx03","parent":"bone5"},{"blendMode":"add","z":1,"color":{"aM":0},"parent":"bone7","name":"lizi_2195"},{"blendMode":"add","z":2,"color":{"aM":0},"parent":"bone6","name":"lizi_1336"},{"z":3,"color":{"aM":0},"name":"cx02","parent":"bone5"},{"z":4,"color":{"aM":0},"name":"cx01","parent":"bone4"}],"ik":[],"type":"armature","animation":[{"slot":[{"colorFrame":[{"tweenEasing":null,"duration":4},{"tweenEasing":0,"duration":4},{"tweenEasing":null,"duration":2,"color":{"aM":0}}],"displayFrame":[{"duration":4,"tweenEasing":null},{"duration":4,"tweenEasing":null},{"duration":2,"tweenEasing":null}],"name":"cx01"},{"colorFrame":[{"tweenEasing":0,"duration":6},{"tweenEasing":0,"duration":4},{"tweenEasing":null,"duration":0,"color":{"aM":0}}],"displayFrame":[{"duration":6,"tweenEasing":null},{"duration":4,"tweenEasing":null},{"duration":0,"tweenEasing":null}],"name":"cx03"},{"colorFrame":[{"tweenEasing":null,"duration":4},{"tweenEasing":0,"duration":4},{"tweenEasing":null,"duration":2,"color":{"aM":0}}],"displayFrame":[{"duration":4,"tweenEasing":null},{"duration":4,"tweenEasing":null},{"duration":2,"tweenEasing":null}],"name":"lizi_1336"},{"colorFrame":[{"tweenEasing":null,"duration":2},{"tweenEasing":0,"duration":2},{"tweenEasing":null,"duration":6,"color":{"aM":0}}],"displayFrame":[{"duration":2,"tweenEasing":null},{"duration":2,"tweenEasing":null},{"duration":6,"tweenEasing":null}],"name":"lizi_2195"},{"colorFrame":[{"tweenEasing":0,"duration":6},{"tweenEasing":0,"duration":4},{"tweenEasing":null,"duration":0,"color":{"aM":0}}],"displayFrame":[{"value":-1,"duration":10,"tweenEasing":null}],"name":"cx02"}],"frame":[],"ffd":[],"bone":[{"translateFrame":[],"rotateFrame":[],"scaleFrame":[],"name":"root"},{"translateFrame":[],"rotateFrame":[],"scaleFrame":[],"name":"NXT_chuxian"},{"translateFrame":[{"duration":4,"tweenEasing":0},{"duration":4,"tweenEasing":0},{"duration":2}],"rotateFrame":[{"duration":4,"tweenEasing":0},{"duration":4,"tweenEasing":0},{"duration":2}],"scaleFrame":[{"y":0.01,"duration":4,"tweenEasing":0,"x":0.01},{"y":1.5,"duration":4,"tweenEasing":0,"x":1.5},{"y":2.8,"duration":2,"x":2.8}],"name":"bone4"},{"translateFrame":[{"duration":6,"tweenEasing":0},{"duration":4,"tweenEasing":0},{"duration":0}],"rotateFrame":[{"duration":6,"tweenEasing":0},{"duration":4,"tweenEasing":0},{"duration":0}],"scaleFrame":[{"y":0.01,"duration":6,"tweenEasing":0,"x":0.01},{"y":0.55,"duration":4,"tweenEasing":0,"x":0.55},{"y":1.15,"duration":0,"x":1.15}],"name":"bone5"},{"translateFrame":[{"duration":4,"tweenEasing":0},{"duration":4,"tweenEasing":0},{"duration":2}],"rotateFrame":[{"duration":4,"tweenEasing":0},{"duration":4,"tweenEasing":0},{"duration":2}],"scaleFrame":[{"y":0.01,"duration":4,"tweenEasing":0,"x":0.01},{"y":2.2,"duration":4,"tweenEasing":0,"x":2.2},{"y":3,"duration":2,"x":3}],"name":"bone6"},{"translateFrame":[{"duration":2,"tweenEasing":0},{"duration":2,"tweenEasing":0},{"duration":6}],"rotateFrame":[{"duration":2,"tweenEasing":0},{"duration":2,"tweenEasing":0},{"duration":6}],"scaleFrame":[{"y":0.01,"duration":2,"tweenEasing":0,"x":0.01},{"y":8,"duration":2,"tweenEasing":0,"x":8},{"y":4,"duration":6,"x":4}],"name":"bone7"}],"name":"play","duration":10,"playTimes":0}],"aabb":{"width":500.5159,"y":-250,"height":500,"x":-250},"skin":[{"name":"","slot":[{"display":[{"path":"lizi_1336","type":"image","name":"lizi_1336","transform":{}}],"blendMode":"add","name":"lizi_1336"},{"display":[{"path":"lizi_2195","type":"image","name":"lizi_2195","transform":{}}],"blendMode":"add","name":"lizi_2195"},{"display":[{"path":"cx03","type":"image","name":"cx03","transform":{"x":0.5159}}],"name":"cx03"},{"display":[{"path":"cx01","type":"image","name":"cx01","transform":{}}],"name":"cx01"},{"display":[{"path":"cx02","type":"image","name":"cx02","transform":{}}],"name":"cx02"}]}],"bone":[{"name":"root","transform":{}},{"transform":{},"name":"NXT_chuxian","parent":"root"},{"transform":{},"name":"bone6","parent":"NXT_chuxian"},{"transform":{},"name":"bone4","parent":"NXT_chuxian"},{"transform":{},"name":"bone7","parent":"NXT_chuxian"},{"transform":{},"name":"bone5","parent":"NXT_chuxian"}],"name":"chuxian","frameRate":24,"defaultActions":[{"gotoAndPlay":"play"}]}],"isGlobal":0,"name":"chuxian","version":"5.5"}