{"frameRate":24,"armature":[{"slot":[{"color":{"aM":0},"name":"daoju_03","parent":"bone34"},{"z":1,"color":{"aM":0},"name":"daoju_04","parent":"bone35"},{"z":2,"color":{"aM":0},"name":"daoju_02","parent":"bone33"},{"z":3,"color":{"aM":0},"name":"daoju_05","parent":"bone36"},{"blendMode":"add","z":4,"color":{"aM":0},"parent":"bone36","name":"daoju_051"},{"z":5,"color":{"aM":0},"name":"daoju_06","parent":"bone37"},{"z":6,"color":{"aM":0},"name":"daoju_07","parent":"bone38"},{"z":7,"color":{"aM":0},"name":"daoju_08","parent":"bone39"},{"z":8,"color":{"aM":0},"name":"daoju_09","parent":"bone40"},{"z":9,"color":{"aM":0},"name":"daoju_10","parent":"bone41"},{"z":10,"color":{"aM":0},"name":"daoju_11","parent":"bone42"}],"ik":[],"type":"armature","animation":[{"slot":[{"colorFrame":[{"tweenEasing":null,"duration":60}],"displayFrame":[],"name":"daoju_02"},{"colorFrame":[{"tweenEasing":null,"duration":60}],"displayFrame":[],"name":"daoju_03"},{"colorFrame":[{"tweenEasing":null,"duration":60},{"tweenEasing":null,"duration":0}],"displayFrame":[],"name":"daoju_04"},{"colorFrame":[{"tweenEasing":0,"duration":14,"color":{"aM":0}},{"tweenEasing":0,"duration":16},{"tweenEasing":0,"duration":15,"color":{"aM":60}},{"tweenEasing":0,"duration":15},{"tweenEasing":null,"duration":0,"color":{"aM":0}}],"displayFrame":[],"name":"daoju_05"},{"colorFrame":[{"tweenEasing":0,"duration":15},{"tweenEasing":0,"duration":15},{"tweenEasing":0,"duration":18},{"tweenEasing":0,"duration":12},{"tweenEasing":null,"duration":0,"color":{"aM":0}}],"displayFrame":[],"name":"daoju_06"},{"colorFrame":[{"tweenEasing":0,"duration":15,"color":{"rM":72,"bM":67,"aM":0}},{"tweenEasing":0,"duration":15,"color":{"rM":72,"bM":67}},{"tweenEasing":0,"duration":15,"color":{"rM":72,"bM":67,"aM":0}},{"tweenEasing":0,"duration":15,"color":{"rM":72,"bM":67}},{"tweenEasing":null,"duration":0,"color":{"rM":72,"bM":67,"aM":0}}],"displayFrame":[],"name":"daoju_07"},{"colorFrame":[{"tweenEasing":0,"duration":45},{"tweenEasing":0,"duration":15},{"tweenEasing":null,"duration":0,"color":{"aM":0}}],"displayFrame":[],"name":"daoju_08"},{"colorFrame":[{"tweenEasing":0,"duration":8,"color":{"aM":0}},{"tweenEasing":0,"duration":8},{"tweenEasing":0,"duration":8,"color":{"aM":0}},{"tweenEasing":0,"duration":8},{"tweenEasing":null,"duration":28,"color":{"aM":0}}],"displayFrame":[],"name":"daoju_09"},{"colorFrame":[{"tweenEasing":0,"duration":15,"color":{"aM":20}},{"tweenEasing":0,"duration":15},{"tweenEasing":0,"duration":15,"color":{"aM":20}},{"tweenEasing":0,"duration":15},{"tweenEasing":null,"duration":0,"color":{"aM":0}}],"displayFrame":[],"name":"daoju_10"},{"colorFrame":[{"tweenEasing":0,"duration":10,"color":{"aM":0}},{"tweenEasing":null,"duration":50}],"displayFrame":[],"name":"daoju_11"},{"colorFrame":[{"tweenEasing":0,"duration":14,"color":{"aM":0}},{"tweenEasing":0,"duration":16,"color":{"aM":50}},{"tweenEasing":0,"duration":15,"color":{"aM":25}},{"tweenEasing":0,"duration":15,"color":{"aM":50}},{"tweenEasing":null,"duration":0,"color":{"aM":0}}],"displayFrame":[],"name":"daoju_051"}],"frame":[],"ffd":[],"bone":[{"translateFrame":[],"rotateFrame":[],"scaleFrame":[],"name":"root"},{"translateFrame":[],"rotateFrame":[],"scaleFrame":[],"name":"NXT_daoju_01"},{"translateFrame":[],"rotateFrame":[],"scaleFrame":[],"name":"bone33"},{"translateFrame":[],"rotateFrame":[],"scaleFrame":[],"name":"bone34"},{"translateFrame":[],"rotateFrame":[{"duration":60,"tweenEasing":0},{"duration":0,"rotate":-120}],"scaleFrame":[],"name":"bone35"},{"translateFrame":[{"y":-45.0988,"duration":14,"tweenEasing":0,"x":11.6998},{"y":-41.2516,"duration":16,"tweenEasing":0,"x":-0.0462},{"y":-40.6154,"duration":15,"tweenEasing":0,"x":-14.7039},{"y":-35.4925,"duration":15,"tweenEasing":0,"x":-29.4106},{"y":-10.518,"duration":0,"x":-47.7232}],"rotateFrame":[{"duration":14,"tweenEasing":0},{"duration":16,"tweenEasing":0,"rotate":10},{"duration":15,"tweenEasing":0},{"duration":15,"tweenEasing":0,"rotate":10},{"duration":0,"rotate":20}],"scaleFrame":[{"y":0.3,"duration":30,"tweenEasing":0,"x":0.3},{"y":0.6,"duration":30,"tweenEasing":0,"x":0.6},{"y":0.3,"duration":0,"x":0.3}],"name":"bone36"},{"translateFrame":[{"y":74.262,"duration":15,"tweenEasing":0,"x":-17.5648},{"y":55.4631,"duration":15,"tweenEasing":0,"x":-24.4582},{"y":61.2663,"duration":18,"tweenEasing":0,"x":-24.4638},{"y":45.9512,"duration":12,"tweenEasing":0,"x":-17.6154},{"y":40.9317,"duration":0,"x":1.2952}],"rotateFrame":[{"duration":60,"tweenEasing":0},{"duration":0,"rotate":40}],"scaleFrame":[{"duration":15,"tweenEasing":0,"x":0.9},{"y":0.6844,"duration":15,"tweenEasing":0,"x":0.6844},{"y":1.0012,"duration":30,"tweenEasing":0,"x":1.0012},{"y":0.5342,"duration":0,"x":0.5342}],"name":"bone37"},{"translateFrame":[{"y":44.0607,"duration":60,"tweenEasing":0,"x":-17.7789},{"y":31.667,"duration":0,"x":-13.8881}],"rotateFrame":[{"duration":60,"tweenEasing":0},{"duration":0,"rotate":-90}],"scaleFrame":[{"duration":15,"tweenEasing":0},{"y":1.3,"duration":15,"tweenEasing":0,"x":1.3},{"y":0.7,"duration":15,"tweenEasing":0,"x":0.7},{"y":1.3,"duration":15,"tweenEasing":0,"x":1.3},{"duration":0}],"name":"bone38"},{"translateFrame":[{"y":12.7079,"duration":60,"x":40.2655}],"rotateFrame":[{"duration":15,"tweenEasing":0},{"duration":15,"tweenEasing":0,"rotate":30},{"duration":15,"tweenEasing":0},{"duration":15,"tweenEasing":0,"rotate":30},{"duration":0}],"scaleFrame":[{"y":0.3,"duration":15,"tweenEasing":0,"x":0.3},{"y":0.6,"duration":15,"tweenEasing":0,"x":0.6},{"y":0.3,"duration":15,"tweenEasing":0,"x":0.3},{"y":0.6,"duration":15,"tweenEasing":0,"x":0.6},{"y":0.3,"duration":0,"x":0.3}],"name":"bone39"},{"translateFrame":[{"y":-42.7776,"duration":60,"x":12.0333}],"rotateFrame":[],"scaleFrame":[{"y":0.1985,"duration":8,"tweenEasing":0,"x":0.1985},{"duration":8,"tweenEasing":0},{"y":0.2,"duration":8,"tweenEasing":0,"x":0.2},{"duration":8,"tweenEasing":0},{"y":0.2,"duration":28,"x":0.2}],"name":"bone40"},{"translateFrame":[{"y":16.8356,"duration":60,"x":-38.5622}],"rotateFrame":[],"scaleFrame":[],"name":"bone41"},{"translateFrame":[{"y":42.2989,"duration":60,"x":20.3084}],"rotateFrame":[],"scaleFrame":[{"y":0.5,"duration":10,"tweenEasing":0,"x":0.5},{"y":1.2,"duration":10,"tweenEasing":0,"x":1.2},{"y":0.6,"duration":10,"tweenEasing":0,"x":0.6},{"duration":10,"tweenEasing":0},{"y":0.2,"duration":20,"x":0.2}],"name":"bone42"}],"name":"play","duration":60,"playTimes":0}],"aabb":{"width":118,"y":-58.5,"height":117,"x":-59},"skin":[{"name":"","slot":[{"display":[{"path":"daoju/daoju_10","type":"image","name":"daoju/daoju_10","transform":{}}],"name":"daoju_10"},{"display":[{"path":"daoju/daoju_09","type":"image","name":"daoju/daoju_09","transform":{}}],"name":"daoju_09"},{"display":[{"path":"daoju/daoju_08","type":"image","name":"daoju/daoju_08","transform":{}}],"name":"daoju_08"},{"display":[{"path":"daoju/daoju_07","type":"image","name":"daoju/daoju_07","transform":{}}],"name":"daoju_07"},{"display":[{"path":"daoju/daoju_06","type":"image","name":"daoju/daoju_06","transform":{"y":-38.078,"x":-11.6248}}],"name":"daoju_06"},{"display":[{"path":"daoju/daoju_05","type":"image","name":"daoju/daoju_05","transform":{}}],"blendMode":"add","name":"daoju_051"},{"display":[{"path":"daoju/daoju_05","type":"image","name":"daoju/daoju_05","transform":{}}],"name":"daoju_05"},{"display":[{"path":"daoju/daoju_02","type":"image","name":"daoju/daoju_02","transform":{}}],"name":"daoju_02"},{"display":[{"path":"daoju/daoju_04","type":"image","name":"daoju/daoju_04","transform":{}}],"name":"daoju_04"},{"display":[{"path":"daoju/daoju_03","type":"image","name":"daoju/daoju_03","transform":{}}],"name":"daoju_03"},{"display":[{"path":"daoju/daoju_11","type":"image","name":"daoju/daoju_11","transform":{}}],"name":"daoju_11"}]}],"bone":[{"name":"root","transform":{}},{"transform":{},"name":"NXT_daoju_01","parent":"root"},{"transform":{},"name":"bone34","parent":"NXT_daoju_01"},{"transform":{},"name":"bone35","parent":"NXT_daoju_01"},{"transform":{},"name":"bone36","parent":"NXT_daoju_01"},{"transform":{},"name":"bone37","parent":"NXT_daoju_01"},{"transform":{},"name":"bone38","parent":"NXT_daoju_01"},{"transform":{},"name":"bone39","parent":"NXT_daoju_01"},{"transform":{},"name":"bone41","parent":"NXT_daoju_01"},{"transform":{},"name":"bone42","parent":"NXT_daoju_01"},{"transform":{},"name":"bone33","parent":"NXT_daoju_01"},{"transform":{},"name":"bone40","parent":"NXT_daoju_01"}],"name":"daoju","frameRate":24,"defaultActions":[{"gotoAndPlay":"play"}]}],"isGlobal":0,"name":"daoju","version":"5.5"}