{"SubTexture":[{"frameY":-14,"y":1,"frameWidth":80,"frameX":-13,"frameHeight":115,"width":50,"height":85,"name":"1-01","x":338},{"frameY":-14,"y":1,"frameWidth":103,"frameX":-15,"frameHeight":115,"width":73,"height":85,"name":"2-01","x":263},{"frameY":-14,"y":175,"frameWidth":103,"frameX":-15,"frameHeight":115,"width":73,"height":77,"name":"3-01","x":260},{"frameY":-13,"y":88,"frameWidth":80,"frameX":-12,"frameHeight":115,"width":52,"height":87,"name":"1-02","x":335},{"frameY":-13,"y":118,"frameWidth":103,"frameX":-14,"frameHeight":115,"width":75,"height":87,"name":"2-02","x":183},{"frameY":-13,"y":118,"frameWidth":103,"frameX":-14,"frameHeight":115,"width":75,"height":87,"name":"3-02","x":106},{"frameY":-14,"y":88,"frameWidth":80,"frameX":-13,"frameHeight":115,"width":50,"height":85,"name":"1-03","x":389},{"frameY":-14,"y":1,"frameWidth":103,"frameX":-15,"frameHeight":115,"width":73,"height":85,"name":"2-03","x":188},{"frameY":-14,"y":88,"frameWidth":103,"frameX":-15,"frameHeight":115,"width":73,"height":85,"name":"3-03","x":260},{"width":80,"y":1,"height":115,"name":"1-04","x":106},{"width":103,"y":118,"height":115,"name":"2-04","x":1},{"width":103,"y":1,"height":115,"name":"3-04","x":1}],"width":512,"height":256,"name":"daojishi","imagePath":"daojishi_tex.png"}