{"SubTexture":[{"frameY":-5,"y":118,"frameWidth":118,"frameX":-4,"frameHeight":117,"width":110,"height":110,"name":"daoju/daoju_03","x":113},{"frameY":-4,"y":118,"frameWidth":118,"frameX":-4,"frameHeight":117,"width":110,"height":111,"name":"daoju/daoju_04","x":1},{"frameY":-2,"y":1,"frameWidth":118,"frameX":-1,"frameHeight":117,"width":115,"height":115,"name":"daoju/daoju_02","x":1},{"width":16,"y":231,"height":15,"name":"daoju/daoju_05","x":1},{"width":12,"y":244,"height":11,"name":"daoju/daoju_06","x":19},{"width":12,"y":231,"height":11,"name":"daoju/daoju_07","x":19},{"width":16,"y":230,"height":15,"name":"daoju/daoju_08","x":113},{"width":10,"y":231,"height":10,"name":"daoju/daoju_09","x":33},{"width":6,"y":248,"height":6,"name":"daoju/daoju_10","x":1},{"width":6,"y":248,"height":6,"name":"daoju/daoju_11","x":9}],"width":256,"height":256,"name":"daoju","imagePath":"daoju_tex.png"}