{"frameRate":24,"armature":[{"slot":[{"color":{"aM":0},"name":"1-01","parent":"FK_daojishi01"},{"z":1,"color":{"aM":0},"name":"2-01","parent":"FK_daojishi01"},{"z":2,"color":{"aM":0},"name":"3-01","parent":"FK_daojishi01"},{"blendMode":"add","z":3,"color":{"aM":0},"parent":"FK_daojishi02","name":"1-02"},{"blendMode":"add","z":4,"color":{"aM":0},"parent":"FK_daojishi02","name":"2-02"},{"blendMode":"add","z":5,"color":{"aM":0},"parent":"FK_daojishi02","name":"3-02"},{"z":6,"color":{"aM":0},"name":"1-03","parent":"FK_daojishi03"},{"z":7,"color":{"aM":0},"name":"2-03","parent":"FK_daojishi03"},{"z":8,"color":{"aM":0},"name":"3-03","parent":"FK_daojishi03"},{"blendMode":"add","z":9,"color":{"aM":0},"parent":"FK_daojishi04","name":"1-04"},{"blendMode":"add","z":10,"color":{"aM":0},"parent":"FK_daojishi04","name":"2-04"},{"blendMode":"add","z":11,"color":{"aM":0},"parent":"FK_daojishi04","name":"3-04"}],"ik":[],"type":"armature","animation":[{"slot":[{"colorFrame":[{"tweenEasing":null,"duration":68}],"displayFrame":[{"value":-1,"duration":68,"tweenEasing":null}],"name":"1-01"},{"colorFrame":[{"tweenEasing":null,"duration":68}],"displayFrame":[{"value":-1,"duration":68,"tweenEasing":null}],"name":"2-01"},{"colorFrame":[{"tweenEasing":null,"duration":68}],"displayFrame":[{"value":-1,"duration":68,"tweenEasing":null}],"name":"3-01"},{"colorFrame":[{"tweenEasing":0,"duration":12,"color":{"aM":0}},{"tweenEasing":0,"duration":3,"color":{"aM":0}},{"tweenEasing":0,"duration":5},{"tweenEasing":0,"duration":4,"color":{"aM":0}},{"tweenEasing":0,"duration":12,"color":{"aM":0}},{"tweenEasing":0,"duration":3,"color":{"aM":0}},{"tweenEasing":0,"duration":5},{"tweenEasing":0,"duration":4,"color":{"aM":0}},{"tweenEasing":0,"duration":12,"color":{"aM":0}},{"tweenEasing":0,"duration":1,"color":{"aM":0}},{"tweenEasing":0,"duration":2},{"tweenEasing":0,"duration":5},{"tweenEasing":null,"duration":0,"color":{"aM":0}}],"displayFrame":[{"value":-1,"duration":12,"tweenEasing":null},{"value":-1,"duration":3,"tweenEasing":null},{"value":-1,"duration":5,"tweenEasing":null},{"value":-1,"duration":4,"tweenEasing":null},{"value":-1,"duration":12,"tweenEasing":null},{"value":-1,"duration":3,"tweenEasing":null},{"value":-1,"duration":5,"tweenEasing":null},{"value":-1,"duration":4,"tweenEasing":null},{"duration":12,"tweenEasing":null},{"duration":1,"tweenEasing":null},{"duration":2,"tweenEasing":null},{"duration":5,"tweenEasing":null},{"duration":0,"tweenEasing":null}],"name":"1-02"},{"colorFrame":[{"tweenEasing":0,"duration":24},{"tweenEasing":0,"duration":12,"color":{"aM":0}},{"tweenEasing":0,"duration":1,"color":{"aM":0}},{"tweenEasing":0,"duration":7},{"tweenEasing":0,"duration":4,"color":{"aM":0}},{"tweenEasing":0,"duration":12,"color":{"aM":0}},{"tweenEasing":0,"duration":1,"color":{"aM":0}},{"tweenEasing":0,"duration":7,"color":{"aM":0}},{"tweenEasing":null,"duration":0,"color":{"aM":0}}],"displayFrame":[{"value":-1,"duration":24,"tweenEasing":null},{"duration":12,"tweenEasing":null},{"duration":1,"tweenEasing":null},{"duration":7,"tweenEasing":null},{"duration":4,"tweenEasing":null},{"duration":12,"tweenEasing":null},{"duration":1,"tweenEasing":null},{"duration":7,"tweenEasing":null},{"duration":0,"tweenEasing":null}],"name":"2-02"},{"colorFrame":[{"tweenEasing":0,"duration":12,"color":{"aM":0}},{"tweenEasing":0,"duration":1,"color":{"aM":0}},{"tweenEasing":0,"duration":7,"color":{"aM":33}},{"tweenEasing":0,"duration":4,"color":{"aM":0}},{"tweenEasing":0,"duration":12,"color":{"aM":0}},{"tweenEasing":0,"duration":1,"color":{"aM":0}},{"tweenEasing":0,"duration":2,"color":{"aM":0}},{"tweenEasing":0,"duration":5,"color":{"aM":0}},{"tweenEasing":0,"duration":4,"color":{"aM":0}},{"tweenEasing":0,"duration":12,"color":{"aM":0}},{"tweenEasing":0,"duration":1,"color":{"aM":0}},{"tweenEasing":0,"duration":2,"color":{"aM":0}},{"tweenEasing":0,"duration":5,"color":{"aM":0}},{"tweenEasing":null,"duration":0,"color":{"aM":0}}],"displayFrame":[{"duration":12,"tweenEasing":null},{"duration":1,"tweenEasing":null},{"duration":7,"tweenEasing":null},{"duration":4,"tweenEasing":null},{"duration":12,"tweenEasing":null},{"duration":1,"tweenEasing":null},{"duration":2,"tweenEasing":null},{"duration":5,"tweenEasing":null},{"duration":4,"tweenEasing":null},{"duration":12,"tweenEasing":null},{"duration":1,"tweenEasing":null},{"duration":2,"tweenEasing":null},{"duration":5,"tweenEasing":null},{"duration":0,"tweenEasing":null}],"name":"3-02"},{"colorFrame":[{"tweenEasing":0,"duration":15},{"tweenEasing":0,"duration":2},{"tweenEasing":0,"duration":3,"color":{"aM":60}},{"tweenEasing":0,"duration":28,"color":{"aM":0}},{"tweenEasing":0,"duration":15},{"tweenEasing":0,"duration":5},{"tweenEasing":null,"duration":0,"color":{"aM":0}}],"displayFrame":[{"value":-1,"duration":15,"tweenEasing":null},{"value":-1,"duration":2,"tweenEasing":null},{"value":-1,"duration":3,"tweenEasing":null},{"value":-1,"duration":28,"tweenEasing":null},{"duration":15,"tweenEasing":null},{"duration":5,"tweenEasing":null},{"duration":0,"tweenEasing":null}],"name":"1-03"},{"colorFrame":[{"tweenEasing":0,"duration":10},{"tweenEasing":0,"duration":14},{"tweenEasing":0,"duration":10},{"tweenEasing":0,"duration":2},{"tweenEasing":0,"duration":3},{"tweenEasing":0,"duration":2},{"tweenEasing":0,"duration":3},{"tweenEasing":0,"duration":4,"color":{"aM":0}},{"tweenEasing":0,"duration":10,"color":{"aM":0}},{"tweenEasing":0,"duration":2,"color":{"aM":0}},{"tweenEasing":0,"duration":3,"color":{"aM":0}},{"tweenEasing":0,"duration":2,"color":{"aM":0}},{"tweenEasing":0,"duration":3,"color":{"aM":0}},{"tweenEasing":null,"duration":0,"color":{"aM":0}}],"displayFrame":[{"value":-1,"duration":10,"tweenEasing":null},{"value":-1,"duration":14,"tweenEasing":null},{"duration":10,"tweenEasing":null},{"duration":2,"tweenEasing":null},{"duration":3,"tweenEasing":null},{"duration":2,"tweenEasing":null},{"duration":3,"tweenEasing":null},{"duration":4,"tweenEasing":null},{"duration":10,"tweenEasing":null},{"duration":2,"tweenEasing":null},{"duration":3,"tweenEasing":null},{"duration":2,"tweenEasing":null},{"duration":3,"tweenEasing":null},{"duration":0,"tweenEasing":null}],"name":"2-03"},{"colorFrame":[{"tweenEasing":0,"duration":15},{"tweenEasing":0,"duration":5},{"tweenEasing":0,"duration":4,"color":{"aM":0}},{"tweenEasing":0,"duration":10,"color":{"aM":0}},{"tweenEasing":0,"duration":2,"color":{"aM":0}},{"tweenEasing":0,"duration":3,"color":{"aM":0}},{"tweenEasing":0,"duration":2,"color":{"aM":0}},{"tweenEasing":0,"duration":3,"color":{"aM":0}},{"tweenEasing":0,"duration":4,"color":{"aM":0}},{"tweenEasing":0,"duration":10,"color":{"aM":0}},{"tweenEasing":0,"duration":2,"color":{"aM":0}},{"tweenEasing":0,"duration":3,"color":{"aM":0}},{"tweenEasing":0,"duration":2,"color":{"aM":0}},{"tweenEasing":0,"duration":3,"color":{"aM":0}},{"tweenEasing":null,"duration":0,"color":{"aM":0}}],"displayFrame":[{"duration":15,"tweenEasing":null},{"duration":5,"tweenEasing":null},{"duration":4,"tweenEasing":null},{"duration":10,"tweenEasing":null},{"duration":2,"tweenEasing":null},{"duration":3,"tweenEasing":null},{"duration":2,"tweenEasing":null},{"duration":3,"tweenEasing":null},{"duration":4,"tweenEasing":null},{"duration":10,"tweenEasing":null},{"duration":2,"tweenEasing":null},{"duration":3,"tweenEasing":null},{"duration":2,"tweenEasing":null},{"duration":3,"tweenEasing":null},{"duration":0,"tweenEasing":null}],"name":"3-03"},{"colorFrame":[{"tweenEasing":0,"duration":4,"color":{"aM":0}},{"tweenEasing":0,"duration":6,"color":{"aM":50}},{"tweenEasing":0,"duration":2,"color":{"aM":60}},{"tweenEasing":0,"duration":3,"color":{"aM":50}},{"tweenEasing":0,"duration":5,"color":{"aM":80}},{"tweenEasing":0,"duration":4,"color":{"aM":0}},{"tweenEasing":0,"duration":4,"color":{"aM":0}},{"tweenEasing":0,"duration":6,"color":{"aM":50}},{"tweenEasing":0,"duration":2,"color":{"aM":60}},{"tweenEasing":0,"duration":3,"color":{"aM":50}},{"tweenEasing":0,"duration":5,"color":{"aM":80}},{"tweenEasing":0,"duration":4,"color":{"aM":0}},{"tweenEasing":0,"duration":4,"color":{"aM":0}},{"tweenEasing":0,"duration":6,"color":{"aM":50}},{"tweenEasing":0,"duration":2,"color":{"aM":60}},{"tweenEasing":0,"duration":3,"color":{"aM":50}},{"tweenEasing":0,"duration":5,"color":{"aM":80}},{"tweenEasing":null,"duration":0,"color":{"aM":0}}],"displayFrame":[{"value":-1,"duration":4,"tweenEasing":null},{"value":-1,"duration":6,"tweenEasing":null},{"value":-1,"duration":2,"tweenEasing":null},{"value":-1,"duration":3,"tweenEasing":null},{"value":-1,"duration":5,"tweenEasing":null},{"value":-1,"duration":4,"tweenEasing":null},{"value":-1,"duration":4,"tweenEasing":null},{"value":-1,"duration":6,"tweenEasing":null},{"value":-1,"duration":2,"tweenEasing":null},{"value":-1,"duration":3,"tweenEasing":null},{"value":-1,"duration":5,"tweenEasing":null},{"value":-1,"duration":4,"tweenEasing":null},{"duration":4,"tweenEasing":null},{"duration":6,"tweenEasing":null},{"duration":2,"tweenEasing":null},{"duration":3,"tweenEasing":null},{"duration":5,"tweenEasing":null},{"duration":0,"tweenEasing":null}],"name":"1-04"},{"colorFrame":[{"tweenEasing":0,"duration":24},{"tweenEasing":0,"duration":4,"color":{"aM":0}},{"tweenEasing":0,"duration":6,"color":{"aM":50}},{"tweenEasing":0,"duration":2,"color":{"aM":60}},{"tweenEasing":0,"duration":3,"color":{"aM":50}},{"tweenEasing":0,"duration":5,"color":{"aM":80}},{"tweenEasing":0,"duration":4,"color":{"aM":0}},{"tweenEasing":0,"duration":4,"color":{"aM":0}},{"tweenEasing":0,"duration":6,"color":{"aM":0}},{"tweenEasing":0,"duration":2,"color":{"aM":0}},{"tweenEasing":0,"duration":3,"color":{"aM":0}},{"tweenEasing":0,"duration":5,"color":{"aM":0}},{"tweenEasing":null,"duration":0,"color":{"aM":0}}],"displayFrame":[{"value":-1,"duration":24,"tweenEasing":null},{"duration":4,"tweenEasing":null},{"duration":6,"tweenEasing":null},{"duration":2,"tweenEasing":null},{"duration":3,"tweenEasing":null},{"duration":5,"tweenEasing":null},{"duration":4,"tweenEasing":null},{"duration":4,"tweenEasing":null},{"duration":6,"tweenEasing":null},{"duration":2,"tweenEasing":null},{"duration":3,"tweenEasing":null},{"duration":5,"tweenEasing":null},{"duration":0,"tweenEasing":null}],"name":"2-04"},{"colorFrame":[{"tweenEasing":0,"duration":4,"color":{"aM":0}},{"tweenEasing":0,"duration":6,"color":{"aM":50}},{"tweenEasing":0,"duration":2,"color":{"aM":60}},{"tweenEasing":0,"duration":3,"color":{"aM":50}},{"tweenEasing":0,"duration":5,"color":{"aM":80}},{"tweenEasing":0,"duration":4,"color":{"aM":0}},{"tweenEasing":0,"duration":4,"color":{"aM":0}},{"tweenEasing":0,"duration":6,"color":{"aM":0}},{"tweenEasing":0,"duration":2,"color":{"aM":0}},{"tweenEasing":0,"duration":3,"color":{"aM":0}},{"tweenEasing":0,"duration":5,"color":{"aM":0}},{"tweenEasing":0,"duration":4,"color":{"aM":0}},{"tweenEasing":0,"duration":4,"color":{"aM":0}},{"tweenEasing":0,"duration":6,"color":{"aM":0}},{"tweenEasing":0,"duration":2,"color":{"aM":0}},{"tweenEasing":0,"duration":3,"color":{"aM":0}},{"tweenEasing":0,"duration":5,"color":{"aM":0}},{"tweenEasing":null,"duration":0,"color":{"aM":0}}],"displayFrame":[{"duration":4,"tweenEasing":null},{"duration":6,"tweenEasing":null},{"duration":2,"tweenEasing":null},{"duration":3,"tweenEasing":null},{"duration":5,"tweenEasing":null},{"duration":4,"tweenEasing":null},{"duration":4,"tweenEasing":null},{"duration":6,"tweenEasing":null},{"duration":2,"tweenEasing":null},{"duration":3,"tweenEasing":null},{"duration":5,"tweenEasing":null},{"duration":4,"tweenEasing":null},{"duration":4,"tweenEasing":null},{"duration":6,"tweenEasing":null},{"duration":2,"tweenEasing":null},{"duration":3,"tweenEasing":null},{"duration":5,"tweenEasing":null},{"duration":0,"tweenEasing":null}],"name":"3-04"}],"frame":[],"ffd":[],"bone":[{"translateFrame":[],"rotateFrame":[],"scaleFrame":[],"name":"root"},{"translateFrame":[],"rotateFrame":[],"scaleFrame":[],"name":"NXT_daojishi"},{"translateFrame":[],"rotateFrame":[],"scaleFrame":[],"name":"FK_daojishi01"},{"translateFrame":[{"duration":12},{"duration":1,"tweenEasing":0},{"duration":2,"tweenEasing":0},{"duration":5,"tweenEasing":0},{"duration":4,"tweenEasing":0},{"duration":12,"tweenEasing":0},{"duration":1,"tweenEasing":0},{"duration":2,"tweenEasing":0},{"duration":5,"tweenEasing":0},{"duration":4,"tweenEasing":0},{"duration":12,"tweenEasing":0},{"duration":1,"tweenEasing":0},{"duration":2,"tweenEasing":0},{"duration":5,"tweenEasing":0},{"duration":0}],"rotateFrame":[{"duration":12},{"duration":1,"tweenEasing":0},{"duration":2,"tweenEasing":0},{"duration":5,"tweenEasing":0},{"duration":4,"tweenEasing":0},{"duration":12,"tweenEasing":0},{"duration":1,"tweenEasing":0},{"duration":2,"tweenEasing":0},{"duration":5,"tweenEasing":0},{"duration":4,"tweenEasing":0},{"duration":12,"tweenEasing":0},{"duration":1,"tweenEasing":0},{"duration":2,"tweenEasing":0},{"duration":5,"tweenEasing":0},{"duration":0}],"scaleFrame":[{"duration":12},{"duration":1,"tweenEasing":0},{"duration":2,"tweenEasing":0},{"duration":5,"tweenEasing":0},{"y":0.8,"duration":4,"tweenEasing":0,"x":0.8},{"y":1.2,"duration":12,"tweenEasing":0,"x":1.2},{"duration":1,"tweenEasing":0},{"y":0.95,"duration":2,"tweenEasing":0},{"duration":5,"tweenEasing":0},{"y":0.8,"duration":4,"tweenEasing":0,"x":0.8},{"y":1.2,"duration":12,"tweenEasing":0,"x":1.2},{"duration":1,"tweenEasing":0},{"duration":2,"tweenEasing":0},{"duration":5,"tweenEasing":0},{"y":0.8,"duration":0,"x":0.8}],"name":"FK_daojishi02"},{"translateFrame":[{"duration":10,"tweenEasing":0},{"duration":2,"tweenEasing":0},{"duration":3,"tweenEasing":0},{"duration":2,"tweenEasing":0},{"duration":17,"tweenEasing":0},{"duration":2,"tweenEasing":0},{"duration":3,"tweenEasing":0},{"duration":2,"tweenEasing":0},{"duration":3,"tweenEasing":0},{"duration":14,"tweenEasing":0},{"duration":2,"tweenEasing":0},{"duration":3,"tweenEasing":0},{"duration":2,"tweenEasing":0},{"duration":3,"tweenEasing":0},{"duration":0}],"rotateFrame":[{"duration":10,"tweenEasing":0},{"duration":2,"tweenEasing":0},{"duration":3,"tweenEasing":0},{"duration":2,"tweenEasing":0},{"duration":17,"tweenEasing":0},{"duration":2,"tweenEasing":0},{"duration":3,"tweenEasing":0},{"duration":2,"tweenEasing":0},{"duration":3,"tweenEasing":0},{"duration":14,"tweenEasing":0},{"duration":2,"tweenEasing":0},{"duration":3,"tweenEasing":0},{"duration":2,"tweenEasing":0},{"duration":3,"tweenEasing":0},{"duration":0}],"scaleFrame":[{"duration":10,"tweenEasing":0},{"y":1.5,"duration":2,"tweenEasing":0,"x":1.5},{"duration":3,"tweenEasing":0},{"duration":2,"tweenEasing":0},{"duration":17,"tweenEasing":0},{"y":1.5,"duration":2,"tweenEasing":0,"x":1.5},{"duration":3,"tweenEasing":0},{"duration":2,"tweenEasing":0},{"duration":3,"tweenEasing":0},{"y":0.8,"duration":14,"tweenEasing":0,"x":0.8},{"y":1.5,"duration":2,"tweenEasing":0,"x":1.5},{"duration":3,"tweenEasing":0},{"duration":2,"tweenEasing":0},{"duration":3,"tweenEasing":0},{"y":0.8,"duration":0,"x":0.8}],"name":"FK_daojishi03"},{"translateFrame":[{"duration":10,"tweenEasing":0},{"duration":2,"tweenEasing":0},{"duration":3,"tweenEasing":0},{"duration":5,"tweenEasing":0},{"duration":4,"tweenEasing":0},{"duration":4,"tweenEasing":0},{"duration":6,"tweenEasing":0},{"duration":2,"tweenEasing":0},{"duration":3,"tweenEasing":0},{"duration":5,"tweenEasing":0},{"duration":4,"tweenEasing":0},{"duration":4,"tweenEasing":0},{"duration":6,"tweenEasing":0},{"duration":2,"tweenEasing":0},{"duration":3,"tweenEasing":0},{"duration":5,"tweenEasing":0},{"duration":0}],"rotateFrame":[{"duration":10,"tweenEasing":0},{"duration":2,"tweenEasing":0},{"duration":3,"tweenEasing":0},{"duration":5,"tweenEasing":0},{"duration":4,"tweenEasing":0},{"duration":4,"tweenEasing":0},{"duration":6,"tweenEasing":0},{"duration":2,"tweenEasing":0},{"duration":3,"tweenEasing":0},{"duration":5,"tweenEasing":0},{"duration":4,"tweenEasing":0},{"duration":4,"tweenEasing":0},{"duration":6,"tweenEasing":0},{"duration":2,"tweenEasing":0},{"duration":3,"tweenEasing":0},{"duration":5,"tweenEasing":0},{"duration":0}],"scaleFrame":[{"y":0.8,"duration":10,"tweenEasing":0,"x":0.8},{"y":1.5,"duration":2,"tweenEasing":0,"x":1.5},{"duration":3,"tweenEasing":0},{"y":1.1,"duration":5,"tweenEasing":0,"x":1.1},{"duration":4,"tweenEasing":0},{"y":0.8,"duration":4,"tweenEasing":0,"x":0.8},{"y":1.5,"duration":6,"tweenEasing":0,"x":1.5},{"y":1.7,"duration":2,"tweenEasing":0,"x":1.7},{"duration":3,"tweenEasing":0},{"y":1.1,"duration":5,"tweenEasing":0,"x":1.1},{"duration":4,"tweenEasing":0},{"y":0.8,"duration":4,"tweenEasing":0,"x":0.8},{"y":1.5,"duration":6,"tweenEasing":0,"x":1.5},{"y":1.7,"duration":2,"tweenEasing":0,"x":1.7},{"duration":3,"tweenEasing":0},{"y":1.1,"duration":5,"tweenEasing":0,"x":1.1},{"duration":0}],"name":"FK_daojishi04"}],"name":"play","duration":68,"playTimes":0}],"aabb":{"width":103,"y":-57.5,"height":115,"x":-51.5},"skin":[{"name":"","slot":[{"display":[{"path":"3-04","type":"image","name":"3-04","transform":{}}],"blendMode":"add","name":"3-04"},{"display":[{"path":"1-04","type":"image","name":"1-04","transform":{}}],"blendMode":"add","name":"1-04"},{"display":[{"path":"2-03","type":"image","name":"2-03","transform":{}}],"name":"2-03"},{"display":[{"path":"3-02","type":"image","name":"3-02","transform":{}}],"blendMode":"add","name":"3-02"},{"display":[{"path":"1-02","type":"image","name":"1-02","transform":{}}],"blendMode":"add","name":"1-02"},{"display":[{"path":"2-01","type":"image","name":"2-01","transform":{}}],"name":"2-01"},{"display":[{"path":"2-04","type":"image","name":"2-04","transform":{}}],"blendMode":"add","name":"2-04"},{"display":[{"path":"3-03","type":"image","name":"3-03","transform":{}}],"name":"3-03"},{"display":[{"path":"1-03","type":"image","name":"1-03","transform":{}}],"name":"1-03"},{"display":[{"path":"2-02","type":"image","name":"2-02","transform":{}}],"blendMode":"add","name":"2-02"},{"display":[{"path":"3-01","type":"image","name":"3-01","transform":{}}],"name":"3-01"},{"display":[{"path":"1-01","type":"image","name":"1-01","transform":{}}],"name":"1-01"}]}],"bone":[{"name":"root","transform":{}},{"transform":{},"name":"NXT_daojishi","parent":"root"},{"transform":{},"name":"FK_daojishi01","parent":"NXT_daojishi"},{"transform":{},"name":"FK_daojishi04","parent":"NXT_daojishi"},{"transform":{},"name":"FK_daojishi02","parent":"NXT_daojishi"},{"transform":{},"name":"FK_daojishi03","parent":"NXT_daojishi"}],"name":"daojishi","frameRate":24,"defaultActions":[{"gotoAndPlay":"play"}]}],"isGlobal":0,"name":"daojishi","version":"5.5"}