{"frameRate":24,"armature":[{"slot":[{"color":{"aM":0},"name":"duizhanmoshi_05","parent":"bone4"},{"blendMode":"add","z":1,"color":{"aM":0},"parent":"bone","name":"duizhanmoshi_01"},{"z":2,"color":{"aM":0},"name":"duizhanmoshi_02","parent":"bone1"},{"z":3,"color":{"aM":0},"name":"duizhanmoshi_03","parent":"bone2"},{"z":4,"color":{"aM":0},"name":"duizhanmoshi_04","parent":"bone3"},{"z":5,"color":{"aM":0},"name":"duizhanmoshi_031","parent":"bone5"},{"blendMode":"add","z":6,"color":{"aM":0},"parent":"bone7","name":"NXT_lingqu01"}],"ik":[],"type":"armature","animation":[{"zOrder":{"frame":[{"zOrder":[1,2,4,-3],"duration":42,"tweenEasing":null}]},"slot":[{"colorFrame":[{"tweenEasing":0,"duration":15,"color":{"aM":0}},{"tweenEasing":0,"duration":1,"color":{"aM":0}},{"tweenEasing":0,"duration":4},{"tweenEasing":0,"duration":1},{"tweenEasing":0,"duration":1,"color":{"aM":0}},{"tweenEasing":0,"duration":11},{"tweenEasing":0,"duration":2},{"tweenEasing":null,"duration":7,"color":{"aM":0}}],"displayFrame":[],"name":"duizhanmoshi_01"},{"colorFrame":[{"tweenEasing":null,"duration":42}],"displayFrame":[],"name":"duizhanmoshi_02"},{"colorFrame":[{"tweenEasing":0,"duration":5,"color":{"aM":0}},{"tweenEasing":0,"duration":3},{"tweenEasing":null,"duration":34,"color":{"aM":0}}],"displayFrame":[],"name":"duizhanmoshi_03"},{"colorFrame":[{"tweenEasing":null,"duration":42}],"displayFrame":[],"name":"duizhanmoshi_04"},{"colorFrame":[{"tweenEasing":0,"duration":16},{"tweenEasing":0,"duration":4},{"tweenEasing":0,"duration":4,"color":{"aM":70}},{"tweenEasing":0,"duration":4},{"tweenEasing":0,"duration":4,"color":{"aM":70}},{"tweenEasing":null,"duration":10}],"displayFrame":[],"name":"duizhanmoshi_05"},{"colorFrame":[{"tweenEasing":0,"duration":2,"color":{"aM":0}},{"tweenEasing":0,"duration":5,"color":{"aM":0}},{"tweenEasing":0,"duration":4},{"tweenEasing":null,"duration":31,"color":{"aM":0}}],"displayFrame":[],"name":"duizhanmoshi_031"},{"colorFrame":[{"tweenEasing":0,"duration":36,"color":{"aM":0}},{"tweenEasing":0,"duration":4,"color":{"aM":0}},{"tweenEasing":0,"duration":2},{"tweenEasing":null,"duration":0,"color":{"aM":0}}],"displayFrame":[],"name":"NXT_lingqu01"}],"frame":[],"ffd":[],"bone":[{"translateFrame":[],"rotateFrame":[],"scaleFrame":[],"name":"root"},{"translateFrame":[{"duration":15},{"y":23.0808,"duration":3,"tweenEasing":0,"x":99.688},{"y":67.8749,"duration":3,"tweenEasing":0,"x":104.8253},{"y":24.1371,"duration":1,"tweenEasing":0,"x":126.3992},{"y":34.151,"duration":1,"tweenEasing":0,"x":158.1119},{"y":26.9022,"duration":1,"tweenEasing":0,"x":155.3112},{"y":25.6254,"duration":1,"tweenEasing":0,"x":146.7115},{"y":30.2383,"duration":1,"tweenEasing":0,"x":139.1332},{"y":36.3421,"duration":1,"tweenEasing":0,"x":136.8267},{"y":43.0967,"duration":1,"tweenEasing":0,"x":142.0986},{"y":47.0506,"duration":1,"tweenEasing":0,"x":152.3128},{"y":54.2835,"duration":1,"tweenEasing":0,"x":156.7396},{"y":61.6579,"duration":1,"tweenEasing":0,"x":152.6065},{"y":64.9427,"duration":1,"tweenEasing":0,"x":144.3402},{"y":62.6368,"duration":1,"tweenEasing":0,"x":135.0733},{"y":56.894,"duration":9,"x":132.8109}],"rotateFrame":[{"duration":22},{"duration":1,"tweenEasing":0},{"duration":1,"tweenEasing":0,"rotate":-37},{"duration":1,"tweenEasing":0,"rotate":-97},{"duration":1,"tweenEasing":0,"rotate":-152},{"duration":1,"tweenEasing":0,"rotate":169},{"duration":1,"tweenEasing":0,"rotate":113},{"duration":1,"tweenEasing":0,"rotate":133},{"duration":1,"tweenEasing":0,"rotate":128},{"duration":1,"tweenEasing":0,"rotate":132},{"duration":1,"tweenEasing":0,"rotate":98},{"duration":1,"tweenEasing":0,"rotate":152},{"duration":9,"rotate":180}],"scaleFrame":[{"y":1.5,"duration":16,"tweenEasing":0,"x":1.5},{"y":0.3,"duration":26,"x":0.3}],"name":"bone"},{"translateFrame":[{"y":-9.5643,"duration":42,"x":1.4736}],"rotateFrame":[],"scaleFrame":[],"name":"bone1"},{"translateFrame":[{"duration":42}],"rotateFrame":[],"scaleFrame":[{"duration":8,"tweenEasing":0},{"y":1.6253,"duration":34,"x":1.6253}],"name":"bone2"},{"translateFrame":[{"duration":42}],"rotateFrame":[],"scaleFrame":[],"name":"bone3"},{"translateFrame":[{"y":16.5,"duration":42,"x":2.25}],"rotateFrame":[],"scaleFrame":[{"duration":4,"tweenEasing":0,"x":0.1852},{"y":0.6,"duration":4,"tweenEasing":0,"x":1.5},{"duration":4,"tweenEasing":0,"x":0.8},{"y":0.8,"duration":4,"tweenEasing":0,"x":1.2},{"duration":26}],"name":"bone4"},{"translateFrame":[{"duration":2},{"duration":5,"tweenEasing":0},{"duration":35}],"rotateFrame":[{"duration":2},{"duration":40,"rotate":-1}],"scaleFrame":[{"duration":2},{"duration":9,"tweenEasing":0},{"y":1.63,"duration":31,"x":1.63}],"name":"bone5"},{"translateFrame":[{"y":137.4886,"duration":42,"x":-41.7214}],"rotateFrame":[{"duration":32},{"duration":1,"tweenEasing":0},{"duration":9}],"scaleFrame":[{"y":0.0196,"duration":36,"tweenEasing":0,"x":0.1924},{"y":0.0154,"duration":4,"tweenEasing":0,"x":0.1506},{"y":0.04,"duration":2,"tweenEasing":0,"x":1.0769},{"y":0.03,"duration":0,"x":1.54}],"name":"bone7"},{"translateFrame":[{"y":-38.6486,"duration":42,"x":-133.017}],"rotateFrame":[],"scaleFrame":[],"name":"bone6"}],"name":"newAnimation","duration":42,"playTimes":0}],"aabb":{"width":375,"y":-179.5,"height":359,"x":-187.5},"skin":[{"name":"","slot":[{"display":[{"path":"duizhanmoshi_05","type":"image","name":"duizhanmoshi_05","transform":{}}],"name":"duizhanmoshi_05"},{"display":[{"path":"NXT_lingqu05","type":"image","name":"NXT_lingqu05","transform":{}}],"blendMode":"add","name":"NXT_lingqu01"},{"display":[{"path":"duizhanmoshi_03","type":"image","name":"duizhanmoshi_03","transform":{}}],"name":"duizhanmoshi_031"},{"display":[{"path":"duizhanmoshi_04","type":"image","name":"duizhanmoshi_04","transform":{}}],"name":"duizhanmoshi_04"},{"display":[{"path":"duizhanmoshi_03","type":"image","name":"duizhanmoshi_03","transform":{}}],"name":"duizhanmoshi_03"},{"display":[{"path":"duizhanmoshi_02","type":"image","name":"duizhanmoshi_02","transform":{}}],"name":"duizhanmoshi_02"},{"display":[{"path":"NXT_lingqu05","type":"image","name":"NXT_lingqu05","transform":{}}],"blendMode":"add","name":"duizhanmoshi_01"}]}],"bone":[{"name":"root","transform":{}},{"transform":{},"name":"bone1","parent":"root"},{"transform":{},"name":"bone2","parent":"root"},{"transform":{},"name":"bone3","parent":"root"},{"transform":{},"name":"bone4","parent":"root"},{"transform":{},"name":"bone5","parent":"root"},{"transform":{},"name":"bone7","parent":"root"},{"transform":{},"name":"bone6","parent":"root"},{"transform":{},"name":"bone","parent":"bone6"}],"name":"duizhanmoshi","frameRate":24,"defaultActions":[{"gotoAndPlay":"newAnimation"}]}],"isGlobal":0,"name":"duizhanmoshi","version":"5.5"}