{"frameRate":24,"armature":[{"slot":[{"color":{"aM":0},"name":"jiaxie_01","parent":"NXT_jiaxie01"},{"blendMode":"add","z":1,"color":{"aM":0},"parent":"NXT_jiaxie01","name":"jiaxie_02"},{"z":2,"color":{},"name":"jiaxie_021","parent":"bone21"},{"blendMode":"add","z":3,"color":{},"parent":"bone21","name":"jiaxie_022"},{"z":4,"color":{},"name":"lizi_016","parent":"bone27"},{"z":5,"color":{},"name":"lizi_017","parent":"bone28"},{"z":6,"color":{},"name":"jiaxie_03","parent":"bone29"}],"ik":[],"type":"armature","animation":[{"slot":[{"colorFrame":[{"tweenEasing":0,"duration":20},{"tweenEasing":0,"duration":3,"color":{"aM":0}},{"tweenEasing":0,"duration":5,"color":{"aM":50}},{"tweenEasing":null,"duration":0,"color":{"aM":0}}],"displayFrame":[{"duration":28,"tweenEasing":null}],"name":"jiaxie_01"},{"colorFrame":[{"tweenEasing":0,"duration":5,"color":{"aM":0}},{"tweenEasing":0,"duration":5},{"tweenEasing":0,"duration":5,"color":{"aM":0}},{"tweenEasing":0,"duration":5},{"tweenEasing":0,"duration":3,"color":{"aM":0}},{"tweenEasing":0,"duration":5,"color":{"aM":30}},{"tweenEasing":null,"duration":0,"color":{"aM":0}}],"displayFrame":[],"name":"jiaxie_02"},{"colorFrame":[],"displayFrame":[{"value":-1,"duration":28,"tweenEasing":null}],"name":"jiaxie_021"},{"colorFrame":[],"displayFrame":[{"value":-1,"duration":28,"tweenEasing":null}],"name":"jiaxie_022"},{"colorFrame":[],"displayFrame":[{"value":-1,"duration":28,"tweenEasing":null}],"name":"lizi_016"},{"colorFrame":[],"displayFrame":[{"value":-1,"duration":28,"tweenEasing":null}],"name":"lizi_017"},{"colorFrame":[],"displayFrame":[{"value":-1,"duration":28,"tweenEasing":null}],"name":"jiaxie_03"}],"frame":[],"ffd":[],"bone":[{"translateFrame":[],"rotateFrame":[],"scaleFrame":[],"name":"root"},{"translateFrame":[],"rotateFrame":[],"scaleFrame":[],"name":"NXT_jianxie"},{"translateFrame":[],"rotateFrame":[],"scaleFrame":[{"y":0.4236,"duration":20,"tweenEasing":0,"x":0.4236},{"y":0.4236,"duration":3,"tweenEasing":0,"x":0.4236},{"y":0.8471,"duration":5,"tweenEasing":0,"x":0.8471},{"y":1.2707,"duration":0,"x":1.2707}],"name":"NXT_jiaxie01"},{"translateFrame":[],"rotateFrame":[],"scaleFrame":[],"name":"NXT_jiaxie_01"},{"translateFrame":[],"rotateFrame":[],"scaleFrame":[],"name":"bone21"},{"translateFrame":[],"rotateFrame":[],"scaleFrame":[],"name":"bone27"},{"translateFrame":[],"rotateFrame":[],"scaleFrame":[],"name":"bone28"},{"translateFrame":[],"rotateFrame":[],"scaleFrame":[],"name":"bone29"}],"name":"jianxue","duration":28,"playTimes":0},{"slot":[{"colorFrame":[],"displayFrame":[{"value":-1,"duration":42,"tweenEasing":null}],"name":"jiaxie_01"},{"colorFrame":[],"displayFrame":[{"value":-1,"duration":42,"tweenEasing":null}],"name":"jiaxie_02"},{"colorFrame":[{"tweenEasing":null,"duration":33},{"tweenEasing":0,"duration":3},{"tweenEasing":null,"duration":6,"color":{"aM":0}}],"displayFrame":[{"duration":42,"tweenEasing":null}],"name":"jiaxie_021"},{"colorFrame":[{"tweenEasing":0,"duration":3,"color":{"aM":0}},{"tweenEasing":0,"duration":3},{"tweenEasing":0,"duration":3,"color":{"aM":0}},{"tweenEasing":0,"duration":3},{"tweenEasing":0,"duration":3,"color":{"aM":0}},{"tweenEasing":0,"duration":3},{"tweenEasing":null,"duration":24,"color":{"aM":0}}],"displayFrame":[{"duration":42,"tweenEasing":null}],"name":"jiaxie_022"},{"colorFrame":[{"tweenEasing":0,"duration":2,"color":{"aM":0}},{"tweenEasing":0,"duration":7,"color":{"aM":0}},{"tweenEasing":0,"duration":3},{"tweenEasing":null,"duration":30,"color":{"aM":0}}],"displayFrame":[{"duration":2,"tweenEasing":null},{"duration":40,"tweenEasing":null}],"name":"lizi_016"},{"colorFrame":[{"tweenEasing":0,"duration":3,"color":{"aM":0}},{"tweenEasing":0,"duration":8,"color":{"aM":0}},{"tweenEasing":0,"duration":4},{"tweenEasing":null,"duration":27,"color":{"aM":0}}],"displayFrame":[{"duration":3,"tweenEasing":null},{"duration":39,"tweenEasing":null}],"name":"lizi_017"},{"colorFrame":[{"tweenEasing":0,"duration":32,"color":{"aM":0}},{"tweenEasing":0,"duration":10,"color":{"aM":0}},{"tweenEasing":null,"duration":0}],"displayFrame":[{"duration":42,"tweenEasing":null}],"name":"jiaxie_03"}],"frame":[],"ffd":[],"bone":[{"translateFrame":[],"rotateFrame":[],"scaleFrame":[],"name":"root"},{"translateFrame":[],"rotateFrame":[],"scaleFrame":[],"name":"NXT_jiaxie_01"},{"translateFrame":[],"rotateFrame":[],"scaleFrame":[],"name":"NXT_jianxie"},{"translateFrame":[],"rotateFrame":[],"scaleFrame":[],"name":"NXT_jiaxie01"},{"translateFrame":[{"duration":21},{"y":-1.878,"duration":21,"x":-1.2952}],"rotateFrame":[],"scaleFrame":[{"y":1.5,"duration":18,"tweenEasing":0,"x":1.5},{"y":1.5,"duration":3,"tweenEasing":0,"x":1.5},{"y":0.9414,"duration":3,"tweenEasing":0,"x":0.8617},{"y":0.9414,"duration":3,"tweenEasing":0,"x":1.0965},{"y":0.9414,"duration":3,"tweenEasing":0,"x":0.86},{"y":0.9414,"duration":3,"tweenEasing":0},{"y":0.9414,"duration":9,"x":0.86}],"name":"bone21"},{"translateFrame":[{"duration":2},{"y":-2.0609,"duration":40,"x":-1.0439}],"rotateFrame":[],"scaleFrame":[{"y":0.31,"duration":2,"tweenEasing":0,"x":0.31},{"y":0.3103,"duration":10,"tweenEasing":0,"x":0.3103},{"y":1.5,"duration":30,"x":1.5}],"name":"bone27"},{"translateFrame":[{"duration":3},{"y":-2.06,"duration":39,"x":-1.04}],"rotateFrame":[],"scaleFrame":[{"y":0.31,"duration":3,"tweenEasing":0,"x":0.31},{"y":0.31,"duration":12,"tweenEasing":0,"x":0.31},{"y":1.5,"duration":27,"x":1.5}],"name":"bone28"},{"translateFrame":[],"rotateFrame":[],"scaleFrame":[],"name":"bone29"}],"name":"jiaxue","duration":42,"playTimes":0}],"aabb":{"width":162,"y":-85.5,"height":171,"x":-81},"skin":[{"name":"","slot":[{"display":[{"path":"jiaxie_03","type":"image","name":"jiaxie_03","transform":{}}],"name":"jiaxie_03"},{"display":[{"path":"lizi_01","type":"image","name":"lizi_01","transform":{}}],"name":"lizi_017"},{"display":[{"path":"lizi_01","type":"image","name":"lizi_01","transform":{}}],"name":"lizi_016"},{"display":[{"path":"jiaxie_02","type":"image","name":"jiaxie_02","transform":{}}],"blendMode":"add","name":"jiaxie_022"},{"display":[{"path":"jiaxie_02","type":"image","name":"jiaxie_02","transform":{}}],"name":"jiaxie_021"},{"display":[{"path":"jiaxie_03","type":"image","name":"jiaxie_03","transform":{}}],"blendMode":"add","name":"jiaxie_02"},{"display":[{"path":"jiaxie_03","type":"image","name":"jiaxie_03","transform":{}}],"name":"jiaxie_01"}]}],"bone":[{"name":"root","transform":{}},{"transform":{},"name":"NXT_jianxie","parent":"root"},{"transform":{},"name":"NXT_jiaxie_01","parent":"root"},{"transform":{},"name":"bone27","parent":"NXT_jiaxie_01"},{"transform":{"scY":2.361,"scX":2.361},"name":"NXT_jiaxie01","parent":"NXT_jianxie"},{"transform":{},"name":"bone28","parent":"NXT_jiaxie_01"},{"transform":{},"name":"bone29","parent":"NXT_jiaxie_01"},{"transform":{},"name":"bone21","parent":"NXT_jiaxie_01"}],"name":"heart","frameRate":24,"defaultActions":[{"gotoAndPlay":"jianxue"}]}],"isGlobal":0,"name":"heart","version":"5.5"}