{"frameRate":24,"armature":[{"slot":[{"blendMode":"add","color":{"aM":0},"parent":"NXT_Jiguang","name":"guangxian_6"},{"z":1,"color":{"aM":0},"name":"jiguang_00000","parent":"NXT_Jiguang02"},{"z":2,"color":{"aM":0},"displayIndex":-1,"name":"jiguang","parent":"NXT_Jiguang02"},{"z":3,"color":{"aM":0},"name":"jiguang1","parent":"bone22"},{"z":4,"color":{"aM":0},"name":"jiguang2","parent":"bone23"},{"z":5,"color":{"aM":0},"name":"jiguang3","parent":"bone24"},{"z":6,"color":{"aM":0},"name":"jiguang4","parent":"bone25"},{"z":7,"color":{"aM":0},"name":"jiguang5","parent":"bone26"}],"ik":[],"type":"armature","animation":[{"slot":[{"colorFrame":[{"tweenEasing":0,"duration":4,"color":{"aM":80}},{"tweenEasing":0,"duration":6},{"tweenEasing":0,"duration":6,"color":{"aM":80}},{"tweenEasing":null,"duration":8}],"displayFrame":[],"name":"guangxian_6"},{"colorFrame":[{"tweenEasing":0,"duration":4,"color":{"aM":0}},{"tweenEasing":0,"duration":4},{"tweenEasing":0,"duration":4,"color":{"aM":0}},{"tweenEasing":0,"duration":4},{"tweenEasing":0,"duration":4,"color":{"aM":0}},{"tweenEasing":0,"duration":4},{"tweenEasing":null,"duration":0,"color":{"aM":0}}],"displayFrame":[{"duration":24,"tweenEasing":null}],"name":"jiguang_00000"},{"colorFrame":[{"tweenEasing":0,"duration":4},{"tweenEasing":null,"duration":20}],"displayFrame":[{"duration":24,"tweenEasing":null}],"name":"jiguang"},{"colorFrame":[{"tweenEasing":0,"duration":6,"color":{"aM":0}},{"tweenEasing":0,"duration":14},{"tweenEasing":0,"duration":4},{"tweenEasing":null,"duration":0,"color":{"aM":0}}],"displayFrame":[],"name":"jiguang1"},{"colorFrame":[{"tweenEasing":0,"duration":4,"color":{"aM":0}},{"tweenEasing":0,"duration":4},{"tweenEasing":0,"duration":6},{"tweenEasing":0,"duration":4},{"tweenEasing":null,"duration":6,"color":{"aM":0}}],"displayFrame":[],"name":"jiguang2"},{"colorFrame":[{"tweenEasing":0,"duration":6,"color":{"aM":0}},{"tweenEasing":0,"duration":12},{"tweenEasing":0,"duration":6},{"tweenEasing":null,"duration":0,"color":{"aM":0}}],"displayFrame":[],"name":"jiguang3"},{"colorFrame":[{"tweenEasing":0,"duration":6,"color":{"aM":0}},{"tweenEasing":0,"duration":2,"color":{"aM":0}},{"tweenEasing":0,"duration":14},{"tweenEasing":0,"duration":2},{"tweenEasing":null,"duration":0,"color":{"aM":0}}],"displayFrame":[],"name":"jiguang4"},{"colorFrame":[{"tweenEasing":0,"duration":6,"color":{"aM":0}},{"tweenEasing":0,"duration":4,"color":{"aM":0}},{"tweenEasing":0,"duration":10},{"tweenEasing":0,"duration":2},{"tweenEasing":null,"duration":2,"color":{"aM":0}}],"displayFrame":[],"name":"jiguang5"}],"frame":[],"ffd":[],"bone":[{"translateFrame":[],"rotateFrame":[],"scaleFrame":[],"name":"root"},{"translateFrame":[],"rotateFrame":[],"scaleFrame":[],"name":"NXT_jiguang"},{"translateFrame":[{"duration":2,"tweenEasing":0,"x":-35},{"duration":2,"tweenEasing":0,"x":-35},{"duration":2,"tweenEasing":0,"x":-35},{"duration":2,"tweenEasing":0,"x":-35},{"duration":2,"tweenEasing":0,"x":-35},{"duration":2,"tweenEasing":0,"x":-35},{"duration":2,"tweenEasing":0,"x":-35},{"duration":2,"tweenEasing":0,"x":-35},{"duration":7,"tweenEasing":0,"x":-35},{"duration":1,"tweenEasing":0,"x":-35},{"duration":0,"x":-35}],"rotateFrame":[{"duration":2,"tweenEasing":0,"rotate":90},{"duration":2,"tweenEasing":0,"rotate":90},{"duration":2,"tweenEasing":0,"rotate":90},{"duration":2,"tweenEasing":0,"rotate":90},{"duration":2,"tweenEasing":0,"rotate":90},{"duration":2,"tweenEasing":0,"rotate":90},{"duration":2,"tweenEasing":0,"rotate":90},{"duration":2,"tweenEasing":0,"rotate":90},{"duration":7,"tweenEasing":0,"rotate":90},{"duration":1,"tweenEasing":0,"rotate":90},{"duration":0,"rotate":90}],"scaleFrame":[{"y":7.2,"duration":2,"tweenEasing":0,"x":0.4},{"y":7.2,"duration":2,"tweenEasing":0,"x":0.3},{"y":7.2,"duration":2,"tweenEasing":0,"x":0.45},{"y":7.2,"duration":2,"tweenEasing":0,"x":0.372},{"y":7.2,"duration":2,"tweenEasing":0,"x":0.5},{"y":7.2,"duration":2,"tweenEasing":0,"x":0.2},{"y":7.2,"duration":2,"tweenEasing":0,"x":0.35},{"y":7.2,"duration":2,"tweenEasing":0,"x":0.2},{"y":7.2,"duration":7,"tweenEasing":0,"x":0.3785},{"y":7.2,"duration":1,"tweenEasing":0,"x":0.0588},{"y":0.01,"duration":0,"x":0.01}],"name":"NXT_Jiguang"},{"translateFrame":[{"duration":24,"x":274.5534}],"rotateFrame":[{"duration":12,"tweenEasing":0},{"duration":12,"tweenEasing":0,"rotate":3},{"duration":0}],"scaleFrame":[],"name":"NXT_Jiguang02"},{"translateFrame":[],"rotateFrame":[],"scaleFrame":[{"y":0.9964,"duration":24,"x":0.9964}],"name":"NXT_Jiguang03"},{"translateFrame":[{"y":-10.6638,"duration":13,"tweenEasing":0,"x":229.2685},{"y":-5.1912,"duration":7,"tweenEasing":0,"x":195.1594},{"y":-2.2445,"duration":4,"tweenEasing":0,"x":170.5497},{"y":-0.5606,"duration":0,"x":185.8376}],"rotateFrame":[],"scaleFrame":[{"y":0.1521,"duration":13,"tweenEasing":0,"x":0.1521},{"y":0.12,"duration":7,"tweenEasing":0,"x":0.12},{"y":0.05,"duration":4,"tweenEasing":0,"x":0.05},{"y":0.01,"duration":0,"x":0.01}],"name":"bone22"},{"translateFrame":[{"y":34.5872,"duration":4,"tweenEasing":0,"x":235.2583},{"y":11.88,"duration":14,"tweenEasing":0,"x":230.5294},{"y":2.4482,"duration":6,"x":198.4144}],"rotateFrame":[],"scaleFrame":[{"y":0.0883,"duration":4,"tweenEasing":0,"x":0.0883},{"y":0.05,"duration":20,"x":0.05}],"name":"bone23"},{"translateFrame":[{"duration":12,"tweenEasing":0,"x":236.7523},{"y":-15.0357,"duration":6,"tweenEasing":0,"x":214.0596},{"y":-7.3904,"duration":6,"tweenEasing":0,"x":204.986},{"y":-1.1633,"duration":0,"x":188.4024}],"rotateFrame":[],"scaleFrame":[{"y":0.1009,"duration":18,"tweenEasing":0,"x":0.1009},{"y":0.1009,"duration":6,"tweenEasing":0,"x":0.1},{"y":0.05,"duration":0,"x":0.05}],"name":"bone24"},{"translateFrame":[{"duration":6},{"y":-22.7101,"duration":16,"tweenEasing":0,"x":233.3005},{"y":-1.8122,"duration":2,"x":160.3568}],"rotateFrame":[],"scaleFrame":[{"duration":6},{"y":0.0948,"duration":18,"tweenEasing":0,"x":0.0948},{"y":0.01,"duration":0,"x":0.01}],"name":"bone25"},{"translateFrame":[{"duration":6},{"y":13.0115,"duration":6,"tweenEasing":0,"x":241.8437},{"y":19.4518,"duration":8,"tweenEasing":0,"x":228.6957},{"y":3.4117,"duration":4,"x":211.1974}],"rotateFrame":[],"scaleFrame":[{"duration":6},{"y":0.1135,"duration":6,"tweenEasing":0,"x":0.1135},{"y":0.06,"duration":12,"x":0.06}],"name":"bone26"}],"name":"play","duration":24,"playTimes":0}],"aabb":{"width":160,"y":-59.5,"height":119,"x":-80},"skin":[{"name":"","slot":[{"display":[{"path":"jiguang","type":"image","name":"jiguang","transform":{}}],"name":"jiguang3"},{"display":[{"path":"jiguang","type":"image","name":"jiguang","transform":{}}],"name":"jiguang2"},{"display":[{"path":"jiguang","type":"image","name":"jiguang","transform":{}}],"name":"jiguang"},{"display":[{"path":"jiguang_00000","type":"image","name":"jiguang_00000","transform":{}}],"name":"jiguang_00000"},{"display":[{"path":"guangxian_6","type":"image","name":"guangxian_6","transform":{}}],"blendMode":"add","name":"guangxian_6"},{"display":[{"path":"jiguang","type":"image","name":"jiguang","transform":{}}],"name":"jiguang1"},{"display":[{"path":"jiguang","type":"image","name":"jiguang","transform":{}}],"name":"jiguang5"},{"display":[{"path":"jiguang","type":"image","name":"jiguang","transform":{}}],"name":"jiguang4"}]}],"bone":[{"name":"root","transform":{}},{"transform":{},"name":"NXT_jiguang","parent":"root"},{"transform":{},"name":"NXT_Jiguang","parent":"NXT_jiguang"},{"transform":{},"name":"NXT_Jiguang02","parent":"NXT_jiguang"},{"transform":{},"name":"NXT_Jiguang03","parent":"NXT_jiguang"},{"transform":{},"name":"bone25","parent":"NXT_Jiguang03"},{"transform":{},"name":"bone22","parent":"NXT_Jiguang03"},{"transform":{},"name":"bone24","parent":"NXT_Jiguang03"},{"transform":{},"name":"bone26","parent":"NXT_Jiguang03"},{"transform":{},"name":"bone23","parent":"NXT_Jiguang03"}],"name":"jiguang","frameRate":24,"defaultActions":[{"gotoAndPlay":"play"}]}],"isGlobal":0,"name":"jiguang","version":"5.5"}