{"frameRate":24,"armature":[{"slot":[{"color":{"aM":0},"name":"lizi_01","parent":"NXT_jineng01_1"},{"z":1,"color":{"aM":0},"name":"lizi_011","parent":"NXT_jineng01_2"},{"z":2,"color":{"aM":0},"name":"lizi_012","parent":"NXT_jineng01_3"},{"z":3,"color":{"aM":0},"name":"lizi_013","parent":"NXT_jineng01_4"},{"z":4,"color":{"aM":0},"name":"xinjilu_041","parent":"NXT_jineng02"}],"ik":[],"type":"armature","animation":[{"slot":[{"colorFrame":[{"tweenEasing":0,"duration":6,"color":{"aM":0}},{"tweenEasing":0,"duration":3,"color":{"aM":0}},{"tweenEasing":0,"duration":3,"color":{"aM":50}},{"tweenEasing":null,"duration":8,"color":{"aM":0}}],"displayFrame":[],"name":"lizi_01"},{"colorFrame":[{"tweenEasing":0,"duration":7,"color":{"aM":0}},{"tweenEasing":0,"duration":4,"color":{"aM":0}},{"tweenEasing":0,"duration":4,"color":{"aM":40}},{"tweenEasing":null,"duration":5,"color":{"aM":0}}],"displayFrame":[],"name":"lizi_011"},{"colorFrame":[{"tweenEasing":0,"duration":6,"color":{"aM":0}},{"tweenEasing":0,"duration":3,"color":{"aM":0}},{"tweenEasing":0,"duration":3,"color":{"aM":50}},{"tweenEasing":null,"duration":8,"color":{"aM":0}}],"displayFrame":[],"name":"lizi_012"},{"colorFrame":[{"tweenEasing":0,"duration":8,"color":{"aM":0}},{"tweenEasing":0,"duration":5,"color":{"aM":0}},{"tweenEasing":0,"duration":5,"color":{"aM":50}},{"tweenEasing":null,"duration":2,"color":{"aM":0}}],"displayFrame":[],"name":"lizi_013"},{"colorFrame":[{"tweenEasing":0,"duration":6,"color":{"aM":0}},{"tweenEasing":null,"duration":14,"color":{"aM":60}}],"displayFrame":[],"name":"xinjilu_041"}],"frame":[],"ffd":[],"bone":[{"translateFrame":[],"rotateFrame":[],"scaleFrame":[],"name":"root"},{"translateFrame":[],"rotateFrame":[],"scaleFrame":[],"name":"NXT_jineng"},{"translateFrame":[],"rotateFrame":[],"scaleFrame":[],"name":"NXT_jineng01"},{"translateFrame":[],"rotateFrame":[],"scaleFrame":[{"y":0.8824,"duration":6,"tweenEasing":0,"x":0.8824},{"y":0.8824,"duration":6,"tweenEasing":0,"x":0.8824},{"y":1.7647,"duration":8,"x":1.7647}],"name":"NXT_jineng01_1"},{"translateFrame":[],"rotateFrame":[{"duration":20,"tweenEasing":0,"rotate":-91},{"duration":0}],"scaleFrame":[{"duration":6},{"duration":14,"x":0.9938}],"name":"NXT_jineng02"},{"translateFrame":[],"rotateFrame":[],"scaleFrame":[{"y":0.7059,"duration":7,"tweenEasing":0,"x":0.7059},{"y":0.7059,"duration":8,"tweenEasing":0,"x":0.7059},{"y":1.7647,"duration":5,"x":1.7647}],"name":"NXT_jineng01_2"},{"translateFrame":[],"rotateFrame":[],"scaleFrame":[{"duration":6},{"duration":6,"tweenEasing":0},{"y":1.4286,"duration":8,"x":1.4286}],"name":"NXT_jineng01_3"},{"translateFrame":[],"rotateFrame":[],"scaleFrame":[{"duration":8},{"duration":10,"tweenEasing":0},{"y":1.4286,"duration":2,"x":1.4286}],"name":"NXT_jineng01_4"}],"name":"play","duration":20,"playTimes":0}],"aabb":{"width":650,"y":-324.5,"height":649,"x":-325},"skin":[{"name":"","slot":[{"display":[{"path":"xinjilu_04","type":"image","name":"xinjilu_04","transform":{}}],"name":"xinjilu_041"},{"display":[{"path":"lizi_01","type":"image","name":"lizi_01","transform":{}}],"name":"lizi_013"},{"display":[{"path":"lizi_01","type":"image","name":"lizi_01","transform":{}}],"name":"lizi_012"},{"display":[{"path":"lizi_01","type":"image","name":"lizi_01","transform":{}}],"name":"lizi_011"},{"display":[{"path":"lizi_01","type":"image","name":"lizi_01","transform":{}}],"name":"lizi_01"}]}],"bone":[{"name":"root","transform":{}},{"transform":{},"name":"NXT_jineng","parent":"root"},{"transform":{"scY":0.483,"scX":0.483},"name":"NXT_jineng02","parent":"NXT_jineng"},{"transform":{},"name":"NXT_jineng01","parent":"NXT_jineng"},{"transform":{"scY":0.7,"scX":0.7},"name":"NXT_jineng01_3","parent":"NXT_jineng01"},{"transform":{"scY":1.7,"scX":1.7},"name":"NXT_jineng01_1","parent":"NXT_jineng01"},{"transform":{"scY":1.7,"scX":1.7},"name":"NXT_jineng01_2","parent":"NXT_jineng01"},{"transform":{"scY":0.7,"scX":0.7},"name":"NXT_jineng01_4","parent":"NXT_jineng01"}],"name":"jineng","frameRate":24,"defaultActions":[{"gotoAndPlay":"play"}]}],"isGlobal":0,"name":"jineng","version":"5.5"}