{"SubTexture":[{"frameY":-6,"y":1,"frameWidth":128,"frameX":-4,"frameHeight":128,"width":114,"height":114,"name":"lizi_2534_02","x":1},{"frameY":-12,"y":1,"frameWidth":100,"frameX":-10,"frameHeight":100,"width":79,"height":73,"name":"006","x":217},{"frameY":-1,"y":1,"frameWidth":100,"frameX":-1,"frameHeight":100,"width":98,"height":98,"name":"004","x":117},{"width":100,"y":117,"height":100,"name":"yanhuo_29","x":103},{"width":100,"y":117,"height":100,"name":"lizi_2195","x":1},{"frameY":-1,"y":101,"frameWidth":100,"frameX":-4,"frameHeight":100,"width":91,"height":97,"name":"yan04","x":205},{"frameY":-19,"y":200,"frameWidth":100,"frameX":-15,"frameHeight":100,"width":70,"height":50,"name":"yan05","x":205}],"width":512,"height":256,"name":"pengzhuang","imagePath":"pengzhuang_tex.png"}