{"frameRate":24,"armature":[{"slot":[{"blendMode":"add","color":{"aM":0},"parent":"bone","name":"lizi_2534_02"},{"z":1,"color":{"aM":0},"name":"006","parent":"bone1"},{"blendMode":"add","z":2,"color":{"aM":0},"parent":"bone2","name":"004"},{"blendMode":"add","z":3,"color":{"aM":0},"parent":"bone3","name":"yanhuo_29"},{"blendMode":"add","z":4,"color":{"aM":0},"parent":"bone","name":"KF_xiaochu"},{"blendMode":"add","z":5,"color":{"aM":0},"parent":"bone1","name":"KF_xiaochu01"},{"blendMode":"add","z":6,"color":{"aM":0},"parent":"bone2","name":"KF_xiaochu02"},{"z":7,"color":{"aM":0},"name":"yan03","parent":"bone3"},{"z":8,"color":{"aM":0},"name":"yan05","parent":"bone66"},{"blendMode":"add","z":9,"color":{"aM":0},"parent":"bone3","name":"yan04"},{"blendMode":"add","z":10,"color":{"aM":0},"parent":"bone66","name":"yan051"}],"ik":[],"type":"armature","animation":[{"slot":[{"colorFrame":[{"tweenEasing":0,"duration":3,"color":{"gM":64,"bM":45}},{"tweenEasing":0,"duration":2,"color":{"gM":73,"bM":61}},{"tweenEasing":null,"duration":15,"color":{"aM":0}}],"displayFrame":[{"value":-1,"duration":3,"tweenEasing":null},{"value":-1,"duration":2,"tweenEasing":null},{"value":-1,"duration":15,"tweenEasing":null}],"name":"lizi_2534_02"},{"colorFrame":[{"tweenEasing":0,"duration":3,"color":{"aM":0}},{"tweenEasing":0,"duration":5,"color":{"aM":0}},{"tweenEasing":null,"duration":6,"color":{"aM":38}},{"tweenEasing":null,"duration":6,"color":{"aM":0}}],"displayFrame":[{"duration":3,"tweenEasing":null},{"duration":5,"tweenEasing":null},{"duration":12,"tweenEasing":null}],"name":"006"},{"colorFrame":[{"tweenEasing":0,"duration":2,"color":{"aM":0}},{"tweenEasing":0,"duration":1},{"tweenEasing":null,"duration":17,"color":{"aM":0}}],"displayFrame":[{"value":-1,"duration":2,"tweenEasing":null},{"value":-1,"duration":1,"tweenEasing":null},{"value":-1,"duration":17,"tweenEasing":null}],"name":"004"},{"colorFrame":[{"tweenEasing":0,"duration":10,"color":{"aM":0}},{"tweenEasing":0,"duration":10,"color":{"aM":0}},{"tweenEasing":null,"duration":0,"color":{"aM":50}}],"displayFrame":[{"value":-1,"duration":10,"tweenEasing":null},{"value":-1,"duration":10,"tweenEasing":null},{"value":-1,"duration":0,"tweenEasing":null}],"name":"yanhuo_29"},{"colorFrame":[{"tweenEasing":0,"duration":3,"color":{"aM":0}},{"tweenEasing":0,"duration":2},{"tweenEasing":null,"duration":15,"color":{"aM":0}}],"displayFrame":[{"duration":3,"tweenEasing":null},{"duration":2,"tweenEasing":null},{"duration":15,"tweenEasing":null}],"name":"KF_xiaochu"},{"colorFrame":[{"tweenEasing":null,"duration":3},{"tweenEasing":0,"duration":5,"color":{"aM":0}},{"tweenEasing":0,"duration":6,"color":{"aM":37}},{"tweenEasing":null,"duration":6,"color":{"aM":0}}],"displayFrame":[{"duration":8,"tweenEasing":null},{"duration":6,"tweenEasing":null},{"duration":6,"tweenEasing":null}],"name":"KF_xiaochu01"},{"colorFrame":[],"displayFrame":[{"value":-1,"duration":20,"tweenEasing":null}],"name":"KF_xiaochu02"},{"colorFrame":[{"tweenEasing":0,"duration":6,"color":{"aM":0}},{"tweenEasing":0,"duration":4},{"tweenEasing":0,"duration":4},{"tweenEasing":null,"duration":6,"color":{"aM":0}}],"displayFrame":[],"name":"yan03"},{"colorFrame":[{"tweenEasing":0,"duration":10,"color":{"aM":0}},{"tweenEasing":0,"duration":5},{"tweenEasing":null,"duration":5,"color":{"aM":0}}],"displayFrame":[],"name":"yan05"},{"colorFrame":[{"tweenEasing":null,"duration":6},{"tweenEasing":0,"duration":4,"color":{"aM":15}},{"tweenEasing":0,"duration":4,"color":{"aM":20}},{"tweenEasing":null,"duration":6,"color":{"aM":0}}],"displayFrame":[],"name":"yan04"},{"colorFrame":[{"tweenEasing":0,"duration":10,"color":{"aM":0}},{"tweenEasing":0,"duration":5,"color":{"aM":13}},{"tweenEasing":null,"duration":5,"color":{"aM":0}}],"displayFrame":[],"name":"yan051"}],"frame":[],"ffd":[],"bone":[{"translateFrame":[],"rotateFrame":[],"scaleFrame":[],"name":"root"},{"translateFrame":[{"duration":3,"tweenEasing":0},{"duration":2,"tweenEasing":0},{"duration":15}],"rotateFrame":[{"duration":3,"tweenEasing":0},{"duration":2,"tweenEasing":0},{"duration":15}],"scaleFrame":[{"y":0.01,"duration":3,"tweenEasing":0,"x":0.01},{"y":2.5,"duration":2,"tweenEasing":0,"x":2.5},{"y":2.2,"duration":15,"x":2.2}],"name":"bone"},{"translateFrame":[],"rotateFrame":[],"scaleFrame":[],"name":"NXT_pengzhuang01"},{"translateFrame":[{"duration":3,"tweenEasing":0},{"duration":5,"tweenEasing":0},{"duration":6,"tweenEasing":0},{"duration":6}],"rotateFrame":[{"duration":3,"tweenEasing":0},{"duration":5,"tweenEasing":0},{"duration":6,"tweenEasing":0},{"duration":6,"rotate":10}],"scaleFrame":[{"y":0.01,"duration":3,"tweenEasing":0,"x":0.01},{"y":0.01,"duration":5,"tweenEasing":0,"x":0.01},{"y":2,"duration":6,"tweenEasing":0,"x":2},{"y":2.6,"duration":6,"x":2.6}],"name":"bone1"},{"translateFrame":[{"duration":2,"tweenEasing":0},{"duration":1,"tweenEasing":0},{"duration":17}],"rotateFrame":[{"duration":2,"tweenEasing":0},{"duration":1,"tweenEasing":0},{"duration":17}],"scaleFrame":[{"y":0.01,"duration":2,"tweenEasing":0,"x":0.01},{"y":5,"duration":1,"tweenEasing":0,"x":5},{"duration":17}],"name":"bone2"},{"translateFrame":[{"duration":10,"tweenEasing":0},{"duration":10,"tweenEasing":0},{"duration":0}],"rotateFrame":[{"duration":14,"tweenEasing":0},{"duration":6,"tweenEasing":0,"rotate":-20},{"duration":0}],"scaleFrame":[{"y":0.01,"duration":10,"tweenEasing":0,"x":0.01},{"duration":10,"tweenEasing":0},{"y":1.3,"duration":0,"x":1.3}],"name":"bone3"},{"translateFrame":[],"rotateFrame":[{"duration":15,"tweenEasing":0},{"duration":5,"rotate":10}],"scaleFrame":[{"y":0.01,"duration":10,"tweenEasing":0,"x":0.01},{"duration":5,"tweenEasing":0},{"y":1.2,"duration":5,"x":1.2}],"name":"bone66"}],"name":"play","duration":20,"playTimes":0}],"aabb":{"width":128,"y":-64,"height":128,"x":-64},"skin":[{"name":"","slot":[{"display":[{"path":"004","type":"image","name":"004","transform":{}}],"blendMode":"add","name":"KF_xiaochu02"},{"display":[{"path":"006","type":"image","name":"006","transform":{}}],"blendMode":"add","name":"KF_xiaochu01"},{"display":[{"path":"lizi_2195","type":"image","name":"lizi_2195","transform":{}}],"blendMode":"add","name":"KF_xiaochu"},{"display":[{"path":"yanhuo_29","type":"image","name":"yanhuo_29","transform":{}}],"blendMode":"add","name":"yanhuo_29"},{"display":[{"path":"004","type":"image","name":"004","transform":{}}],"blendMode":"add","name":"004"},{"display":[{"path":"006","type":"image","name":"006","transform":{}}],"name":"006"},{"display":[{"path":"lizi_2534_02","type":"image","name":"lizi_2534_02","transform":{"scY":2.1933,"scX":2.1933}}],"blendMode":"add","name":"lizi_2534_02"},{"display":[{"path":"yan05","type":"image","name":"yan05","transform":{"scY":0.9,"scX":0.9}}],"blendMode":"add","name":"yan051"},{"display":[{"path":"yan04","type":"image","name":"yan04","transform":{}}],"blendMode":"add","name":"yan04"},{"display":[{"path":"yan05","type":"image","name":"yan05","transform":{"scY":0.9,"scX":0.9}}],"name":"yan05"},{"display":[{"path":"yan04","type":"image","name":"yan04","transform":{}}],"name":"yan03"}]}],"bone":[{"name":"root","transform":{}},{"transform":{},"name":"NXT_pengzhuang01","parent":"root"},{"transform":{},"name":"bone1","parent":"NXT_pengzhuang01"},{"transform":{},"name":"bone2","parent":"NXT_pengzhuang01"},{"transform":{},"name":"bone3","parent":"NXT_pengzhuang01"},{"transform":{},"name":"bone","parent":"NXT_pengzhuang01"},{"transform":{},"name":"bone66","parent":"NXT_pengzhuang01"}],"name":"pengzhuang","frameRate":24,"defaultActions":[{"gotoAndPlay":"play"}]}],"isGlobal":0,"name":"pengzhuang","version":"5.5"}