{"frameRate":24,"armature":[{"slot":[{"blendMode":"add","color":{"aM":0},"parent":"bone1","name":"shangdian06"},{"z":1,"color":{"aM":0},"name":"shangdian05","parent":"bone"},{"z":2,"color":{"aM":0},"name":"shangdian04","parent":"bone"},{"z":3,"color":{"aM":0},"name":"shangdian03","parent":"bone"},{"z":4,"color":{"aM":0},"name":"shangdian02","parent":"bone"},{"z":5,"color":{"aM":0},"name":"shangdian01","parent":"bone"},{"z":6,"color":{"aM":0},"name":"shangdian07","parent":"bone2"}],"ik":[],"type":"armature","animation":[{"slot":[{"colorFrame":[{"tweenEasing":0,"duration":10,"color":{"aM":0}},{"tweenEasing":0,"duration":5,"color":{"aM":0}},{"tweenEasing":0,"duration":5},{"tweenEasing":null,"duration":8,"color":{"aM":0}}],"displayFrame":[],"name":"shangdian01"},{"colorFrame":[{"tweenEasing":0,"duration":15,"color":{"aM":0}},{"tweenEasing":0,"duration":5,"color":{"aM":0}},{"tweenEasing":0,"duration":4},{"tweenEasing":null,"duration":4,"color":{"aM":0}}],"displayFrame":[],"name":"shangdian02"},{"colorFrame":[{"tweenEasing":0,"duration":5,"color":{"aM":0}},{"tweenEasing":0,"duration":5,"color":{"aM":0}},{"tweenEasing":0,"duration":5},{"tweenEasing":null,"duration":13,"color":{"aM":0}}],"displayFrame":[],"name":"shangdian03"},{"colorFrame":[{"tweenEasing":0,"duration":20,"color":{"aM":0}},{"tweenEasing":0,"duration":4,"color":{"aM":0}},{"tweenEasing":0,"duration":4},{"tweenEasing":null,"duration":0,"color":{"aM":0}}],"displayFrame":[],"name":"shangdian04"},{"colorFrame":[{"tweenEasing":0,"duration":5,"color":{"aM":0}},{"tweenEasing":0,"duration":5},{"tweenEasing":null,"duration":18,"color":{"aM":0}}],"displayFrame":[],"name":"shangdian05"},{"colorFrame":[{"tweenEasing":0,"duration":14,"color":{"rM":0,"aM":20}},{"tweenEasing":0,"duration":14,"color":{"rM":0}},{"tweenEasing":null,"duration":0,"color":{"rM":0,"aM":20}}],"displayFrame":[],"name":"shangdian06"},{"colorFrame":[{"tweenEasing":null,"duration":28}],"displayFrame":[],"name":"shangdian07"}],"frame":[],"ffd":[],"bone":[{"translateFrame":[],"rotateFrame":[],"scaleFrame":[],"name":"root"},{"translateFrame":[],"rotateFrame":[],"scaleFrame":[],"name":"bone"},{"translateFrame":[],"rotateFrame":[],"scaleFrame":[],"name":"bone1"},{"translateFrame":[],"rotateFrame":[],"scaleFrame":[{"duration":14,"tweenEasing":0},{"y":1.15,"duration":14,"tweenEasing":0,"x":1.15},{"duration":0}],"name":"bone2"}],"name":"newAnimation","duration":28,"playTimes":0}],"aabb":{"width":158.96711947514797,"y":-80.47662957153018,"height":119.47662957153018,"x":-70.5},"skin":[{"name":"","slot":[{"display":[{"path":"shangdian01","type":"image","name":"shangdian01","transform":{}}],"name":"shangdian01"},{"display":[{"path":"shangdian02","type":"image","name":"shangdian02","transform":{}}],"name":"shangdian02"},{"display":[{"path":"shangdian04","type":"image","name":"shangdian04","transform":{}}],"name":"shangdian04"},{"display":[{"path":"shangdian05","type":"image","name":"shangdian05","transform":{}}],"name":"shangdian05"},{"display":[{"path":"shangdian06","type":"image","name":"shangdian06","transform":{}}],"blendMode":"add","name":"shangdian06"},{"display":[{"path":"shangdian03","type":"image","name":"shangdian03","transform":{}}],"name":"shangdian03"},{"display":[{"path":"shangdian07","type":"image","name":"shangdian07","transform":{}}],"name":"shangdian07"}]}],"bone":[{"name":"root","transform":{}},{"transform":{},"name":"bone","parent":"root"},{"transform":{},"name":"bone1","parent":"root"},{"transform":{"y":-50.4766,"x":51.4671},"name":"bone2","parent":"root"}],"name":"shangdian","frameRate":24,"defaultActions":[{"gotoAndPlay":"newAnimation"}]}],"isGlobal":0,"name":"shangdian","version":"5.5"}