{"SubTexture":[{"width":141,"y":1,"height":78,"name":"shangdian06","x":1},{"width":96,"y":81,"height":47,"name":"shangdian05","x":1},{"width":96,"y":99,"height":47,"name":"shangdian04","x":99},{"width":96,"y":1,"height":47,"name":"shangdian03","x":144},{"width":96,"y":130,"height":47,"name":"shangdian02","x":1},{"width":96,"y":50,"height":47,"name":"shangdian01","x":144},{"width":74,"y":148,"height":60,"name":"shangdian07","x":99}],"width":256,"height":256,"name":"shangdian","imagePath":"shangdian_tex.png"}