{"imagePath":"shengjila_tex.png","width":1024,"SubTexture":[{"width":263,"y":174,"height":108,"name":"shengjila_01","x":653},{"width":650,"y":1,"height":649,"name":"shengjila_02","x":1},{"frameX":-3,"y":1,"frameY":-4,"frameWidth":350,"width":341,"frameHeight":180,"height":171,"name":"shengjila_03","x":653},{"frameX":-29,"y":174,"frameY":-33,"frameWidth":162,"width":105,"frameHeight":171,"height":105,"name":"lizi_01","x":918},{"frameX":-56,"y":652,"frameY":-62,"frameWidth":512,"width":390,"frameHeight":512,"height":389,"name":"NXT_lingqu04","x":1}],"height":2048,"name":"shengjila"}