{"SubTexture":[{"width":512,"y":1,"height":512,"name":"fazhen_2166","x":1},{"frameY":-28,"y":1,"frameWidth":500,"frameX":-25,"frameHeight":500,"width":448,"height":447,"name":"10","x":515},{"width":126,"y":450,"height":62,"name":"title_01","x":815},{"width":170,"y":450,"height":100,"name":"title_01_02","x":515},{"frameY":-17,"y":450,"frameWidth":170,"frameX":-22,"frameHeight":100,"width":126,"height":66,"name":"title_01_03","x":687}],"width":1024,"height":1024,"name":"shengli","imagePath":"shengli_tex.png"}