{"frameRate":24,"armature":[{"animation":[{"playTimes":0,"frame":[],"slot":[{"colorFrame":[{"duration":6,"color":{"aM":0},"tweenEasing":0},{"duration":24}],"displayFrame":[{"duration":30}],"name":"shengjila_01"},{"colorFrame":[{"duration":6,"color":{"aM":0},"tweenEasing":0},{"duration":8,"color":{"aM":0},"tweenEasing":0},{"duration":16,"tweenEasing":0},{"duration":0}],"displayFrame":[{"value":-1,"duration":6},{"duration":8},{"duration":16}],"name":"shengjila_02"},{"colorFrame":[{"duration":11,"color":{"aM":0},"tweenEasing":0},{"duration":2,"color":{"aM":0},"tweenEasing":0},{"duration":6,"color":{"aM":60},"tweenEasing":0},{"duration":11,"color":{"aM":0}}],"displayFrame":[{"duration":30}],"name":"shengjila_03"},{"colorFrame":[{"duration":5,"color":{"aM":0},"tweenEasing":0},{"duration":3,"color":{"aM":0},"tweenEasing":0},{"duration":3,"tweenEasing":0},{"duration":19,"color":{"aM":0}}],"displayFrame":[{"duration":30}],"name":"lizi_01"},{"colorFrame":[{"duration":7,"color":{"aM":0},"tweenEasing":0},{"duration":3,"color":{"aM":0},"tweenEasing":0},{"duration":3,"tweenEasing":0},{"duration":17,"color":{"aM":0}}],"displayFrame":[{"duration":30}],"name":"lizi_011"},{"colorFrame":[{"duration":6},{"duration":24,"tweenEasing":0},{"duration":0,"color":{"aM":0}}],"displayFrame":[{"value":-1,"duration":6},{"duration":24}],"name":"NXT_lingqu04"}],"duration":30,"zOrder":{"frame":[{"duration":30,"zOrder":[0,4,1,2,2,3],"tweenEasing":null}]},"name":"play","bone":[{"translateFrame":[],"rotateFrame":[],"scaleFrame":[],"name":"root"},{"translateFrame":[{"y":-639.3028,"tweenEasing":0,"duration":6},{"tweenEasing":0,"duration":2},{"y":-13,"tweenEasing":0,"duration":2},{"duration":20}],"rotateFrame":[{"duration":6},{"tweenEasing":0,"duration":2},{"tweenEasing":0,"rotate":10,"duration":2},{"tweenEasing":0,"rotate":-5,"duration":2},{"duration":18}],"scaleFrame":[{"duration":6},{"x":1.2,"y":1.2,"tweenEasing":0,"duration":2},{"x":1.3,"y":1.3,"tweenEasing":0,"duration":2},{"x":1.1,"y":1.1,"tweenEasing":0,"duration":2},{"x":1.2,"y":1.2,"duration":18}],"name":"bone"},{"translateFrame":[],"rotateFrame":[],"scaleFrame":[{"duration":13},{"x":1.2,"y":1.2,"tweenEasing":0,"duration":6},{"x":1.2,"y":1.2,"duration":11}],"name":"bone1"},{"translateFrame":[],"rotateFrame":[{"duration":6},{"tweenEasing":0,"duration":24},{"rotate":180,"duration":0}],"scaleFrame":[{"duration":6},{"x":0.01,"y":0.01,"tweenEasing":0,"duration":8},{"duration":16}],"name":"bone2"},{"translateFrame":[],"rotateFrame":[],"scaleFrame":[{"duration":5},{"x":0.75,"y":0.75,"tweenEasing":0,"duration":6},{"x":5,"y":5,"duration":19}],"name":"bone4"},{"translateFrame":[],"rotateFrame":[],"scaleFrame":[{"duration":7},{"x":0.75,"y":0.75,"tweenEasing":0,"duration":6},{"x":5,"y":5,"duration":17}],"name":"bone5"},{"translateFrame":[],"rotateFrame":[{"duration":6},{"tweenEasing":0,"duration":24},{"rotate":-90,"duration":0}],"scaleFrame":[{"duration":6},{"x":0.01,"y":0.01,"tweenEasing":0,"duration":1},{"x":1.4,"y":1.4,"tweenEasing":0,"duration":2},{"duration":21}],"name":"bone6"}],"ffd":[]}],"type":"Armature","frameRate":24,"ik":[],"skin":[{"slot":[{"display":[{"path":"shengjila_02","type":"image","name":"shengjila_02","transform":{"scX":0.8,"scY":0.8}}],"name":"shengjila_02"},{"display":[{"path":"shengjila_01","type":"image","name":"shengjila_01","transform":{}}],"name":"shengjila_01"},{"display":[{"path":"NXT_lingqu04","type":"image","name":"NXT_lingqu04","transform":{}}],"blendMode":"add","name":"NXT_lingqu04"},{"display":[{"path":"lizi_01","type":"image","name":"lizi_01","transform":{}}],"blendMode":"add","name":"lizi_011"},{"display":[{"path":"lizi_01","type":"image","name":"lizi_01","transform":{}}],"blendMode":"add","name":"lizi_01"},{"display":[{"path":"shengjila_03","type":"image","name":"shengjila_03","transform":{}}],"blendMode":"add","name":"shengjila_03"}],"name":""}],"aabb":{"width":0,"y":0,"height":0,"x":0},"defaultActions":[{"gotoAndPlay":"play"}],"slot":[{"color":{},"name":"shengjila_01","parent":"bone","displayIndex":-1},{"z":1,"color":{},"name":"shengjila_02","parent":"bone2","displayIndex":-1},{"blendMode":"add","z":2,"color":{},"name":"shengjila_03","parent":"bone1","displayIndex":-1},{"blendMode":"add","z":3,"color":{},"name":"lizi_01","parent":"bone4","displayIndex":-1},{"blendMode":"add","z":4,"color":{},"name":"lizi_011","parent":"bone5","displayIndex":-1},{"blendMode":"add","z":5,"color":{},"name":"NXT_lingqu04","parent":"bone6","displayIndex":-1}],"name":"shengjila","bone":[{"name":"root","transform":{}},{"transform":{},"name":"bone","parent":"root"},{"transform":{},"name":"bone1","parent":"root"},{"transform":{},"name":"bone2","parent":"root"},{"transform":{"scX":0.8,"scY":0.8},"name":"bone4","parent":"root"},{"transform":{"scX":0.8,"scY":0.8},"name":"bone5","parent":"root"},{"transform":{},"name":"bone6","parent":"root"}]}],"isGlobal":0,"name":"shenjila","version":"5.5"}