{"frameRate":24,"armature":[{"aabb":{"width":0,"y":0,"height":0,"x":0},"type":"Armature","frameRate":24,"ik":[],"animation":[{"duration":30,"playTimes":0,"frame":[],"zOrder":{"frame":[{"duration":30,"tweenEasing":null,"zOrder":[0,4,1,2,2,3]}]},"slot":[{"colorFrame":[{"duration":6,"tweenEasing":0,"color":{"aM":0}},{"duration":24}],"displayFrame":[{"duration":30}],"name":"shengjila_01"},{"colorFrame":[{"duration":6,"tweenEasing":0,"color":{"aM":0}},{"duration":8,"tweenEasing":0,"color":{"aM":0}},{"duration":16,"tweenEasing":0},{"duration":0}],"displayFrame":[{"value":-1,"duration":6},{"duration":8},{"duration":16}],"name":"shengjila_02"},{"colorFrame":[{"duration":11,"tweenEasing":0,"color":{"aM":0}},{"duration":2,"tweenEasing":0,"color":{"aM":0}},{"duration":6,"tweenEasing":0,"color":{"aM":60}},{"duration":11,"color":{"aM":0}}],"displayFrame":[{"duration":30}],"name":"shengjila_03"},{"colorFrame":[{"duration":5,"tweenEasing":0,"color":{"aM":0}},{"duration":3,"tweenEasing":0,"color":{"aM":0}},{"duration":3,"tweenEasing":0},{"duration":19,"color":{"aM":0}}],"displayFrame":[{"duration":30}],"name":"lizi_01"},{"colorFrame":[{"duration":7,"tweenEasing":0,"color":{"aM":0}},{"duration":3,"tweenEasing":0,"color":{"aM":0}},{"duration":3,"tweenEasing":0},{"duration":17,"color":{"aM":0}}],"displayFrame":[{"duration":30}],"name":"lizi_011"},{"colorFrame":[{"duration":6},{"duration":24,"tweenEasing":0},{"duration":0,"color":{"aM":0}}],"displayFrame":[{"value":-1,"duration":6},{"duration":24}],"name":"NXT_lingqu04"}],"ffd":[],"name":"play","bone":[{"translateFrame":[],"rotateFrame":[],"scaleFrame":[],"name":"root"},{"translateFrame":[{"duration":6,"tweenEasing":0,"y":-639.3028},{"duration":2,"tweenEasing":0},{"duration":2,"tweenEasing":0,"y":-13},{"duration":20}],"rotateFrame":[{"duration":6},{"duration":2,"tweenEasing":0},{"duration":2,"tweenEasing":0,"rotate":10},{"duration":2,"tweenEasing":0,"rotate":-5},{"duration":18}],"scaleFrame":[{"duration":6},{"duration":2,"tweenEasing":0,"y":1.2,"x":1.2},{"duration":2,"tweenEasing":0,"y":1.3,"x":1.3},{"duration":2,"tweenEasing":0,"y":1.1,"x":1.1},{"duration":18,"y":1.2,"x":1.2}],"name":"bone"},{"translateFrame":[],"rotateFrame":[],"scaleFrame":[{"duration":13},{"duration":6,"tweenEasing":0,"y":1.2,"x":1.2},{"duration":11,"y":1.2,"x":1.2}],"name":"bone1"},{"translateFrame":[],"rotateFrame":[{"duration":6},{"duration":24,"tweenEasing":0},{"duration":0,"rotate":180}],"scaleFrame":[{"duration":6},{"duration":8,"tweenEasing":0,"y":0.01,"x":0.01},{"duration":16}],"name":"bone2"},{"translateFrame":[],"rotateFrame":[],"scaleFrame":[{"duration":5},{"duration":6,"tweenEasing":0,"y":0.75,"x":0.75},{"duration":19,"y":5,"x":5}],"name":"bone4"},{"translateFrame":[],"rotateFrame":[],"scaleFrame":[{"duration":7},{"duration":6,"tweenEasing":0,"y":0.75,"x":0.75},{"duration":17,"y":5,"x":5}],"name":"bone5"},{"translateFrame":[],"rotateFrame":[{"duration":6},{"duration":24,"tweenEasing":0},{"duration":0,"rotate":-90}],"scaleFrame":[{"duration":6},{"duration":1,"tweenEasing":0,"y":0.01,"x":0.01},{"duration":2,"tweenEasing":0,"y":1.4,"x":1.4},{"duration":21}],"name":"bone6"}]}],"defaultActions":[{"gotoAndPlay":"play"}],"slot":[{"displayIndex":-1,"name":"shengjila_01","parent":"bone","color":{}},{"displayIndex":-1,"z":1,"name":"shengjila_02","parent":"bone2","color":{}},{"displayIndex":-1,"blendMode":"add","z":2,"parent":"bone1","name":"shengjila_03","color":{}},{"displayIndex":-1,"blendMode":"add","z":3,"parent":"bone4","name":"lizi_01","color":{}},{"displayIndex":-1,"blendMode":"add","z":4,"parent":"bone5","name":"lizi_011","color":{}},{"displayIndex":-1,"blendMode":"add","z":5,"parent":"bone6","name":"NXT_lingqu04","color":{}}],"name":"shengjila","skin":[{"slot":[{"display":[{"path":"shengjila_02","type":"image","name":"shengjila_02","transform":{"scX":0.8,"scY":0.8}}],"name":"shengjila_02"},{"display":[{"path":"shengjila_01","type":"image","name":"shengjila_01","transform":{}}],"name":"shengjila_01"},{"display":[{"path":"NXT_lingqu04","type":"image","name":"NXT_lingqu04","transform":{}}],"blendMode":"add","name":"NXT_lingqu04"},{"display":[{"path":"lizi_01","type":"image","name":"lizi_01","transform":{}}],"blendMode":"add","name":"lizi_011"},{"display":[{"path":"lizi_01","type":"image","name":"lizi_01","transform":{}}],"blendMode":"add","name":"lizi_01"},{"display":[{"path":"shengjila_03","type":"image","name":"shengjila_03","transform":{}}],"blendMode":"add","name":"shengjila_03"}],"name":""}],"bone":[{"name":"root","transform":{}},{"transform":{},"name":"bone","parent":"root"},{"transform":{},"name":"bone1","parent":"root"},{"transform":{},"name":"bone2","parent":"root"},{"transform":{"scX":0.8,"scY":0.8},"name":"bone4","parent":"root"},{"transform":{"scX":0.8,"scY":0.8},"name":"bone5","parent":"root"},{"transform":{},"name":"bone6","parent":"root"}]}],"name":"shengjila","version":"5.5","isGlobal":0}