{"frameRate":24,"armature":[{"slot":[{"blendMode":"add","color":{"aM":0},"parent":"NXT_shengli01","name":"fazhen_2166"},{"z":1,"color":{"aM":0},"name":"10","parent":"NXT_shengli02"},{"z":2,"color":{"aM":0},"name":"101","parent":"NXT_shengli03"},{"z":3,"color":{"aM":0},"name":"title_01","parent":"NXT_shengli04"},{"blendMode":"add","z":4,"color":{"aM":0},"parent":"NXT_shengli011","name":"fazhen_21661"},{"blendMode":"add","z":5,"color":{"aM":0},"parent":"NXT_shengli012","name":"fazhen_21662"},{"blendMode":"add","z":6,"color":{"aM":0},"parent":"NXT_shengli04","name":"title_011"},{"z":7,"color":{"aM":0},"name":"title_01_03","parent":"NXT_shengli04"}],"ik":[],"type":"armature","animation":[{"slot":[{"colorFrame":[{"tweenEasing":0,"duration":6,"color":{"aM":0}},{"tweenEasing":0,"duration":6},{"tweenEasing":null,"duration":28,"color":{"aM":0}}],"displayFrame":[],"name":"fazhen_2166"},{"colorFrame":[{"tweenEasing":0,"duration":4,"color":{"aM":0}},{"tweenEasing":null,"duration":34,"color":{"aM":90}},{"tweenEasing":0,"duration":2,"color":{"gM":94,"rM":74,"bM":92,"aM":81}},{"tweenEasing":null,"duration":0,"color":{"aM":0}}],"displayFrame":[],"name":"10"},{"colorFrame":[{"tweenEasing":0,"duration":4,"color":{"aM":0}},{"tweenEasing":0,"duration":34,"color":{"aM":60}},{"tweenEasing":0,"duration":2,"color":{"gM":99,"rM":98,"bM":99,"aM":52}},{"tweenEasing":null,"duration":0,"color":{"aM":0}}],"displayFrame":[],"name":"101"},{"colorFrame":[{"tweenEasing":0,"duration":1,"color":{"aM":0}},{"tweenEasing":0,"duration":1,"color":{"aM":0}},{"tweenEasing":0,"duration":12,"color":{"aM":90}},{"tweenEasing":0,"duration":12,"color":{"aM":90}},{"tweenEasing":0,"duration":12,"color":{"aM":90}},{"tweenEasing":0,"duration":1,"color":{"aM":90}},{"tweenEasing":0,"duration":1,"color":{"aM":0}},{"tweenEasing":null,"duration":0,"color":{"aM":0}}],"displayFrame":[],"name":"title_01"},{"colorFrame":[{"tweenEasing":0,"duration":4,"color":{"aM":0}},{"tweenEasing":0,"duration":6,"color":{"aM":0}},{"tweenEasing":0,"duration":6},{"tweenEasing":null,"duration":24,"color":{"aM":0}}],"displayFrame":[],"name":"fazhen_21661"},{"colorFrame":[{"tweenEasing":0,"duration":10,"color":{"aM":0}},{"tweenEasing":0,"duration":5,"color":{"aM":0}},{"tweenEasing":0,"duration":5},{"tweenEasing":null,"duration":20,"color":{"aM":0}}],"displayFrame":[],"name":"fazhen_21662"},{"colorFrame":[{"tweenEasing":null,"duration":1},{"tweenEasing":0,"duration":1,"color":{"aM":0}},{"tweenEasing":0,"duration":12,"color":{"aM":0}},{"tweenEasing":0,"duration":12,"color":{"gM":48,"bM":21,"aM":80}},{"tweenEasing":0,"duration":12,"color":{"aM":0}},{"tweenEasing":null,"duration":1,"color":{"gM":48,"bM":21,"aM":80}},{"tweenEasing":null,"duration":1,"color":{"gM":48,"bM":21,"aM":0}}],"displayFrame":[],"name":"title_011"},{"colorFrame":[{"tweenEasing":0,"duration":1,"color":{"aM":0}},{"tweenEasing":0,"duration":1,"color":{"aM":0}},{"tweenEasing":0,"duration":12,"color":{"aM":20}},{"tweenEasing":0,"duration":12},{"tweenEasing":0,"duration":12,"color":{"aM":20}},{"tweenEasing":0,"duration":1},{"tweenEasing":null,"duration":1,"color":{"aM":0}}],"displayFrame":[],"name":"title_01_03"}],"frame":[],"ffd":[],"bone":[{"translateFrame":[],"rotateFrame":[],"scaleFrame":[],"name":"root"},{"translateFrame":[],"rotateFrame":[],"scaleFrame":[],"name":"NXT_shengli"},{"translateFrame":[],"rotateFrame":[{"duration":6,"tweenEasing":0,"rotate":-179},{"duration":6,"tweenEasing":0},{"duration":28,"rotate":180}],"scaleFrame":[{"y":0.3,"duration":12,"tweenEasing":0,"x":0.3},{"y":1.1,"duration":28,"x":1.1}],"name":"NXT_shengli01"},{"translateFrame":[],"rotateFrame":[{"duration":4},{"duration":36,"tweenEasing":0},{"duration":0,"rotate":90}],"scaleFrame":[{"y":0.3,"duration":4,"tweenEasing":0,"x":0.3},{"y":0.9,"duration":36,"x":0.9}],"name":"NXT_shengli02"},{"translateFrame":[],"rotateFrame":[{"duration":4},{"duration":36,"tweenEasing":0},{"duration":0,"rotate":-45}],"scaleFrame":[{"y":0.3,"duration":4,"tweenEasing":0,"x":0.3},{"y":0.8,"duration":36,"tweenEasing":0,"x":0.8},{"y":0.9,"duration":0,"x":0.9}],"name":"NXT_shengli03"},{"translateFrame":[],"rotateFrame":[],"scaleFrame":[{"y":0.01,"duration":2,"tweenEasing":0,"x":0.01},{"y":1.5,"duration":12,"tweenEasing":0,"x":1.5},{"y":1.8,"duration":12,"tweenEasing":0,"x":1.8},{"y":1.5,"duration":12,"tweenEasing":0,"x":1.5},{"y":1.8,"duration":2,"tweenEasing":0,"x":1.8},{"y":0.01,"duration":0,"x":0.01}],"name":"NXT_shengli04"},{"translateFrame":[],"rotateFrame":[{"duration":4},{"duration":6,"tweenEasing":0,"rotate":-179},{"duration":6,"tweenEasing":0},{"duration":24,"rotate":180}],"scaleFrame":[{"duration":4},{"y":0.3,"duration":12,"tweenEasing":0,"x":0.3},{"y":1.1,"duration":24,"x":1.1}],"name":"NXT_shengli011"},{"translateFrame":[],"rotateFrame":[{"duration":10},{"duration":5,"tweenEasing":0,"rotate":-179},{"duration":5,"tweenEasing":0},{"duration":20,"rotate":180}],"scaleFrame":[{"duration":10},{"y":0.3,"duration":10,"tweenEasing":0,"x":0.3},{"y":1.1,"duration":20,"x":1.1}],"name":"NXT_shengli012"}],"name":"play","duration":40,"playTimes":0}],"aabb":{"width":512,"y":-256,"height":512,"x":-256},"skin":[{"name":"","slot":[{"display":[{"path":"title_01_03","type":"image","name":"title_01_03","transform":{}}],"name":"title_01_03"},{"display":[{"path":"title_01_02","type":"image","name":"title_01_02","transform":{}}],"blendMode":"add","name":"title_011"},{"display":[{"path":"fazhen_2166","type":"image","name":"fazhen_2166","transform":{}}],"blendMode":"add","name":"fazhen_21662"},{"display":[{"path":"fazhen_2166","type":"image","name":"fazhen_2166","transform":{}}],"blendMode":"add","name":"fazhen_21661"},{"display":[{"path":"title_01","type":"image","name":"title_01","transform":{}}],"name":"title_01"},{"display":[{"path":"10","type":"image","name":"10","transform":{}}],"name":"101"},{"display":[{"path":"10","type":"image","name":"10","transform":{}}],"name":"10"},{"display":[{"path":"fazhen_2166","type":"image","name":"fazhen_2166","transform":{}}],"blendMode":"add","name":"fazhen_2166"}]}],"bone":[{"name":"root","transform":{}},{"transform":{},"name":"NXT_shengli","parent":"root"},{"transform":{},"name":"NXT_shengli02","parent":"NXT_shengli"},{"transform":{},"name":"NXT_shengli03","parent":"NXT_shengli"},{"transform":{},"name":"NXT_shengli04","parent":"NXT_shengli"},{"transform":{},"name":"NXT_shengli01","parent":"NXT_shengli"},{"transform":{},"name":"NXT_shengli011","parent":"NXT_shengli"},{"transform":{},"name":"NXT_shengli012","parent":"NXT_shengli"}],"name":"shengli","frameRate":24,"defaultActions":[{"gotoAndPlay":"play"}]}],"isGlobal":0,"name":"shengli","version":"5.5"}