{"SubTexture":[{"width":69,"y":96,"height":68,"name":"shibai1-1","x":85},{"width":66,"y":1,"height":63,"name":"shibai1-3","x":93},{"frameY":-19,"y":166,"frameWidth":100,"frameX":-15,"frameHeight":100,"width":70,"height":50,"name":"yan05","x":85},{"width":90,"y":1,"height":93,"name":"shibai1-2","x":1},{"width":82,"y":96,"height":90,"name":"shibai1-4","x":1},{"frameY":-3,"y":188,"frameWidth":25,"frameX":0,"frameHeight":37,"width":21,"height":34,"name":"shinai1-5","x":1},{"frameY":0,"y":188,"frameWidth":25,"frameX":-7,"frameHeight":37,"width":18,"height":30,"name":"shinai1-6","x":24},{"frameY":-17,"y":188,"frameWidth":25,"frameX":-16,"frameHeight":37,"width":6,"height":7,"name":"shinai1-7","x":44}],"width":256,"height":256,"name":"shibai","imagePath":"shibai_tex.png"}