{"frameRate":24,"armature":[{"slot":[{"color":{"aM":0},"name":"shibai_01","parent":"bone53"},{"z":1,"color":{"aM":0},"name":"shibai_02","parent":"bone54"},{"z":2,"color":{"aM":0},"name":"yan052","parent":"smoker"},{"z":3,"color":{"aM":0},"name":"yan053","parent":"smoker_2"},{"z":4,"color":{"aM":0},"name":"yan054","parent":"smoker_3"},{"z":5,"color":{"aM":0},"name":"shibai1-2","parent":"bone53"},{"z":6,"color":{"aM":0},"name":"shibai1-4","parent":"bone54"},{"z":7,"color":{"aM":0},"name":"shinai1-5","parent":"shibai_06"},{"z":8,"color":{"aM":0},"name":"shinai1-6","parent":"shibai_07"},{"z":9,"color":{"aM":0},"name":"shinai1-7","parent":"shibai_08"}],"ik":[],"type":"armature","animation":[{"slot":[{"colorFrame":[{"tweenEasing":0,"duration":7,"color":{"aM":0}},{"tweenEasing":0,"duration":43},{"tweenEasing":0,"duration":7},{"tweenEasing":null,"duration":0,"color":{"aM":0}}],"displayFrame":[],"name":"shibai_01"},{"colorFrame":[{"tweenEasing":0,"duration":7,"color":{"aM":0}},{"tweenEasing":0,"duration":43},{"tweenEasing":0,"duration":7},{"tweenEasing":null,"duration":0,"color":{"aM":0}}],"displayFrame":[],"name":"shibai_02"},{"colorFrame":[{"tweenEasing":0,"duration":28,"color":{"aM":0}},{"tweenEasing":0,"duration":7,"color":{"aM":0}},{"tweenEasing":0,"duration":9},{"tweenEasing":null,"duration":13,"color":{"aM":0}}],"displayFrame":[],"name":"yan052"},{"colorFrame":[{"tweenEasing":0,"duration":31,"color":{"aM":0}},{"tweenEasing":0,"duration":7,"color":{"aM":0}},{"tweenEasing":0,"duration":8},{"tweenEasing":null,"duration":11,"color":{"aM":0}}],"displayFrame":[],"name":"yan053"},{"colorFrame":[{"tweenEasing":0,"duration":34,"color":{"aM":0}},{"tweenEasing":0,"duration":7,"color":{"aM":0}},{"tweenEasing":0,"duration":8},{"tweenEasing":null,"duration":8,"color":{"aM":0}}],"displayFrame":[],"name":"yan054"},{"colorFrame":[{"tweenEasing":0,"duration":20,"color":{"aM":0}},{"tweenEasing":0,"duration":7,"color":{"aM":0}},{"tweenEasing":0,"duration":23},{"tweenEasing":0,"duration":7},{"tweenEasing":null,"duration":0,"color":{"aM":0}}],"displayFrame":[],"name":"shibai1-2"},{"colorFrame":[{"tweenEasing":0,"duration":20,"color":{"aM":0}},{"tweenEasing":0,"duration":7,"color":{"aM":0}},{"tweenEasing":0,"duration":23},{"tweenEasing":0,"duration":7},{"tweenEasing":null,"duration":0,"color":{"aM":0}}],"displayFrame":[],"name":"shibai1-4"},{"colorFrame":[{"tweenEasing":0,"duration":24,"color":{"aM":0}},{"tweenEasing":0,"duration":5,"color":{"aM":0}},{"tweenEasing":0,"duration":6},{"tweenEasing":0,"duration":3},{"tweenEasing":null,"duration":19,"color":{"aM":0}}],"displayFrame":[],"name":"shinai1-5"},{"colorFrame":[{"tweenEasing":0,"duration":30,"color":{"aM":0}},{"tweenEasing":0,"duration":5,"color":{"aM":0}},{"tweenEasing":0,"duration":5},{"tweenEasing":0,"duration":4},{"tweenEasing":null,"duration":13,"color":{"aM":0}}],"displayFrame":[],"name":"shinai1-6"},{"colorFrame":[{"tweenEasing":0,"duration":18,"color":{"aM":0}},{"tweenEasing":0,"duration":5,"color":{"aM":0}},{"tweenEasing":0,"duration":11},{"tweenEasing":0,"duration":3},{"tweenEasing":null,"duration":20,"color":{"aM":0}}],"displayFrame":[],"name":"shinai1-7"}],"frame":[],"ffd":[],"bone":[{"translateFrame":[],"rotateFrame":[],"scaleFrame":[],"name":"root"},{"translateFrame":[],"rotateFrame":[],"scaleFrame":[{"y":2.125,"duration":10,"tweenEasing":0,"x":2.1232},{"y":2.03,"duration":7,"tweenEasing":0,"x":2.0276},{"y":0.75,"duration":3,"tweenEasing":0,"x":0.75},{"y":0.75,"duration":3,"tweenEasing":0,"x":1.11},{"y":0.75,"duration":34,"x":0.75}],"name":"NXT_shibai"},{"translateFrame":[],"rotateFrame":[],"scaleFrame":[],"name":"bone53"},{"translateFrame":[{"duration":25},{"duration":32}],"rotateFrame":[{"duration":25},{"duration":5,"tweenEasing":0},{"duration":2,"tweenEasing":0,"rotate":22},{"duration":2,"tweenEasing":0,"rotate":30},{"duration":4,"tweenEasing":0,"rotate":22},{"duration":19,"rotate":22.7902}],"scaleFrame":[],"name":"bone54"},{"translateFrame":[{"duration":28},{"y":-13.279,"duration":16,"tweenEasing":0},{"y":-36.8669,"duration":13}],"rotateFrame":[{"duration":28},{"duration":16,"tweenEasing":0,"rotate":-9.996},{"duration":13,"rotate":-23.986}],"scaleFrame":[{"duration":28},{"duration":16,"tweenEasing":0,"x":1.3333},{"y":1.3333,"duration":13,"x":1.6667}],"name":"smoker"},{"translateFrame":[{"duration":31},{"y":-2.4345,"duration":15,"tweenEasing":0},{"y":-31.3063,"duration":11,"x":-10.8251}],"rotateFrame":[{"duration":31},{"duration":15,"tweenEasing":0,"rotate":4},{"duration":11,"rotate":-5}],"scaleFrame":[],"name":"smoker_2"},{"translateFrame":[{"duration":34},{"duration":15,"tweenEasing":0},{"y":-11.0727,"duration":8,"x":16.5759}],"rotateFrame":[],"scaleFrame":[{"duration":34},{"y":1.3333,"duration":15,"tweenEasing":0,"x":1.3333},{"y":2,"duration":8,"x":2}],"name":"smoker_3"},{"translateFrame":[{"duration":24},{"y":28,"duration":5,"tweenEasing":0,"x":-7},{"y":28,"duration":9,"tweenEasing":0,"x":-7},{"y":140.0995,"duration":19,"x":-6.8088}],"rotateFrame":[],"scaleFrame":[{"duration":24},{"y":1.5,"duration":33,"x":1.5}],"name":"shibai_06"},{"translateFrame":[{"y":28,"duration":30,"tweenEasing":0,"x":21},{"y":28,"duration":14,"tweenEasing":0,"x":21},{"y":165.5376,"duration":13,"x":7}],"rotateFrame":[],"scaleFrame":[{"duration":30},{"y":1.5,"duration":27,"x":1.5}],"name":"shibai_07"},{"translateFrame":[{"duration":18},{"y":24,"duration":5,"tweenEasing":0,"x":-34},{"y":24.8762,"duration":14,"tweenEasing":0,"x":-34},{"y":149.999,"duration":20,"x":-34.6161}],"rotateFrame":[],"scaleFrame":[{"duration":18},{"y":1.5,"duration":39,"x":1.5}],"name":"shibai_08"}],"name":"play","duration":57,"playTimes":0}],"aabb":{"width":229.5874,"y":-50,"height":101.7798,"x":-98.862},"skin":[{"name":"","slot":[{"display":[{"path":"shibai1-2","type":"image","name":"shibai1-2","transform":{"y":1.2356,"x":5.069}}],"name":"shibai1-2"},{"display":[{"path":"yan05","type":"image","name":"yan05","transform":{}}],"name":"yan054"},{"display":[{"path":"yan05","type":"image","name":"yan05","transform":{}}],"name":"yan053"},{"display":[{"path":"yan05","type":"image","name":"yan05","transform":{}}],"name":"yan052"},{"display":[{"path":"shibai1-3","type":"image","name":"shibai1-3","transform":{}}],"name":"shibai_02"},{"display":[{"path":"shibai1-1","type":"image","name":"shibai1-1","transform":{}}],"name":"shibai_01"},{"display":[{"path":"shinai1-7","type":"image","name":"shinai1-7","transform":{}}],"name":"shinai1-7"},{"display":[{"path":"shinai1-6","type":"image","name":"shinai1-6","transform":{}}],"name":"shinai1-6"},{"display":[{"path":"shinai1-5","type":"image","name":"shinai1-5","transform":{}}],"name":"shinai1-5"},{"display":[{"path":"shibai1-4","type":"image","name":"shibai1-4","transform":{"y":3.3899,"x":12.8627}}],"name":"shibai1-4"}]}],"bone":[{"name":"root","transform":{}},{"transform":{"scY":2,"scX":2},"name":"NXT_shibai","parent":"root"},{"transform":{"x":-32},"name":"bone53","parent":"NXT_shibai"},{"transform":{"x":32},"name":"bone54","parent":"NXT_shibai"},{"transform":{"skX":20.986,"scY":0.6,"skY":20.986,"scX":0.6},"name":"smoker","parent":"NXT_shibai"},{"transform":{"x":-20.2542,"scY":0.4,"scX":0.4},"name":"smoker_2","parent":"NXT_shibai"},{"transform":{"scY":0.3,"scX":0.3},"name":"smoker_3","parent":"NXT_shibai"},{"transform":{},"name":"shibai_06","parent":"NXT_shibai"},{"transform":{},"name":"shibai_07","parent":"NXT_shibai"},{"transform":{},"name":"shibai_08","parent":"NXT_shibai"}],"name":"shibai","frameRate":24,"defaultActions":[{"gotoAndPlay":"play"}]}],"isGlobal":0,"name":"shibai","version":"5.5"}