{"frameRate":24,"armature":[{"animation":[{"duration":7,"playTimes":0,"frame":[],"slot":[{"colorFrame":[{"duration":1,"tweenEasing":0,"color":{"aM":0}},{"duration":1,"tweenEasing":0},{"duration":1,"tweenEasing":0,"color":{"aM":0}},{"duration":1,"tweenEasing":0},{"duration":3,"color":{"aM":0}}],"displayFrame":[{"duration":7}],"name":"sdx_01"},{"colorFrame":[{"duration":2,"tweenEasing":0,"color":{"aM":0}},{"duration":1,"tweenEasing":0},{"duration":1,"tweenEasing":0,"color":{"aM":0}},{"duration":1,"tweenEasing":0},{"duration":1,"tweenEasing":0,"color":{"aM":0}},{"duration":1,"tweenEasing":0},{"duration":0,"color":{"aM":0}}],"displayFrame":[{"duration":7}],"name":"sdx_02"},{"colorFrame":[{"duration":1,"tweenEasing":0,"color":{"aM":0}},{"duration":1,"tweenEasing":0},{"duration":1,"tweenEasing":0,"color":{"aM":0}},{"duration":1,"tweenEasing":0},{"duration":1,"tweenEasing":0,"color":{"aM":0}},{"duration":1,"tweenEasing":0},{"duration":1,"color":{"aM":0}}],"displayFrame":[{"duration":7}],"name":"sdx_03"},{"colorFrame":[{"duration":2,"tweenEasing":0,"color":{"aM":0}},{"duration":1,"tweenEasing":0},{"duration":1,"tweenEasing":0,"color":{"aM":0}},{"duration":1,"tweenEasing":0},{"duration":1,"tweenEasing":0,"color":{"aM":0}},{"duration":1,"tweenEasing":0},{"duration":0,"color":{"aM":0}}],"displayFrame":[{"duration":7}],"name":"sdx_04"}],"ffd":[],"name":"suduxian","bone":[{"translateFrame":[],"rotateFrame":[{"duration":7}],"scaleFrame":[],"name":"root"},{"translateFrame":[{"duration":4,"tweenEasing":0,"y":-24.2169},{"duration":3,"y":27.7069}],"rotateFrame":[],"scaleFrame":[{"duration":1,"tweenEasing":0,"y":0.1975,"x":0.3},{"duration":1,"tweenEasing":0,"y":0.1975,"x":0.5},{"duration":1,"tweenEasing":0,"y":0.1975,"x":0.3},{"duration":1,"tweenEasing":0,"y":0.1975,"x":0.5},{"duration":3,"y":0.1975,"x":0.3}],"name":"bone"},{"translateFrame":[{"duration":7,"tweenEasing":0,"y":36.0922},{"duration":0,"y":-30.2036}],"rotateFrame":[],"scaleFrame":[{"duration":2,"tweenEasing":0,"y":0.1,"x":0.5},{"duration":1,"tweenEasing":0,"y":0.1,"x":0.35},{"duration":1,"tweenEasing":0,"y":0.1,"x":0.5},{"duration":1,"tweenEasing":0,"y":0.1,"x":0.4},{"duration":1,"tweenEasing":0,"y":0.1,"x":0.5},{"duration":1,"tweenEasing":0,"y":0.1,"x":0.35},{"duration":0,"y":0.1,"x":0.5}],"name":"bone1"},{"translateFrame":[{"duration":6,"tweenEasing":0,"y":-20.297},{"duration":1,"y":5.4107}],"rotateFrame":[],"scaleFrame":[{"duration":1,"tweenEasing":0,"y":0.5,"x":0.4},{"duration":1,"tweenEasing":0,"y":0.5,"x":0.25},{"duration":1,"tweenEasing":0,"y":0.5,"x":0.4},{"duration":1,"tweenEasing":0,"y":0.5,"x":0.3},{"duration":1,"tweenEasing":0,"y":0.5,"x":0.45},{"duration":1,"tweenEasing":0,"y":0.5,"x":0.2},{"duration":1,"y":0.5,"x":0.4}],"name":"bone2"},{"translateFrame":[{"duration":4,"tweenEasing":0,"y":-12.896},{"duration":3,"tweenEasing":0,"y":22.9306},{"duration":0,"y":-7.2595}],"rotateFrame":[],"scaleFrame":[{"duration":2,"tweenEasing":0,"y":0.2,"x":0.4},{"duration":1,"tweenEasing":0,"y":0.2,"x":0.6},{"duration":1,"tweenEasing":0,"y":0.2,"x":0.3},{"duration":1,"tweenEasing":0,"y":0.2,"x":0.5},{"duration":1,"tweenEasing":0,"y":0.2,"x":0.55},{"duration":1,"tweenEasing":0,"y":0.2,"x":0.6},{"duration":0,"y":0.2,"x":0.4}],"name":"bone3"}]}],"ik":[],"type":"Armature","frameRate":24,"slot":[{"displayIndex":-1,"name":"sdx_01","parent":"bone","color":{}},{"displayIndex":-1,"z":1,"name":"sdx_02","parent":"bone1","color":{}},{"displayIndex":-1,"z":2,"name":"sdx_03","parent":"bone2","color":{}},{"displayIndex":-1,"z":3,"name":"sdx_04","parent":"bone3","color":{}}],"aabb":{"width":0,"y":0,"height":0,"x":0},"defaultActions":[{"gotoAndPlay":"suduxian"}],"name":"suduxian","skin":[{"slot":[{"display":[{"path":"sdx_04","type":"image","name":"sdx_04","transform":{}}],"name":"sdx_04"},{"display":[{"path":"sdx_01","type":"image","name":"sdx_01","transform":{}}],"name":"sdx_03"},{"display":[{"path":"sdx_01","type":"image","name":"sdx_01","transform":{}}],"name":"sdx_02"},{"display":[{"path":"sdx_01","type":"image","name":"sdx_01","transform":{}}],"name":"sdx_01"}],"name":""}],"bone":[{"name":"root","transform":{}},{"transform":{},"name":"bone","parent":"root"},{"transform":{},"name":"bone1","parent":"root"},{"transform":{},"name":"bone2","parent":"root"},{"transform":{},"name":"bone3","parent":"root"}]}],"isGlobal":0,"name":"suduxian","version":"5.5"}