{"frameRate":24,"armature":[{"slot":[{"blendMode":"add","color":{"aM":0},"parent":"bone","name":"wujinmoshi"},{"blendMode":"add","z":1,"color":{"aM":0},"parent":"bone3","name":"wujinmoshi1"},{"z":2,"color":{"aM":0},"name":"wujinmoshi02","parent":"bone1"}],"ik":[],"type":"armature","animation":[{"slot":[{"colorFrame":[{"tweenEasing":null,"duration":40}],"displayFrame":[],"name":"wujinmoshi"},{"colorFrame":[{"tweenEasing":null,"duration":40}],"displayFrame":[],"name":"wujinmoshi02"},{"colorFrame":[{"tweenEasing":0,"duration":10,"color":{"aM":0}},{"tweenEasing":0,"duration":20},{"tweenEasing":0,"duration":10},{"tweenEasing":null,"duration":0,"color":{"aM":0}}],"displayFrame":[{"duration":40,"tweenEasing":null}],"name":"wujinmoshi1"}],"frame":[],"ffd":[],"bone":[{"translateFrame":[],"rotateFrame":[],"scaleFrame":[],"name":"root"},{"translateFrame":[{"y":-62.4543,"duration":40,"x":128.6537}],"rotateFrame":[{"duration":20,"tweenEasing":0,"rotate":180},{"duration":20,"tweenEasing":0},{"duration":0,"rotate":180}],"scaleFrame":[],"name":"bone"},{"translateFrame":[{"y":-49.2383,"duration":40,"x":135.8784}],"rotateFrame":[{"duration":20,"tweenEasing":0},{"duration":20,"tweenEasing":0},{"duration":0}],"scaleFrame":[{"duration":20,"tweenEasing":0},{"duration":20,"tweenEasing":0,"x":0.8},{"duration":0}],"name":"bone1"},{"translateFrame":[{"y":-62.45,"duration":40,"x":128.65}],"rotateFrame":[{"duration":40,"tweenEasing":0,"rotate":-180},{"duration":0,"rotate":1}],"scaleFrame":[],"name":"bone3"}],"name":"newAnimation","duration":40,"playTimes":0}],"aabb":{"width":195.06247249376702,"y":-38.761715035695,"height":176,"x":-231.71247249376702},"skin":[{"name":"","slot":[{"display":[{"path":"wujinmoshi","type":"image","name":"wujinmoshi","transform":{"y":-0.1591,"x":-6.6288,"scY":0.8466,"scX":0.8466}}],"blendMode":"add","name":"wujinmoshi"},{"display":[{"path":"wujinmoshi02","type":"image","name":"wujinmoshi02","transform":{}}],"name":"wujinmoshi02"},{"display":[{"path":"wujinmoshi","type":"image","name":"wujinmoshi","transform":{"scY":0.7272,"scX":0.7272}}],"blendMode":"add","name":"wujinmoshi1"}]}],"bone":[{"name":"root","transform":{}},{"transform":{"y":62.4543,"x":-128.6537,"scY":1.6683,"scX":1.6683},"name":"bone","parent":"root"},{"transform":{"y":49.2383,"x":-135.8784},"name":"bone1","parent":"root"},{"transform":{"y":62.45,"x":-128.65,"scY":1.67,"scX":1.67},"name":"bone3","parent":"root"}],"name":"wujinmoshi","frameRate":24,"defaultActions":[{"gotoAndPlay":"newAnimation"}]}],"isGlobal":0,"name":"wujinmoshi","version":"5.5"}