{"SubTexture":[{"width":650,"y":1,"height":649,"name":"xinjilu_04","x":1},{"width":519,"y":1362,"height":138,"name":"xinjilu_02","x":1},{"width":718,"y":1166,"height":194,"name":"xinjilu_01_01","x":1},{"width":337,"y":1,"height":349,"name":"xinjilu_06","x":653},{"width":512,"y":652,"height":512,"name":"fazhen_2166","x":1},{"frameY":-16,"y":652,"frameWidth":500,"frameX":-55,"frameHeight":500,"width":385,"height":432,"name":"cx03","x":515}],"width":1024,"height":2048,"name":"xinjilu","imagePath":"xinjilu_tex.png"}