{"frameRate":24,"armature":[{"slot":[{"color":{"aM":0},"name":"xinjilu_04","parent":"bone44"},{"z":1,"color":{"aM":0},"name":"xinjilu_02","parent":"bone43"},{"blendMode":"add","z":2,"color":{"aM":0},"parent":"bone32","name":"xinjilu_01_01"},{"z":3,"color":{"aM":0},"name":"xinjilu_061","parent":"bone46"},{"z":4,"color":{"aM":0},"name":"xinjilu_06","parent":"bone45"},{"blendMode":"add","z":5,"color":{"aM":0},"parent":"bone47","name":"fazhen_21663"},{"blendMode":"add","z":6,"color":{"aM":0},"parent":"bone48","name":"fazhen_21664"},{"z":7,"color":{"aM":0},"name":"cx031","parent":"bone49"}],"ik":[],"type":"armature","animation":[{"slot":[{"colorFrame":[{"tweenEasing":0,"duration":29,"color":{"aM":0}},{"tweenEasing":0,"duration":4,"color":{"aM":0}},{"tweenEasing":0,"duration":6},{"tweenEasing":0,"duration":20},{"tweenEasing":null,"duration":1,"color":{"aM":0}}],"displayFrame":[],"name":"xinjilu_01_01"},{"colorFrame":[{"tweenEasing":0,"duration":29,"color":{"aM":0}},{"tweenEasing":0,"duration":4,"color":{"aM":0}},{"tweenEasing":null,"duration":27}],"displayFrame":[],"name":"xinjilu_02"},{"colorFrame":[{"tweenEasing":0,"duration":30,"color":{"aM":0}},{"tweenEasing":0,"duration":4,"color":{"aM":0}},{"tweenEasing":null,"duration":26}],"displayFrame":[],"name":"xinjilu_04"},{"colorFrame":[{"tweenEasing":0,"duration":3,"color":{"aM":0}},{"tweenEasing":0,"duration":27},{"tweenEasing":0,"duration":3},{"tweenEasing":null,"duration":27,"color":{"aM":0}}],"displayFrame":[],"name":"xinjilu_06"},{"colorFrame":[{"tweenEasing":0,"duration":3,"color":{"aM":0}},{"tweenEasing":0,"duration":27},{"tweenEasing":0,"duration":3},{"tweenEasing":null,"duration":27,"color":{"aM":0}}],"displayFrame":[],"name":"xinjilu_061"},{"colorFrame":[{"tweenEasing":0,"duration":30,"color":{"aM":0}},{"tweenEasing":0,"duration":8,"color":{"aM":0}},{"tweenEasing":0,"duration":3},{"tweenEasing":null,"duration":19,"color":{"aM":0}}],"displayFrame":[],"name":"fazhen_21663"},{"colorFrame":[{"tweenEasing":0,"duration":30,"color":{"aM":0}},{"tweenEasing":0,"duration":9,"color":{"aM":0}},{"tweenEasing":0,"duration":3},{"tweenEasing":null,"duration":18,"color":{"aM":0}}],"displayFrame":[],"name":"fazhen_21664"},{"colorFrame":[{"tweenEasing":0,"duration":30,"color":{"aM":0}},{"tweenEasing":0,"duration":8,"color":{"aM":0}},{"tweenEasing":0,"duration":7},{"tweenEasing":null,"duration":15,"color":{"aM":0}}],"displayFrame":[],"name":"cx031"}],"frame":[],"ffd":[],"bone":[{"translateFrame":[],"rotateFrame":[],"scaleFrame":[],"name":"root"},{"translateFrame":[],"rotateFrame":[],"scaleFrame":[],"name":"NXT_xinjilu"},{"translateFrame":[{"duration":33},{"y":-2.7755,"duration":27}],"rotateFrame":[],"scaleFrame":[{"y":0.01,"duration":29,"tweenEasing":0,"x":0.01},{"y":0.01,"duration":4,"tweenEasing":0,"x":0.01},{"y":1.2,"duration":6,"tweenEasing":0,"x":1.2},{"duration":20,"tweenEasing":0},{"duration":1}],"name":"bone32"},{"translateFrame":[],"rotateFrame":[],"scaleFrame":[{"y":0.01,"duration":29,"tweenEasing":0,"x":0.01},{"y":0.01,"duration":4,"tweenEasing":0,"x":0.01},{"y":1.2,"duration":4,"tweenEasing":0,"x":1.2},{"duration":23}],"name":"bone43"},{"translateFrame":[],"rotateFrame":[{"duration":30},{"duration":30,"tweenEasing":0},{"duration":0,"rotate":120}],"scaleFrame":[{"y":0.01,"duration":30,"tweenEasing":0,"x":0.01},{"y":0.01,"duration":4,"tweenEasing":0,"x":0.01},{"duration":26}],"name":"bone44"},{"translateFrame":[{"y":-21.8593,"duration":3,"tweenEasing":0,"x":89.7728},{"y":-46.9812,"duration":3,"tweenEasing":0,"x":17.3284},{"y":-77.4533,"duration":3,"tweenEasing":0,"x":-44.4154},{"y":-125.4524,"duration":3,"tweenEasing":0,"x":-109.2341},{"y":-177.6333,"duration":3,"tweenEasing":0,"x":-150.1916},{"y":-237.2246,"duration":3,"tweenEasing":0,"x":-168.149},{"y":-292.8801,"duration":3,"tweenEasing":0,"x":-159.6623},{"y":-310.0995,"duration":3,"tweenEasing":0,"x":-141.8279},{"y":-325.474,"duration":3,"tweenEasing":0,"x":-111.694},{"y":-324.859,"duration":3,"tweenEasing":0,"x":-72.3354},{"y":-200.8487,"duration":30,"x":12.0089}],"rotateFrame":[{"duration":33,"tweenEasing":0},{"duration":27,"rotate":180}],"scaleFrame":[{"y":0.4578,"duration":21,"tweenEasing":0,"x":0.4578},{"y":1.6021,"duration":39,"x":1.6021}],"name":"bone45"},{"translateFrame":[{"y":-21.3129,"duration":3,"tweenEasing":0,"x":4.5549},{"y":-45.0545,"duration":3,"tweenEasing":0,"x":73.4822},{"y":-77.9864,"duration":3,"tweenEasing":0,"x":132.8745},{"y":-124.7038,"duration":3,"tweenEasing":0,"x":183.4211},{"y":-179.8839,"duration":3,"tweenEasing":0,"x":223.5904},{"y":-238.6635,"duration":3,"tweenEasing":0,"x":245.8003},{"y":-282.8153,"duration":3,"tweenEasing":0,"x":245.0344},{"y":-316.1684,"duration":3,"tweenEasing":0,"x":217.6933},{"y":-330.4134,"duration":3,"tweenEasing":0,"x":175.1116},{"y":-323.4058,"duration":3,"tweenEasing":0,"x":135.5167},{"y":-202.0938,"duration":30,"x":71.6441}],"rotateFrame":[{"duration":33,"tweenEasing":0},{"duration":27,"rotate":-180}],"scaleFrame":[{"y":0.4545,"duration":21,"tweenEasing":0,"x":0.4545},{"y":1.5909,"duration":39,"x":1.5909}],"name":"bone46"},{"translateFrame":[{"y":9.233,"duration":60}],"rotateFrame":[],"scaleFrame":[{"y":0.01,"duration":30,"tweenEasing":0,"x":0.01},{"y":0.01,"duration":8,"tweenEasing":0,"x":0.01},{"y":1.35,"duration":3,"tweenEasing":0,"x":1.35},{"y":1.5,"duration":19,"x":1.5}],"name":"bone47"},{"translateFrame":[],"rotateFrame":[],"scaleFrame":[{"y":0.01,"duration":30,"tweenEasing":0,"x":0.01},{"y":0.01,"duration":9,"tweenEasing":0,"x":0.01},{"y":1.2,"duration":3,"tweenEasing":0,"x":1.2},{"y":1.3,"duration":18,"x":1.3}],"name":"bone48"},{"translateFrame":[],"rotateFrame":[{"duration":30,"tweenEasing":0},{"duration":15,"tweenEasing":0},{"duration":15,"rotate":-30}],"scaleFrame":[{"y":0.01,"duration":30,"tweenEasing":0,"x":0.01},{"y":0.01,"duration":8,"tweenEasing":0,"x":0.01},{"duration":7,"tweenEasing":0},{"y":1.5,"duration":15,"x":1.5}],"name":"bone49"}],"name":"play","duration":60,"playTimes":0}],"aabb":{"width":718,"y":-324.5,"height":680.8593,"x":-370.7225},"skin":[{"name":"","slot":[{"display":[{"path":"fazhen_2166","type":"image","name":"fazhen_2166","transform":{}}],"blendMode":"add","name":"fazhen_21664"},{"display":[{"path":"fazhen_2166","type":"image","name":"fazhen_2166","transform":{}}],"blendMode":"add","name":"fazhen_21663"},{"display":[{"path":"xinjilu_06","type":"image","name":"xinjilu_06","transform":{}}],"name":"xinjilu_061"},{"display":[{"path":"xinjilu_01_01","type":"image","name":"xinjilu_01_01","transform":{}}],"blendMode":"add","name":"xinjilu_01_01"},{"display":[{"path":"xinjilu_02","type":"image","name":"xinjilu_02","transform":{}}],"name":"xinjilu_02"},{"display":[{"path":"xinjilu_04","type":"image","name":"xinjilu_04","transform":{}}],"name":"xinjilu_04"},{"display":[{"path":"xinjilu_06","type":"image","name":"xinjilu_06","transform":{"skX":180,"skY":180}}],"name":"xinjilu_06"},{"display":[{"path":"cx03","type":"image","name":"cx03","transform":{}}],"name":"cx031"}]}],"bone":[{"name":"root","transform":{}},{"transform":{},"name":"NXT_xinjilu","parent":"root"},{"transform":{},"name":"bone43","parent":"NXT_xinjilu"},{"transform":{},"name":"bone44","parent":"NXT_xinjilu"},{"transform":{"y":181.3129,"x":-84.5549,"scY":0.22,"scX":0.22},"name":"bone46","parent":"NXT_xinjilu"},{"transform":{},"name":"bone47","parent":"NXT_xinjilu"},{"transform":{},"name":"bone48","parent":"NXT_xinjilu"},{"transform":{},"name":"bone49","parent":"NXT_xinjilu"},{"transform":{"y":-31.3859,"x":-11.7225},"name":"bone32","parent":"NXT_xinjilu"},{"transform":{"y":181.8593,"x":-9.7728,"scY":0.2185,"scX":0.2185},"name":"bone45","parent":"NXT_xinjilu"}],"name":"xinjilu","frameRate":24,"defaultActions":[{"gotoAndPlay":"play"}]}],"isGlobal":0,"name":"xinjilu","version":"5.5"}