{"frameRate":24,"armature":[{"animation":[{"duration":20,"playTimes":0,"frame":[],"slot":[{"colorFrame":[],"displayFrame":[{"duration":20}],"name":"yun"},{"colorFrame":[],"displayFrame":[{"value":-1,"duration":20}],"name":"ditu03"},{"colorFrame":[{"duration":5,"tweenEasing":0,"color":{"aM":0}},{"duration":5,"tweenEasing":0},{"duration":5,"tweenEasing":0,"color":{"aM":0}},{"duration":1,"tweenEasing":0},{"duration":4,"tweenEasing":0,"color":{"aM":54}},{"duration":0,"color":{"aM":0}}],"displayFrame":[{"duration":20}],"name":"yun04"},{"colorFrame":[{"duration":18,"tweenEasing":0,"color":{"aM":27}},{"duration":2,"tweenEasing":0,"color":{"aM":31}},{"duration":0,"color":{"aM":0}}],"displayFrame":[{"duration":20}],"name":"yun041"},{"colorFrame":[{"duration":2,"tweenEasing":0,"color":{"aM":50}},{"duration":2,"tweenEasing":0,"color":{"aM":0}},{"duration":2,"tweenEasing":0},{"duration":2,"tweenEasing":0,"color":{"aM":19}},{"duration":2,"tweenEasing":0,"color":{"aM":90}},{"duration":2,"tweenEasing":0,"color":{"aM":17}},{"duration":2,"tweenEasing":0,"color":{"aM":71}},{"duration":2,"tweenEasing":0,"color":{"aM":13}},{"duration":2,"tweenEasing":0,"color":{"aM":52}},{"duration":2,"tweenEasing":0},{"duration":0,"color":{"aM":0}}],"displayFrame":[{"duration":20}],"name":"yun042"},{"colorFrame":[{"duration":5,"tweenEasing":0,"color":{"aM":56}},{"duration":5,"tweenEasing":0,"color":{"aM":0}},{"duration":5,"tweenEasing":0},{"duration":1,"tweenEasing":0,"color":{"aM":13}},{"duration":4,"tweenEasing":0,"color":{"aM":50}},{"duration":0,"color":{"aM":0}}],"displayFrame":[{"duration":20}],"name":"yun043"},{"colorFrame":[{"duration":5,"tweenEasing":0,"color":{"aM":0}},{"duration":5,"tweenEasing":0},{"duration":5,"tweenEasing":0,"color":{"aM":54}},{"duration":5,"tweenEasing":0},{"duration":0,"color":{"aM":0}}],"displayFrame":[{"duration":20}],"name":"yun02"},{"colorFrame":[{"duration":18,"tweenEasing":0,"color":{"aM":21}},{"duration":2,"tweenEasing":0,"color":{"aM":31}},{"duration":0,"color":{"aM":0}}],"displayFrame":[{"duration":20}],"name":"wujinmoshi"}],"ffd":[],"name":"xuanyun","bone":[{"translateFrame":[],"rotateFrame":[],"scaleFrame":[],"name":"root"},{"translateFrame":[],"rotateFrame":[],"scaleFrame":[],"name":"bone"},{"translateFrame":[],"rotateFrame":[{"duration":10,"tweenEasing":0,"rotate":-179},{"duration":10,"tweenEasing":0},{"duration":0,"rotate":180}],"scaleFrame":[],"name":"bone1"},{"translateFrame":[{"duration":20}],"rotateFrame":[{"duration":10,"tweenEasing":0,"rotate":179},{"duration":10,"tweenEasing":0,"rotate":90},{"duration":0}],"scaleFrame":[{"duration":20,"tweenEasing":0,"y":0.01,"x":0.01},{"duration":0,"y":3,"x":3}],"name":"bone2"},{"translateFrame":[{"duration":20}],"rotateFrame":[{"duration":20,"tweenEasing":0},{"duration":0,"rotate":-180}],"scaleFrame":[{"duration":20,"tweenEasing":0,"y":0.6,"x":0.6},{"duration":0,"y":1.1,"x":1.1}],"name":"bone3"},{"translateFrame":[],"rotateFrame":[{"duration":10,"tweenEasing":0,"rotate":-179},{"duration":10,"tweenEasing":0},{"duration":0,"rotate":180}],"scaleFrame":[{"duration":20,"tweenEasing":0,"y":0.8,"x":0.8},{"duration":0,"y":1.5,"x":1.5}],"name":"bone4"},{"translateFrame":[],"rotateFrame":[{"duration":10,"tweenEasing":0,"rotate":-179},{"duration":10,"tweenEasing":0},{"duration":0,"rotate":179}],"scaleFrame":[{"duration":20,"tweenEasing":0,"y":1.8,"x":1.8},{"duration":0}],"name":"bone5"}]}],"ik":[],"type":"Armature","frameRate":24,"slot":[{"displayIndex":-1,"name":"ditu03","parent":"bone","color":{}},{"displayIndex":-1,"blendMode":"add","z":1,"parent":"bone1","name":"yun","color":{"aM":33}},{"displayIndex":-1,"blendMode":"add","z":2,"parent":"bone2","name":"yun04","color":{}},{"displayIndex":-1,"blendMode":"add","z":3,"parent":"bone3","name":"yun041","color":{}},{"displayIndex":-1,"blendMode":"add","z":4,"parent":"bone2","name":"yun042","color":{}},{"displayIndex":-1,"blendMode":"add","z":5,"parent":"bone2","name":"yun043","color":{}},{"displayIndex":-1,"blendMode":"add","z":6,"parent":"bone4","name":"yun02","color":{}},{"displayIndex":-1,"blendMode":"add","z":7,"parent":"bone5","name":"wujinmoshi","color":{}}],"aabb":{"width":0,"y":0,"height":0,"x":0},"defaultActions":[{"gotoAndPlay":"xuanyun"}],"name":"xuanyun","skin":[{"slot":[{"display":[{"path":"yun04","type":"image","name":"yun04","transform":{"y":8.7241,"x":-20.645,"scX":0.03,"scY":0.03}}],"blendMode":"add","name":"yun043"},{"display":[{"path":"yun04","type":"image","name":"yun04","transform":{"y":10.7061,"x":13.5417,"scX":0.03,"scY":0.03}}],"blendMode":"add","name":"yun042"},{"display":[{"path":"yun04","type":"image","name":"yun04","transform":{"y":43.5152,"scX":0.05,"scY":0.05}}],"blendMode":"add","name":"yun041"},{"display":[{"path":"yun04","type":"image","name":"yun04","transform":{"y":-21.5078,"scX":0.02,"scY":0.02}}],"blendMode":"add","name":"yun04"},{"display":[{"path":"yun","type":"image","name":"yun","transform":{"y":6.8631,"x":9.6083}}],"blendMode":"add","name":"yun"},{"display":[{"path":"ditu03","type":"image","name":"ditu03","transform":{"y":78.8892,"x":-13.8734}}],"name":"ditu03"},{"display":[{"path":"wujinmoshi","type":"image","name":"wujinmoshi","transform":{"scX":0.6,"scY":0.6}}],"blendMode":"add","name":"wujinmoshi"},{"display":[{"path":"yun02","type":"image","name":"yun02","transform":{"y":44.7817,"scX":0.1,"scY":0.1}}],"blendMode":"add","name":"yun02"}],"name":""}],"bone":[{"name":"root","transform":{}},{"transform":{},"name":"bone","parent":"root"},{"transform":{},"name":"bone1","parent":"root"},{"transform":{},"name":"bone2","parent":"root"},{"transform":{},"name":"bone3","parent":"root"},{"transform":{},"name":"bone4","parent":"root"},{"transform":{},"name":"bone5","parent":"root"}]}],"isGlobal":0,"name":"xuanyun","version":"5.5"}