{"imagePath":"xuanyun_tex.png","width":1024,"SubTexture":[{"frameX":-27,"frameHeight":200,"y":312,"frameY":-39,"frameWidth":200,"width":157,"height":131,"name":"yun","x":723},{"width":139,"y":312,"height":136,"name":"yun04","x":882},{"frameX":-34,"frameHeight":256,"y":1,"frameY":-32,"frameWidth":256,"width":187,"height":193,"name":"yun02","x":723},{"width":184,"y":196,"height":114,"name":"wujinmoshi","x":723},{"width":720,"y":1,"height":1280,"name":"ditu03","x":1}],"height":2048,"name":"xuanyun"}