{"frameRate":24,"armature":[{"slot":[{"blendMode":"add","color":{"aM":0},"parent":"bone14","name":"yan01"},{"blendMode":"add","z":1,"color":{"aM":0},"parent":"bone13","name":"NXT01"},{"z":2,"color":{"aM":0},"name":"NXT011","parent":"bone10"},{"z":3,"color":{"aM":0},"name":"NXT012","parent":"bone9"},{"blendMode":"add","z":4,"color":{"aM":0},"parent":"bone12","name":"NXT013"},{"z":5,"color":{"aM":0},"name":"NXT014","parent":"bone11"},{"blendMode":"add","z":6,"color":{"aM":0},"parent":"bone15","name":"yan011"},{"blendMode":"add","z":7,"color":{"aM":0},"parent":"bone16","name":"yan012"},{"blendMode":"add","z":8,"color":{"aM":0},"parent":"bone17","name":"yan013"},{"z":9,"color":{},"displayIndex":-1,"name":"NXT015","parent":"root"}],"ik":[],"type":"armature","animation":[{"slot":[{"colorFrame":[{"tweenEasing":0,"duration":6,"color":{"aM":0}},{"tweenEasing":0,"duration":10,"color":{"aM":48}},{"tweenEasing":null,"duration":6,"color":{"aM":0}}],"displayFrame":[{"duration":6,"tweenEasing":null},{"duration":10,"tweenEasing":null},{"duration":6,"tweenEasing":null}],"name":"yan01"},{"colorFrame":[{"tweenEasing":0,"duration":6,"color":{"aM":0}},{"tweenEasing":0,"duration":2},{"tweenEasing":null,"duration":14,"color":{"aM":60}}],"displayFrame":[],"name":"NXT01"},{"colorFrame":[{"tweenEasing":0,"duration":6,"color":{"aM":0}},{"tweenEasing":0,"duration":4,"color":{"aM":0}},{"tweenEasing":null,"duration":2,"color":{"aM":80}},{"tweenEasing":null,"duration":10,"color":{"aM":0}}],"displayFrame":[],"name":"NXT011"},{"colorFrame":[{"tweenEasing":0,"duration":6,"color":{"aM":0}},{"tweenEasing":0,"duration":6},{"tweenEasing":null,"duration":10,"color":{"aM":80}}],"displayFrame":[],"name":"NXT012"},{"colorFrame":[{"tweenEasing":null,"duration":9,"color":{"aM":0}},{"tweenEasing":null,"duration":13,"color":{"gM":82,"bM":61}}],"displayFrame":[{"duration":9,"tweenEasing":null},{"duration":13,"tweenEasing":null}],"name":"NXT013"},{"colorFrame":[{"tweenEasing":0,"duration":5,"color":{"aM":0}},{"tweenEasing":0,"duration":2,"color":{"aM":0}},{"tweenEasing":0,"duration":3},{"tweenEasing":0,"duration":2},{"tweenEasing":null,"duration":10,"color":{"aM":0}}],"displayFrame":[],"name":"NXT014"},{"colorFrame":[{"tweenEasing":0,"duration":8,"color":{"aM":0}},{"tweenEasing":0,"duration":14,"color":{"gM":79,"bM":66,"aM":54}},{"tweenEasing":null,"duration":0,"color":{"aM":0}}],"displayFrame":[{"duration":8,"tweenEasing":null},{"duration":14,"tweenEasing":null},{"duration":0,"tweenEasing":null}],"name":"yan011"},{"colorFrame":[{"tweenEasing":0,"duration":8,"color":{"aM":0}},{"tweenEasing":0,"duration":14,"color":{"aM":44}},{"tweenEasing":null,"duration":0,"color":{"aM":0}}],"displayFrame":[{"duration":8,"tweenEasing":null},{"duration":14,"tweenEasing":null},{"duration":0,"tweenEasing":null}],"name":"yan012"},{"colorFrame":[{"tweenEasing":0,"duration":8,"color":{"aM":0}},{"tweenEasing":0,"duration":14,"color":{"gM":41,"bM":0,"aM":46}},{"tweenEasing":null,"duration":0,"color":{"aM":0}}],"displayFrame":[{"duration":8,"tweenEasing":null},{"duration":14,"tweenEasing":null},{"duration":0,"tweenEasing":null}],"name":"yan013"},{"colorFrame":[],"displayFrame":[],"name":"NXT015"}],"frame":[],"ffd":[],"bone":[{"translateFrame":[],"rotateFrame":[],"scaleFrame":[],"name":"root"},{"translateFrame":[],"rotateFrame":[],"scaleFrame":[],"name":"NXT_zhuankuaidiaoluo"},{"translateFrame":[],"rotateFrame":[],"scaleFrame":[],"name":"NXT_zhuankuaidiaoluo01"},{"translateFrame":[{"duration":6,"tweenEasing":0},{"y":-194.4999,"duration":16}],"rotateFrame":[{"duration":6,"tweenEasing":0},{"duration":16}],"scaleFrame":[{"duration":6,"tweenEasing":0},{"duration":4},{"duration":12}],"name":"NXT_zhuankuaidiaoluo02"},{"translateFrame":[{"y":19.7559,"duration":6,"tweenEasing":0,"x":-99.9355},{"y":139.9508,"duration":12,"tweenEasing":0,"x":-99.94},{"y":-8.8928,"duration":4,"x":-99.94}],"rotateFrame":[{"duration":6,"tweenEasing":0},{"duration":4,"tweenEasing":0,"rotate":135},{"duration":4,"tweenEasing":0,"rotate":157.5},{"duration":4,"tweenEasing":0,"rotate":130},{"duration":4,"rotate":100}],"scaleFrame":[{"y":0.7,"duration":6,"tweenEasing":0,"x":0.7},{"y":0.4,"duration":4,"tweenEasing":0,"x":0.4},{"y":0.4,"duration":4,"tweenEasing":0,"x":0.4},{"y":0.5,"duration":4,"tweenEasing":0,"x":0.5},{"y":0.01,"duration":4,"x":0.01}],"name":"bone9"},{"translateFrame":[{"y":185.6908,"duration":6,"tweenEasing":0,"x":98.24},{"y":151.8804,"duration":6,"tweenEasing":0,"x":125.6099},{"y":-4.782,"duration":10,"x":207.72}],"rotateFrame":[{"duration":4,"tweenEasing":0},{"duration":2,"tweenEasing":0,"rotate":83},{"duration":2,"tweenEasing":0,"rotate":-89},{"duration":2,"tweenEasing":0,"rotate":-69},{"duration":2,"tweenEasing":0,"rotate":-57},{"duration":10,"rotate":133}],"scaleFrame":[{"y":0.6,"duration":4,"tweenEasing":0,"x":0.6},{"y":0.6,"duration":2,"tweenEasing":0,"x":0.6},{"y":0.5,"duration":6,"tweenEasing":0,"x":0.5},{"y":0.4,"duration":10,"x":0.4}],"name":"bone10"},{"translateFrame":[{"y":106.3371,"duration":6,"tweenEasing":0,"x":15.56},{"y":206.4825,"duration":5,"tweenEasing":0,"x":15.56},{"y":154.4477,"duration":3,"tweenEasing":0,"x":15.56},{"y":8.438,"duration":8,"x":15.56}],"rotateFrame":[{"duration":6,"tweenEasing":0},{"duration":2,"tweenEasing":0,"rotate":97},{"duration":2,"tweenEasing":0,"rotate":107},{"duration":2,"tweenEasing":0,"rotate":122},{"duration":2,"tweenEasing":0,"rotate":122},{"duration":8,"rotate":122}],"scaleFrame":[{"y":0.5,"duration":6,"tweenEasing":0,"x":0.5},{"y":0.2,"duration":5,"tweenEasing":0,"x":0.2},{"y":0.6,"duration":3,"tweenEasing":0,"x":0.6},{"y":0.01,"duration":8,"x":0.01}],"name":"bone11"},{"translateFrame":[{"y":52.9184,"duration":6,"tweenEasing":0,"x":72.12},{"y":52.92,"duration":8,"tweenEasing":0,"x":72.12},{"y":-42.8726,"duration":8,"x":72.12}],"rotateFrame":[{"duration":6,"tweenEasing":0},{"duration":3,"tweenEasing":0,"rotate":-165},{"duration":3,"tweenEasing":0,"rotate":180},{"duration":2,"tweenEasing":0,"rotate":157},{"duration":8,"rotate":-165}],"scaleFrame":[{"y":0.4,"duration":6,"tweenEasing":0,"x":0.4},{"y":0.7,"duration":3,"tweenEasing":0,"x":0.7},{"y":0.4,"duration":3,"tweenEasing":0,"x":0.4},{"y":0.5,"duration":2,"tweenEasing":0,"x":0.5},{"y":0.01,"duration":8,"x":0.01}],"name":"bone12"},{"translateFrame":[{"duration":6,"tweenEasing":0},{"duration":8,"tweenEasing":0},{"y":-83.8733,"duration":8}],"rotateFrame":[{"duration":6,"tweenEasing":0},{"duration":2,"tweenEasing":0,"rotate":161},{"duration":2,"tweenEasing":0,"rotate":141.5},{"duration":4,"tweenEasing":0,"rotate":122},{"duration":8,"rotate":83}],"scaleFrame":[{"y":0.4,"duration":6,"tweenEasing":0,"x":0.4},{"y":0.5,"duration":2,"tweenEasing":0,"x":0.5},{"y":0.4,"duration":2,"tweenEasing":0,"x":0.4},{"y":0.3,"duration":4,"tweenEasing":0,"x":0.3},{"y":0.01,"duration":8,"x":0.01}],"name":"bone13"},{"translateFrame":[{"duration":6,"tweenEasing":0},{"y":-284.9189,"duration":10,"tweenEasing":0},{"y":-322.9322,"duration":6,"x":-14.4833}],"rotateFrame":[{"duration":6,"tweenEasing":0},{"duration":10,"tweenEasing":0,"rotate":80},{"duration":6,"rotate":122.4512}],"scaleFrame":[{"duration":6,"tweenEasing":0},{"duration":10,"tweenEasing":0},{"y":0.8714,"duration":6,"x":0.8714}],"name":"bone14"},{"translateFrame":[{"y":63.8746,"duration":8,"tweenEasing":0,"x":-50},{"y":-174.2549,"duration":14,"tweenEasing":0,"x":-50},{"y":-272.1581,"duration":0,"x":-50}],"rotateFrame":[{"duration":8,"tweenEasing":0},{"duration":14,"tweenEasing":0,"rotate":-78},{"duration":0,"rotate":-151}],"scaleFrame":[{"duration":8,"tweenEasing":0},{"duration":14,"tweenEasing":0},{"y":0.5,"duration":0,"x":0.5}],"name":"bone15"},{"translateFrame":[{"y":29.8459,"duration":8,"tweenEasing":0,"x":40},{"y":-219.6973,"duration":14,"tweenEasing":0,"x":40},{"y":-306.9757,"duration":0,"x":40}],"rotateFrame":[{"duration":8,"tweenEasing":0},{"duration":14,"tweenEasing":0,"rotate":120},{"duration":0,"rotate":34}],"scaleFrame":[{"duration":8,"tweenEasing":0},{"duration":14,"tweenEasing":0},{"y":0.6,"duration":0,"x":0.6}],"name":"bone16"},{"translateFrame":[{"y":95.6147,"duration":8,"tweenEasing":0},{"y":-209.7373,"duration":14,"tweenEasing":0},{"y":-311.8875,"duration":0}],"rotateFrame":[{"duration":8,"tweenEasing":0},{"duration":14,"tweenEasing":0,"rotate":-79},{"duration":0,"rotate":-32}],"scaleFrame":[{"y":1.5,"duration":8,"tweenEasing":0,"x":1.5},{"y":1.5,"duration":14,"tweenEasing":0,"x":1.5},{"y":1.3,"duration":0,"x":1.3}],"name":"bone17"}],"name":"play","duration":22,"playTimes":0}],"aabb":{"width":139,"y":-66,"height":132,"x":-69.5},"skin":[{"name":"","slot":[{"display":[{"path":"NXT01","type":"image","name":"NXT01","transform":{}}],"blendMode":"add","name":"NXT01"},{"display":[{"path":"yan01","type":"image","name":"yan01","transform":{}}],"blendMode":"add","name":"yan01"},{"display":[{"path":"yan01","type":"image","name":"yan01","transform":{}}],"blendMode":"add","name":"yan013"},{"display":[{"path":"yan01","type":"image","name":"yan01","transform":{}}],"blendMode":"add","name":"yan012"},{"display":[{"path":"yan01","type":"image","name":"yan01","transform":{}}],"blendMode":"add","name":"yan011"},{"display":[{"path":"NXT01","type":"image","name":"NXT01","transform":{}}],"name":"NXT014"},{"display":[{"path":"NXT01","type":"image","name":"NXT01","transform":{}}],"blendMode":"add","name":"NXT013"},{"display":[{"path":"NXT01","type":"image","name":"NXT01","transform":{}}],"name":"NXT012"},{"display":[{"path":"NXT01","type":"image","name":"NXT01","transform":{}}],"name":"NXT011"}]}],"bone":[{"name":"root","transform":{}},{"transform":{},"name":"NXT_zhuankuaidiaoluo","parent":"root"},{"transform":{},"name":"NXT_zhuankuaidiaoluo02","parent":"NXT_zhuankuaidiaoluo"},{"transform":{},"name":"NXT_zhuankuaidiaoluo01","parent":"NXT_zhuankuaidiaoluo"},{"transform":{},"name":"bone12","parent":"NXT_zhuankuaidiaoluo02"},{"transform":{},"name":"bone17","parent":"NXT_zhuankuaidiaoluo01"},{"transform":{},"name":"bone14","parent":"NXT_zhuankuaidiaoluo01"},{"transform":{},"name":"bone11","parent":"NXT_zhuankuaidiaoluo02"},{"transform":{},"name":"bone9","parent":"NXT_zhuankuaidiaoluo02"},{"transform":{},"name":"bone10","parent":"NXT_zhuankuaidiaoluo02"},{"transform":{},"name":"bone13","parent":"NXT_zhuankuaidiaoluo02"},{"transform":{},"name":"bone15","parent":"NXT_zhuankuaidiaoluo01"},{"transform":{},"name":"bone16","parent":"NXT_zhuankuaidiaoluo01"}],"name":"zhuankuaidiaoluo","frameRate":24,"defaultActions":[{"gotoAndPlay":"play"}]}],"isGlobal":0,"name":"zhuankuaidiaoluo","version":"5.5"}