{"frameRate":24,"armature":[{"ik":[],"defaultActions":[{"gotoAndPlay":"play1"}],"type":"Armature","frameRate":24,"skin":[{"slot":[{"display":[{"path":"e2","type":"image","name":"e2","transform":{"y":4.3504,"skX":90.2513,"x":376.244,"skY":90.2513}}],"name":"e2"},{"display":[{"path":"d4","type":"image","name":"d4","transform":{"y":-7.3156,"skX":121.1062,"x":49.3323,"skY":121.1062}}],"name":"d4"},{"display":[{"path":"a1","type":"image","name":"a1","transform":{"y":-8.9146,"skX":90.8545,"x":220.3669,"skY":90.8545}}],"name":"a1"},{"display":[{"path":"e5","type":"image","name":"e5","transform":{"y":23.1781,"skX":55.428,"x":44.5241,"skY":55.428}}],"name":"e5"},{"display":[{"path":"b3","type":"image","name":"b3","transform":{"y":121.9506,"skX":121.1062,"x":-37.4245,"skY":121.1062}}],"name":"b3"},{"display":[{"path":"c7","type":"image","name":"c7","transform":{"y":-640.1095,"scX":2,"scY":2}}],"name":"c7"},{"display":[{"path":"a7","type":"image","name":"a7","transform":{"y":-640.1095,"scX":2,"scY":2}}],"name":"a7"},{"display":[{"path":"c1","type":"image","name":"c1","transform":{"y":-7.6544,"skX":90.8545,"x":304.8576,"skY":90.8545}}],"name":"c1"},{"display":[{"path":"a3","type":"image","name":"a3","transform":{"y":6.3556,"skX":90.2513,"x":833.4078,"skY":90.2513}}],"name":"a3"},{"display":[{"path":"c5","type":"image","name":"c5","transform":{"y":22.8579,"skX":121.1062,"x":45.1413,"skY":121.1062}}],"name":"c5"},{"display":[{"path":"a2","type":"image","name":"a2","transform":{"y":4.3679,"skX":90.2513,"x":380.244,"skY":90.2513}}],"name":"a2"},{"display":[{"path":"b5","type":"image","name":"b5","transform":{"y":66.4335,"skX":-135.5478,"x":236.8729,"skY":-135.5478}}],"name":"b5"},{"display":[{"path":"b4","type":"image","name":"b4","transform":{"y":24.7401,"skX":121.1062,"x":43.4217,"skY":121.1062}}],"name":"b4"},{"display":[{"path":"d2","type":"image","name":"d2","transform":{"y":4.3504,"skX":90.2513,"x":376.244,"skY":90.2513}}],"name":"d2"},{"display":[{"path":"d3","type":"image","name":"d3","transform":{"y":6.1094,"skX":90.2513,"x":777.2817,"skY":90.2513}}],"name":"d3"},{"display":[{"path":"d6","type":"image","name":"d6","transform":{"y":-640.1095,"scX":2,"scY":2}}],"name":"d6"},{"display":[{"path":"b3","type":"image","name":"b3","transform":{}}],"name":"b31"},{"display":[{"path":"c4","type":"image","name":"c4","transform":{"y":1.5089,"skX":55.428,"x":55.7019,"skY":55.428}}],"name":"c4"},{"display":[{"path":"e6","type":"image","name":"e6","transform":{"y":49.9556,"skX":-135.5478,"x":172.9614,"skY":-135.5478}}],"name":"e6"},{"display":[{"path":"e3","type":"image","name":"e3","transform":{"y":6.2702,"skX":90.2513,"x":813.9306,"skY":90.2513}}],"name":"e3"},{"display":[{"path":"e4","type":"image","name":"e4","transform":{"y":40.7948,"skX":121.1062,"x":16.7994,"skY":121.1062}}],"name":"e4"},{"display":[{"path":"b2","type":"image","name":"b2","transform":{"y":6.3837,"skX":90.2513,"x":839.8194,"skY":90.2513}}],"name":"b2"},{"display":[{"path":"b1","type":"image","name":"b1","transform":{"y":4.3504,"skX":90.2513,"x":376.244,"skY":90.2513}}],"name":"b1"},{"display":[{"path":"d5","type":"image","name":"d5","transform":{"y":32.5793,"skX":-135.5478,"x":183.8497,"skY":-135.5478}}],"name":"d5"},{"display":[{"path":"a5","type":"image","name":"a5","transform":{"y":52.4989,"skX":121.1062,"x":1.4609,"skY":121.1062}}],"name":"a5"},{"display":[{"path":"d1","type":"image","name":"d1","transform":{"y":-10.9652,"skX":90.8545,"x":82.8822,"skY":90.8545}}],"name":"d1"},{"display":[{"path":"a4","type":"image","name":"a4","transform":{"y":43.7756,"skX":49.6391,"x":42.9882,"skY":49.6391}}],"name":"a4"},{"display":[{"path":"e1","type":"image","name":"e1","transform":{"y":-9.6677,"skX":90.8545,"x":169.8726,"skY":90.8545}}],"name":"e1"},{"display":[{"path":"b6","type":"image","name":"b6","transform":{"y":-640.1095,"scX":2,"scY":2}}],"name":"b6"},{"display":[{"path":"e7","type":"image","name":"e7","transform":{"y":-640.1095,"scX":2,"scY":2}}],"name":"e7"},{"display":[{"path":"c3","type":"image","name":"c3","transform":{"y":6.3245,"skX":90.2513,"x":826.3114,"skY":90.2513}}],"name":"c3"},{"display":[{"path":"c6","type":"image","name":"c6","transform":{"y":48.2953,"skX":-135.5478,"x":236.3161,"skY":-135.5478}}],"name":"c6"},{"display":[{"path":"a6","type":"image","name":"a6","transform":{"y":25.5599,"skX":-135.5478,"x":232.0221,"skY":-135.5478}}],"name":"a6"},{"display":[{"path":"c2","type":"image","name":"c2","transform":{"y":4.3964,"skX":90.2513,"x":386.7439,"skY":90.2513}}],"name":"c2"},{"display":[{"path":"b3","type":"image","name":"b3","transform":{}}],"name":"b32"}],"name":""}],"aabb":{"width":720.0546144698126,"y":-1279.9572186219343,"height":1279.847723368216,"x":-360.05461446981263},"animation":[{"playTimes":0,"frame":[],"slot":[{"colorFrame":[],"displayFrame":[],"name":"a7"},{"colorFrame":[{"duration":40,"tweenEasing":0},{"duration":40,"color":{"aM":79},"tweenEasing":0},{"duration":0}],"displayFrame":[],"name":"a6"},{"colorFrame":[{"duration":40,"color":{"aM":60},"tweenEasing":0},{"duration":40,"tweenEasing":0},{"duration":0,"color":{"aM":60}}],"displayFrame":[],"name":"a5"},{"colorFrame":[{"duration":40,"tweenEasing":0},{"duration":40,"color":{"aM":60},"tweenEasing":0},{"duration":0}],"displayFrame":[],"name":"a4"},{"colorFrame":[{"duration":40,"tweenEasing":0},{"duration":40,"color":{"aM":50},"tweenEasing":0},{"duration":0}],"displayFrame":[],"name":"a3"},{"colorFrame":[{"duration":40,"color":{"aM":75},"tweenEasing":0},{"duration":40,"tweenEasing":0},{"duration":0,"color":{"aM":75}}],"displayFrame":[],"name":"a1"},{"colorFrame":[],"displayFrame":[],"name":"b6"},{"colorFrame":[],"displayFrame":[],"name":"b5"},{"colorFrame":[],"displayFrame":[],"name":"b4"},{"colorFrame":[],"displayFrame":[],"name":"b3"},{"colorFrame":[],"displayFrame":[],"name":"b2"},{"colorFrame":[],"displayFrame":[],"name":"b1"},{"colorFrame":[],"displayFrame":[],"name":"c7"},{"colorFrame":[],"displayFrame":[],"name":"c6"},{"colorFrame":[],"displayFrame":[],"name":"c5"},{"colorFrame":[],"displayFrame":[],"name":"c4"},{"colorFrame":[],"displayFrame":[],"name":"c3"},{"colorFrame":[],"displayFrame":[],"name":"c2"},{"colorFrame":[],"displayFrame":[],"name":"c1"},{"colorFrame":[],"displayFrame":[],"name":"d6"},{"colorFrame":[],"displayFrame":[],"name":"d5"},{"colorFrame":[],"displayFrame":[],"name":"d4"},{"colorFrame":[],"displayFrame":[],"name":"d3"},{"colorFrame":[],"displayFrame":[],"name":"d2"},{"colorFrame":[],"displayFrame":[],"name":"d1"},{"colorFrame":[],"displayFrame":[],"name":"e7"},{"colorFrame":[],"displayFrame":[],"name":"e6"},{"colorFrame":[],"displayFrame":[],"name":"e5"},{"colorFrame":[],"displayFrame":[],"name":"e4"},{"colorFrame":[],"displayFrame":[],"name":"e3"},{"colorFrame":[],"displayFrame":[],"name":"e1"},{"colorFrame":[],"displayFrame":[],"name":"e2"},{"colorFrame":[],"displayFrame":[],"name":"a2"},{"colorFrame":[],"displayFrame":[],"name":"b31"},{"colorFrame":[],"displayFrame":[],"name":"b32"}],"duration":80,"name":"play1","bone":[{"translateFrame":[{"tweenEasing":0,"duration":80},{"duration":0}],"rotateFrame":[{"tweenEasing":0,"duration":80},{"duration":0}],"scaleFrame":[{"tweenEasing":0,"duration":80},{"duration":0}],"name":"root"},{"translateFrame":[{"tweenEasing":0,"duration":80},{"duration":0}],"rotateFrame":[{"tweenEasing":0,"duration":80},{"duration":0}],"scaleFrame":[{"tweenEasing":0,"duration":40},{"x":0.97,"tweenEasing":0,"duration":40},{"duration":0}],"name":"a2"},{"translateFrame":[{"tweenEasing":0,"duration":80},{"duration":0}],"rotateFrame":[{"tweenEasing":0,"duration":80},{"duration":0}],"scaleFrame":[{"tweenEasing":0,"duration":40},{"x":1.2,"tweenEasing":0,"duration":40},{"duration":0}],"name":"a1"},{"translateFrame":[{"tweenEasing":0,"duration":20},{"x":3.1746,"y":4.6455,"tweenEasing":0,"duration":40},{"x":-4.1488,"y":-1.9159,"tweenEasing":0,"duration":20},{"duration":0}],"rotateFrame":[{"tweenEasing":0,"duration":80},{"duration":0}],"scaleFrame":[{"tweenEasing":0,"duration":20},{"x":1.0313,"y":1.0313,"tweenEasing":0,"duration":40},{"x":0.988,"y":0.988,"tweenEasing":0,"duration":20},{"duration":0}],"name":"a5"},{"translateFrame":[{"tweenEasing":0,"duration":20},{"x":7.9563,"y":-10.0649,"tweenEasing":0,"duration":40},{"x":-5.4112,"y":1.986,"tweenEasing":0,"duration":20},{"duration":0}],"rotateFrame":[{"tweenEasing":0,"duration":80},{"duration":0}],"scaleFrame":[{"tweenEasing":0,"duration":20},{"x":1.051,"y":1.051,"tweenEasing":0,"duration":40},{"x":0.99,"y":0.99,"tweenEasing":0,"duration":20},{"duration":0}],"name":"a4"},{"translateFrame":[{"x":0.2228,"y":-0.2228,"tweenEasing":0,"duration":40},{"x":-1.937,"y":2.7531,"tweenEasing":0,"duration":40},{"x":0.2228,"y":-0.2228,"duration":0}],"rotateFrame":[{"tweenEasing":0,"duration":80},{"duration":0}],"scaleFrame":[{"tweenEasing":0,"duration":40},{"x":1.0496,"y":1.0496,"tweenEasing":0,"duration":40},{"duration":0}],"name":"a6"},{"translateFrame":[{"tweenEasing":0,"duration":80},{"duration":0}],"rotateFrame":[{"tweenEasing":0,"duration":80},{"duration":0}],"scaleFrame":[{"tweenEasing":0,"duration":80},{"duration":0}],"name":"c4"},{"translateFrame":[],"rotateFrame":[],"scaleFrame":[],"name":"xuehua"},{"translateFrame":[],"rotateFrame":[],"scaleFrame":[],"name":"bone"},{"translateFrame":[],"rotateFrame":[],"scaleFrame":[],"name":"bone1"}],"ffd":[]},{"playTimes":0,"frame":[],"slot":[{"colorFrame":[],"displayFrame":[{"value":-1,"duration":80}],"name":"a7"},{"colorFrame":[{"duration":40,"tweenEasing":0},{"duration":40,"color":{"aM":79},"tweenEasing":0},{"duration":0}],"displayFrame":[{"value":-1,"duration":80}],"name":"a6"},{"colorFrame":[{"duration":40,"color":{"aM":60},"tweenEasing":0},{"duration":40,"tweenEasing":0},{"duration":0,"color":{"aM":60}}],"displayFrame":[{"duration":80}],"name":"a5"},{"colorFrame":[{"duration":40,"tweenEasing":0},{"duration":40,"color":{"aM":60},"tweenEasing":0},{"duration":0}],"displayFrame":[{"value":-1,"duration":80}],"name":"a4"},{"colorFrame":[{"duration":40,"tweenEasing":0},{"duration":40,"color":{"aM":50},"tweenEasing":0},{"duration":0}],"displayFrame":[{"value":-1,"duration":80}],"name":"a3"},{"colorFrame":[{"duration":40,"color":{"aM":75},"tweenEasing":0},{"duration":40,"tweenEasing":0},{"duration":0,"color":{"aM":75}}],"displayFrame":[{"value":-1,"duration":80}],"name":"a1"},{"colorFrame":[],"displayFrame":[{"value":-1,"duration":80}],"name":"b6"},{"colorFrame":[],"displayFrame":[{"value":-1,"duration":16},{"value":-1,"duration":64}],"name":"b5"},{"colorFrame":[],"displayFrame":[{"value":-1,"duration":80}],"name":"b4"},{"colorFrame":[],"displayFrame":[],"name":"b3"},{"colorFrame":[{"duration":40,"color":{"aM":50},"tweenEasing":0},{"duration":40,"tweenEasing":0},{"duration":0,"color":{"aM":50}}],"displayFrame":[{"value":-1,"duration":80}],"name":"b2"},{"colorFrame":[],"displayFrame":[{"value":-1,"duration":80}],"name":"b1"},{"colorFrame":[],"displayFrame":[{"value":-1,"duration":80}],"name":"c7"},{"colorFrame":[],"displayFrame":[{"value":-1,"duration":16},{"value":-1,"duration":64}],"name":"c6"},{"colorFrame":[],"displayFrame":[{"value":-1,"duration":80}],"name":"c5"},{"colorFrame":[],"displayFrame":[{"value":-1,"duration":80}],"name":"c4"},{"colorFrame":[{"duration":40,"color":{"aM":50},"tweenEasing":0},{"duration":40,"tweenEasing":0},{"duration":0,"color":{"aM":50}}],"displayFrame":[{"value":-1,"duration":80}],"name":"c3"},{"colorFrame":[],"displayFrame":[{"value":-1,"duration":80}],"name":"c2"},{"colorFrame":[],"displayFrame":[{"value":-1,"duration":80}],"name":"c1"},{"colorFrame":[],"displayFrame":[{"value":-1,"duration":80}],"name":"d6"},{"colorFrame":[],"displayFrame":[{"duration":80}],"name":"d5"},{"colorFrame":[],"displayFrame":[{"duration":80}],"name":"d4"},{"colorFrame":[{"duration":40,"color":{"aM":50},"tweenEasing":0},{"duration":40,"tweenEasing":0},{"duration":0,"color":{"aM":50}}],"displayFrame":[{"value":-1,"duration":80}],"name":"d3"},{"colorFrame":[],"displayFrame":[{"value":-1,"duration":80}],"name":"d2"},{"colorFrame":[],"displayFrame":[{"duration":80}],"name":"d1"},{"colorFrame":[],"displayFrame":[{"duration":80}],"name":"e7"},{"colorFrame":[],"displayFrame":[{"duration":80}],"name":"e6"},{"colorFrame":[],"displayFrame":[{"duration":80}],"name":"e5"},{"colorFrame":[],"displayFrame":[{"duration":80}],"name":"e4"},{"colorFrame":[{"duration":40,"color":{"aM":50},"tweenEasing":0},{"duration":40,"tweenEasing":0},{"duration":0,"color":{"aM":50}}],"displayFrame":[{"duration":80}],"name":"e3"},{"colorFrame":[],"displayFrame":[{"value":-1,"duration":80}],"name":"e1"},{"colorFrame":[],"displayFrame":[{"duration":80}],"name":"e2"},{"colorFrame":[],"displayFrame":[{"value":-1,"duration":80}],"name":"a2"},{"colorFrame":[],"displayFrame":[{"duration":80}],"name":"b31"},{"colorFrame":[],"displayFrame":[{"duration":80}],"name":"b32"}],"duration":80,"zOrder":{"frame":[{"duration":80,"zOrder":[22,3,33,-22,34,-22],"tweenEasing":null}]},"name":"play2","bone":[{"translateFrame":[{"tweenEasing":0,"duration":80},{"duration":0}],"rotateFrame":[{"tweenEasing":0,"duration":80},{"duration":0}],"scaleFrame":[{"tweenEasing":0,"duration":80},{"duration":0}],"name":"root"},{"translateFrame":[{"tweenEasing":0,"duration":80},{"duration":0}],"rotateFrame":[{"tweenEasing":0,"duration":80},{"duration":0}],"scaleFrame":[{"tweenEasing":0,"duration":40},{"x":0.97,"tweenEasing":0,"duration":40},{"duration":0}],"name":"a2"},{"translateFrame":[{"tweenEasing":0,"duration":80},{"duration":0}],"rotateFrame":[{"tweenEasing":0,"duration":80},{"duration":0}],"scaleFrame":[{"tweenEasing":0,"duration":40},{"x":1.2,"tweenEasing":0,"duration":40},{"duration":0}],"name":"a1"},{"translateFrame":[{"tweenEasing":0,"duration":9},{"x":1.4286,"y":2.0905,"tweenEasing":0,"duration":11},{"x":3.1746,"y":4.6455,"tweenEasing":0,"duration":8},{"x":1.6689,"y":3.2964,"tweenEasing":0,"duration":32},{"x":-4.1488,"y":-1.9159,"tweenEasing":0,"duration":20},{"duration":0}],"rotateFrame":[{"tweenEasing":0,"rotate":0.0048,"duration":9},{"tweenEasing":0,"rotate":0.0048,"duration":11},{"tweenEasing":0,"rotate":0.0048,"duration":20},{"tweenEasing":0,"rotate":0.0048,"duration":20},{"tweenEasing":0,"rotate":0.0048,"duration":20},{"duration":0}],"scaleFrame":[{"tweenEasing":0,"duration":20},{"x":1.0313,"y":1.0313,"tweenEasing":0,"duration":40},{"x":0.988,"y":0.988,"tweenEasing":0,"duration":20},{"duration":0}],"name":"a5"},{"translateFrame":[{"tweenEasing":0,"duration":20},{"x":7.9563,"y":-10.0649,"tweenEasing":0,"duration":40},{"x":-5.4112,"y":1.986,"tweenEasing":0,"duration":20},{"duration":0}],"rotateFrame":[{"tweenEasing":0,"duration":80},{"duration":0}],"scaleFrame":[{"tweenEasing":0,"duration":20},{"x":1.051,"y":1.051,"tweenEasing":0,"duration":40},{"x":0.99,"y":0.99,"tweenEasing":0,"duration":20},{"duration":0}],"name":"a4"},{"translateFrame":[{"x":0.2228,"y":-0.2228,"tweenEasing":0,"duration":40},{"x":-1.937,"y":2.7531,"tweenEasing":0,"duration":40},{"x":0.2228,"y":-0.2228,"duration":0}],"rotateFrame":[{"tweenEasing":0,"duration":80},{"duration":0}],"scaleFrame":[{"tweenEasing":0,"duration":40},{"x":1.0496,"y":1.0496,"tweenEasing":0,"duration":40},{"duration":0}],"name":"a6"},{"translateFrame":[{"x":-1.9965,"tweenEasing":0,"duration":28},{"x":-6.2098,"y":7.5699,"tweenEasing":0,"duration":12},{"x":-7.9074,"y":10.62,"tweenEasing":0,"duration":40},{"x":-1.9965,"duration":0}],"rotateFrame":[{"tweenEasing":0,"rotate":-0.0033,"duration":40},{"tweenEasing":0,"rotate":1.9967,"duration":40},{"duration":0}],"scaleFrame":[{"tweenEasing":0,"duration":80},{"duration":0}],"name":"c4"},{"translateFrame":[{"tweenEasing":0,"duration":40},{"y":35,"tweenEasing":0,"duration":40},{"duration":0}],"rotateFrame":[],"scaleFrame":[],"name":"xuehua"},{"translateFrame":[{"x":-246.1533,"y":-764.7866,"duration":80}],"rotateFrame":[{"tweenEasing":0,"duration":80},{"rotate":60,"duration":0}],"scaleFrame":[],"name":"bone"},{"translateFrame":[{"x":-108.2601,"y":-771.1366,"duration":80}],"rotateFrame":[{"tweenEasing":0,"rotate":30,"duration":80},{"rotate":-30,"duration":0}],"scaleFrame":[],"name":"bone1"}],"ffd":[]},{"playTimes":0,"frame":[],"slot":[{"colorFrame":[],"displayFrame":[{"value":-1,"duration":80}],"name":"a7"},{"colorFrame":[{"duration":40,"tweenEasing":0},{"duration":40,"color":{"aM":79},"tweenEasing":0},{"duration":0}],"displayFrame":[{"value":-1,"duration":80}],"name":"a6"},{"colorFrame":[{"duration":40,"color":{"aM":60},"tweenEasing":0},{"duration":40,"tweenEasing":0},{"duration":0,"color":{"aM":60}}],"displayFrame":[{"value":-1,"duration":80}],"name":"a5"},{"colorFrame":[{"duration":40,"tweenEasing":0},{"duration":40,"color":{"aM":60},"tweenEasing":0},{"duration":0}],"displayFrame":[],"name":"a4"},{"colorFrame":[{"duration":40,"tweenEasing":0},{"duration":40,"color":{"aM":50},"tweenEasing":0},{"duration":0}],"displayFrame":[{"value":-1,"duration":80}],"name":"a3"},{"colorFrame":[{"duration":40,"color":{"aM":75},"tweenEasing":0},{"duration":40,"tweenEasing":0},{"duration":0,"color":{"aM":75}}],"displayFrame":[{"value":-1,"duration":80}],"name":"a1"},{"colorFrame":[],"displayFrame":[{"duration":80}],"name":"b6"},{"colorFrame":[],"displayFrame":[{"duration":80}],"name":"b5"},{"colorFrame":[],"displayFrame":[{"value":-1,"duration":80}],"name":"b4"},{"colorFrame":[],"displayFrame":[],"name":"b3"},{"colorFrame":[{"duration":40,"color":{"aM":80},"tweenEasing":0},{"duration":40,"tweenEasing":0},{"duration":0,"color":{"aM":80}}],"displayFrame":[{"duration":80}],"name":"b2"},{"colorFrame":[],"displayFrame":[{"duration":80}],"name":"b1"},{"colorFrame":[],"displayFrame":[],"name":"c7"},{"colorFrame":[],"displayFrame":[],"name":"c6"},{"colorFrame":[],"displayFrame":[],"name":"c5"},{"colorFrame":[],"displayFrame":[],"name":"c4"},{"colorFrame":[],"displayFrame":[],"name":"c3"},{"colorFrame":[],"displayFrame":[],"name":"c2"},{"colorFrame":[],"displayFrame":[{"value":-1,"duration":80}],"name":"c1"},{"colorFrame":[],"displayFrame":[],"name":"d6"},{"colorFrame":[],"displayFrame":[],"name":"d5"},{"colorFrame":[],"displayFrame":[],"name":"d4"},{"colorFrame":[],"displayFrame":[],"name":"d3"},{"colorFrame":[],"displayFrame":[{"value":-1,"duration":80}],"name":"d2"},{"colorFrame":[],"displayFrame":[{"duration":80}],"name":"d1"},{"colorFrame":[],"displayFrame":[],"name":"e7"},{"colorFrame":[],"displayFrame":[],"name":"e6"},{"colorFrame":[],"displayFrame":[],"name":"e5"},{"colorFrame":[],"displayFrame":[],"name":"e4"},{"colorFrame":[],"displayFrame":[],"name":"e3"},{"colorFrame":[],"displayFrame":[{"value":-1,"duration":80}],"name":"e1"},{"colorFrame":[],"displayFrame":[],"name":"e2"},{"colorFrame":[],"displayFrame":[{"value":-1,"duration":80}],"name":"a2"},{"colorFrame":[],"displayFrame":[{"duration":80}],"name":"b31"},{"colorFrame":[],"displayFrame":[{"duration":80}],"name":"b32"}],"duration":80,"zOrder":{"frame":[{"duration":80,"zOrder":[33,-22,34,-22],"tweenEasing":null}]},"name":"play0","bone":[{"translateFrame":[{"tweenEasing":0,"duration":80},{"duration":0}],"rotateFrame":[{"tweenEasing":0,"duration":80},{"duration":0}],"scaleFrame":[{"tweenEasing":0,"duration":80},{"duration":0}],"name":"root"},{"translateFrame":[{"tweenEasing":0,"duration":80},{"duration":0}],"rotateFrame":[{"tweenEasing":0,"duration":80},{"duration":0}],"scaleFrame":[{"tweenEasing":0,"duration":40},{"x":0.97,"tweenEasing":0,"duration":40},{"duration":0}],"name":"a2"},{"translateFrame":[{"tweenEasing":0,"duration":80},{"duration":0}],"rotateFrame":[{"tweenEasing":0,"duration":80},{"duration":0}],"scaleFrame":[{"tweenEasing":0,"duration":40},{"x":1.2,"tweenEasing":0,"duration":40},{"duration":0}],"name":"a1"},{"translateFrame":[{"tweenEasing":0,"duration":20},{"x":3.1746,"y":4.6455,"tweenEasing":0,"duration":40},{"x":-4.1488,"y":-1.9159,"tweenEasing":0,"duration":20},{"duration":0}],"rotateFrame":[{"tweenEasing":0,"duration":80},{"duration":0}],"scaleFrame":[{"tweenEasing":0,"duration":20},{"x":1.0313,"y":1.0313,"tweenEasing":0,"duration":40},{"x":0.988,"y":0.988,"tweenEasing":0,"duration":20},{"duration":0}],"name":"a5"},{"translateFrame":[{"tweenEasing":0,"duration":20},{"x":7.9563,"y":-10.0649,"tweenEasing":0,"duration":40},{"x":-5.4112,"y":1.986,"tweenEasing":0,"duration":20},{"duration":0}],"rotateFrame":[{"tweenEasing":0,"duration":80},{"duration":0}],"scaleFrame":[{"tweenEasing":0,"duration":20},{"x":1.051,"y":1.051,"tweenEasing":0,"duration":40},{"x":0.99,"y":0.99,"tweenEasing":0,"duration":20},{"duration":0}],"name":"a4"},{"translateFrame":[{"x":0.2228,"y":-0.2228,"tweenEasing":0,"duration":40},{"x":-1.937,"y":2.7531,"tweenEasing":0,"duration":40},{"x":0.2228,"y":-0.2228,"duration":0}],"rotateFrame":[{"tweenEasing":0,"duration":80},{"duration":0}],"scaleFrame":[{"tweenEasing":0,"duration":40},{"x":1.0496,"y":1.0496,"tweenEasing":0,"duration":40},{"duration":0}],"name":"a6"},{"translateFrame":[{"tweenEasing":0,"duration":80},{"duration":0}],"rotateFrame":[{"tweenEasing":0,"duration":80},{"duration":0}],"scaleFrame":[{"tweenEasing":0,"duration":80},{"duration":0}],"name":"c4"},{"translateFrame":[{"tweenEasing":0,"duration":40},{"y":35,"tweenEasing":0,"duration":40},{"duration":0}],"rotateFrame":[],"scaleFrame":[],"name":"xuehua"},{"translateFrame":[{"x":-246.1533,"y":-764.7866,"duration":80}],"rotateFrame":[{"tweenEasing":0,"duration":80},{"rotate":60,"duration":0}],"scaleFrame":[],"name":"bone"},{"translateFrame":[{"x":-108.2601,"y":-771.1366,"duration":80}],"rotateFrame":[{"tweenEasing":0,"rotate":30,"duration":80},{"rotate":-30,"duration":0}],"scaleFrame":[],"name":"bone1"}],"ffd":[]}],"slot":[{"color":{},"name":"a7","parent":"root"},{"z":1,"color":{},"name":"a6","parent":"a6"},{"z":2,"color":{},"name":"a5","parent":"a5"},{"z":3,"color":{},"name":"a4","parent":"a4"},{"z":4,"color":{},"name":"a3","parent":"a2"},{"z":5,"color":{},"name":"a2","parent":"a2"},{"z":6,"color":{},"name":"a1","parent":"a1"},{"z":7,"color":{},"name":"b6","parent":"root","displayIndex":-1},{"z":8,"color":{},"name":"b5","parent":"a6","displayIndex":-1},{"z":9,"color":{},"name":"b4","parent":"a5","displayIndex":-1},{"z":10,"color":{},"name":"b3","parent":"a5","displayIndex":-1},{"z":11,"color":{},"name":"b2","parent":"a2","displayIndex":-1},{"z":12,"color":{},"name":"b1","parent":"a2","displayIndex":-1},{"z":13,"color":{},"name":"c7","parent":"root","displayIndex":-1},{"z":14,"color":{},"name":"c6","parent":"a6","displayIndex":-1},{"z":15,"color":{},"name":"c5","parent":"a5","displayIndex":-1},{"z":16,"color":{},"name":"c4","parent":"c4","displayIndex":-1},{"z":17,"color":{},"name":"c3","parent":"a2","displayIndex":-1},{"z":18,"color":{},"name":"c2","parent":"a2","displayIndex":-1},{"z":19,"color":{},"name":"c1","parent":"a1","displayIndex":-1},{"z":20,"color":{},"name":"d6","parent":"root","displayIndex":-1},{"z":21,"color":{},"name":"d5","parent":"a6","displayIndex":-1},{"z":22,"color":{},"name":"d4","parent":"a5","displayIndex":-1},{"z":23,"color":{},"name":"d3","parent":"a2","displayIndex":-1},{"z":24,"color":{},"name":"d2","parent":"a2","displayIndex":-1},{"z":25,"color":{},"name":"d1","parent":"a1","displayIndex":-1},{"z":26,"color":{},"name":"e7","parent":"root","displayIndex":-1},{"z":27,"color":{},"name":"e5","parent":"c4","displayIndex":-1},{"z":28,"color":{},"name":"e4","parent":"a5","displayIndex":-1},{"z":29,"color":{},"name":"e3","parent":"a2","displayIndex":-1},{"z":30,"color":{},"name":"e1","parent":"a1","displayIndex":-1},{"z":31,"color":{},"name":"e2","parent":"a2","displayIndex":-1},{"z":32,"color":{},"name":"e6","parent":"a6","displayIndex":-1},{"z":33,"color":{},"name":"b31","parent":"bone","displayIndex":-1},{"z":34,"color":{},"name":"b32","parent":"bone1","displayIndex":-1}],"name":"level1","bone":[{"name":"root","transform":{}},{"length":500,"transform":{"y":-20.35,"skX":-90.2513,"x":-2.7,"skY":-90.2513},"parent":"root","name":"a2"},{"length":125,"transform":{"y":-1221.2,"skX":135.5478,"x":318.45,"skY":135.5478},"parent":"root","name":"a6"},{"transform":{},"name":"xuehua","parent":"root"},{"length":362,"transform":{"y":-14.9,"skX":-90.8545,"x":12.2,"skY":-90.8545},"parent":"root","name":"a1"},{"length":120,"transform":{"y":164.6577,"skX":40.6122,"x":719.5347,"skY":40.6122},"parent":"a2","name":"a4"},{"length":116,"transform":{"y":57.16,"skX":34.8233,"x":754.5065,"skY":34.8233},"parent":"a2","name":"c4"},{"length":127,"transform":{"y":-202.3952,"skX":-30.8548,"x":719.6947,"skY":-30.8548},"parent":"a2","name":"a5"},{"transform":{},"name":"bone","parent":"xuehua"},{"transform":{},"name":"bone1","parent":"xuehua"}]},{"ik":[],"defaultActions":[{"gotoAndPlay":"play"}],"type":"Armature","frameRate":24,"skin":[{"slot":[{"display":[{"path":"e4","type":"image","name":"e4","transform":{"y":40.7948,"skX":121.1062,"x":16.7994,"skY":121.1062}}],"name":"e4"},{"display":[{"path":"b5","type":"image","name":"b5","transform":{"y":66.4335,"skX":-135.5478,"x":236.8729,"skY":-135.5478}}],"name":"b5"},{"display":[{"path":"d2","type":"image","name":"d2","transform":{"y":4.3504,"skX":90.2513,"x":376.244,"skY":90.2513}}],"name":"d2"},{"display":[{"path":"a3","type":"image","name":"a3","transform":{"y":6.3556,"skX":90.2513,"x":833.4078,"skY":90.2513}}],"name":"a3"},{"display":[{"path":"d6","type":"image","name":"d6","transform":{"y":-640.1095}}],"name":"d6"},{"display":[{"path":"a7","type":"image","name":"a7","transform":{"y":-640.1095}}],"name":"a7"},{"display":[{"path":"c4","type":"image","name":"c4","transform":{"y":1.5089,"skX":55.428,"x":55.7019,"skY":55.428}}],"name":"c4"},{"display":[{"path":"e3","type":"image","name":"e3","transform":{"y":6.2702,"skX":90.2513,"x":813.9306,"skY":90.2513}}],"name":"e3"},{"display":[{"path":"b1","type":"image","name":"b1","transform":{"y":4.3504,"skX":90.2513,"x":376.244,"skY":90.2513}}],"name":"b1"},{"display":[{"path":"b4","type":"image","name":"b4","transform":{"y":24.7401,"skX":121.1062,"x":43.4217,"skY":121.1062}}],"name":"b4"},{"display":[{"path":"d1","type":"image","name":"d1","transform":{"y":-10.9652,"skX":90.8545,"x":82.8822,"skY":90.8545}}],"name":"d1"},{"display":[{"path":"a2","type":"image","name":"a2","transform":{"y":4.3679,"skX":90.2513,"x":380.244,"skY":90.2513}}],"name":"a2"},{"display":[{"path":"d5","type":"image","name":"d5","transform":{"y":32.5793,"skX":-135.5478,"x":183.8497,"skY":-135.5478}}],"name":"d5"},{"display":[{"path":"a6","type":"image","name":"a6","transform":{"y":25.5599,"skX":-135.5478,"x":232.0221,"skY":-135.5478}}],"name":"a6"},{"display":[{"path":"c3","type":"image","name":"c3","transform":{"y":6.3245,"skX":90.2513,"x":826.3114,"skY":90.2513}}],"name":"c3"},{"display":[{"path":"e1","type":"image","name":"e1","transform":{"y":-9.6677,"skX":90.8545,"x":169.8726,"skY":90.8545}}],"name":"e1"},{"display":[{"path":"c7","type":"image","name":"c7","transform":{"y":-640.1095}}],"name":"c7"},{"display":[{"path":"b3","type":"image","name":"b3","transform":{"y":121.9506,"skX":121.1062,"x":-37.4245,"skY":121.1062}}],"name":"b3"},{"display":[{"path":"e7","type":"image","name":"e7","transform":{"y":-640.1095}}],"name":"e7"},{"display":[{"path":"a1","type":"image","name":"a1","transform":{"y":-8.9146,"skX":90.8545,"x":220.3669,"skY":90.8545}}],"name":"a1"},{"display":[{"path":"d4","type":"image","name":"d4","transform":{"y":-7.3156,"skX":121.1062,"x":49.3323,"skY":121.1062}}],"name":"d4"},{"display":[{"path":"a5","type":"image","name":"a5","transform":{"y":52.4989,"skX":121.1062,"x":1.4609,"skY":121.1062}}],"name":"a5"},{"display":[{"path":"c2","type":"image","name":"c2","transform":{"y":4.3964,"skX":90.2513,"x":386.7439,"skY":90.2513}}],"name":"c2"},{"display":[{"path":"e2","type":"image","name":"e2","transform":{"y":4.3504,"skX":90.2513,"x":376.244,"skY":90.2513}}],"name":"e2"},{"display":[{"path":"c6","type":"image","name":"c6","transform":{"y":48.2953,"skX":-135.5478,"x":236.3161,"skY":-135.5478}}],"name":"c6"},{"display":[{"path":"b2","type":"image","name":"b2","transform":{"y":6.3837,"skX":90.2513,"x":839.8194,"skY":90.2513}}],"name":"b2"},{"display":[{"path":"e5","type":"image","name":"e5","transform":{"y":23.1781,"skX":55.428,"x":44.5241,"skY":55.428}}],"name":"e5"},{"display":[{"path":"b6","type":"image","name":"b6","transform":{"y":-640.1095}}],"name":"b6"},{"display":[{"path":"d3","type":"image","name":"d3","transform":{"y":6.1094,"skX":90.2513,"x":777.2817,"skY":90.2513}}],"name":"d3"},{"display":[{"path":"a4","type":"image","name":"a4","transform":{"y":43.7756,"skX":49.6391,"x":42.9882,"skY":49.6391}}],"name":"a4"},{"display":[{"path":"c1","type":"image","name":"c1","transform":{"y":-7.6544,"skX":90.8545,"x":304.8576,"skY":90.8545}}],"name":"c1"},{"display":[{"path":"e6","type":"image","name":"e6","transform":{"y":49.9556,"skX":-135.5478,"x":172.9614,"skY":-135.5478}}],"name":"e6"},{"display":[{"path":"c5","type":"image","name":"c5","transform":{"y":22.8579,"skX":121.1062,"x":45.1413,"skY":121.1062}}],"name":"c5"}],"name":""}],"aabb":{"width":720.0545906358766,"y":-1279.9572298159421,"height":1279.8477826244791,"x":-360.0543770013872},"animation":[{"playTimes":0,"frame":[],"slot":[{"colorFrame":[],"displayFrame":[{"value":-1,"duration":80}],"name":"a7"},{"colorFrame":[{"duration":40,"tweenEasing":0},{"duration":40,"color":{"aM":79},"tweenEasing":0},{"duration":0}],"displayFrame":[{"value":-1,"duration":80}],"name":"a6"},{"colorFrame":[{"duration":40,"color":{"aM":60},"tweenEasing":0},{"duration":40,"tweenEasing":0},{"duration":0,"color":{"aM":60}}],"displayFrame":[{"value":-1,"duration":80}],"name":"a5"},{"colorFrame":[],"displayFrame":[{"value":-1,"duration":80}],"name":"a4"},{"colorFrame":[],"displayFrame":[{"value":-1,"duration":80}],"name":"a3"},{"colorFrame":[],"displayFrame":[{"value":-1,"duration":80}],"name":"a2"},{"colorFrame":[],"displayFrame":[{"value":-1,"duration":80}],"name":"a1"},{"colorFrame":[],"displayFrame":[{"duration":80}],"name":"b6"},{"colorFrame":[{"duration":40,"tweenEasing":0},{"duration":40,"color":{"aM":80},"tweenEasing":0},{"duration":0}],"displayFrame":[{"duration":80}],"name":"b5"},{"colorFrame":[],"displayFrame":[{"duration":80}],"name":"b4"},{"colorFrame":[],"displayFrame":[{"duration":80}],"name":"b3"},{"colorFrame":[{"duration":40,"tweenEasing":0},{"duration":40,"color":{"aM":50},"tweenEasing":0},{"duration":0}],"displayFrame":[{"duration":80}],"name":"b2"},{"colorFrame":[],"displayFrame":[{"duration":80}],"name":"b1"},{"colorFrame":[],"displayFrame":[],"name":"c7"},{"colorFrame":[],"displayFrame":[],"name":"c6"},{"colorFrame":[],"displayFrame":[],"name":"c5"},{"colorFrame":[],"displayFrame":[],"name":"c4"},{"colorFrame":[],"displayFrame":[],"name":"c3"},{"colorFrame":[],"displayFrame":[],"name":"c2"},{"colorFrame":[],"displayFrame":[],"name":"c1"},{"colorFrame":[],"displayFrame":[],"name":"d6"},{"colorFrame":[],"displayFrame":[],"name":"d5"},{"colorFrame":[],"displayFrame":[],"name":"d4"},{"colorFrame":[],"displayFrame":[],"name":"d3"},{"colorFrame":[],"displayFrame":[],"name":"d2"},{"colorFrame":[],"displayFrame":[],"name":"d1"},{"colorFrame":[],"displayFrame":[],"name":"e7"},{"colorFrame":[],"displayFrame":[],"name":"e6"},{"colorFrame":[],"displayFrame":[],"name":"e5"},{"colorFrame":[],"displayFrame":[],"name":"e4"},{"colorFrame":[],"displayFrame":[],"name":"e3"},{"colorFrame":[],"displayFrame":[],"name":"e1"},{"colorFrame":[],"displayFrame":[],"name":"e2"}],"duration":80,"name":"play","bone":[{"translateFrame":[],"rotateFrame":[],"scaleFrame":[],"name":"root"},{"translateFrame":[{"tweenEasing":0,"duration":80},{"duration":0}],"rotateFrame":[{"tweenEasing":0,"duration":80},{"duration":0}],"scaleFrame":[{"tweenEasing":0,"duration":40},{"x":0.97,"tweenEasing":0,"duration":40},{"duration":0}],"name":"a2"},{"translateFrame":[{"x":0.2228,"y":-0.2228,"tweenEasing":0,"duration":40},{"x":-1.937,"y":2.7531,"tweenEasing":0,"duration":40},{"x":0.2228,"y":-0.2228,"duration":0}],"rotateFrame":[{"tweenEasing":0,"duration":80},{"duration":0}],"scaleFrame":[{"tweenEasing":0,"duration":40},{"x":1.0496,"y":1.0496,"tweenEasing":0,"duration":40},{"duration":0}],"name":"a6"},{"translateFrame":[],"rotateFrame":[],"scaleFrame":[],"name":"a1"},{"translateFrame":[],"rotateFrame":[],"scaleFrame":[],"name":"a4"},{"translateFrame":[{"tweenEasing":0,"duration":20},{"x":3.1746,"y":4.6455,"tweenEasing":0,"duration":40},{"x":-4.1488,"y":-1.9159,"tweenEasing":0,"duration":20},{"duration":0}],"rotateFrame":[{"tweenEasing":0,"duration":40},{"tweenEasing":0,"rotate":-9.075,"duration":40},{"duration":0}],"scaleFrame":[{"tweenEasing":0,"duration":20},{"x":1.0313,"y":1.0313,"tweenEasing":0,"duration":40},{"x":0.988,"y":0.988,"tweenEasing":0,"duration":20},{"duration":0}],"name":"a5"},{"translateFrame":[],"rotateFrame":[],"scaleFrame":[],"name":"c4"}],"ffd":[]}],"slot":[{"color":{},"name":"a7","parent":"root"},{"z":1,"color":{},"name":"a6","parent":"a6"},{"z":2,"color":{},"name":"a5","parent":"a5"},{"z":3,"color":{},"name":"a4","parent":"a4"},{"z":4,"color":{},"name":"a3","parent":"a2"},{"z":5,"color":{},"name":"a2","parent":"a2"},{"z":6,"color":{},"name":"a1","parent":"a1"},{"z":7,"color":{},"name":"b6","parent":"root","displayIndex":-1},{"z":8,"color":{},"name":"b5","parent":"a6","displayIndex":-1},{"z":9,"color":{},"name":"b4","parent":"a5","displayIndex":-1},{"z":10,"color":{},"name":"b3","parent":"a5","displayIndex":-1},{"z":11,"color":{},"name":"b2","parent":"a2","displayIndex":-1},{"z":12,"color":{},"name":"b1","parent":"a2","displayIndex":-1},{"z":13,"color":{},"name":"c7","parent":"root","displayIndex":-1},{"z":14,"color":{},"name":"c6","parent":"a6","displayIndex":-1},{"z":15,"color":{},"name":"c5","parent":"a5","displayIndex":-1},{"z":16,"color":{},"name":"c4","parent":"c4","displayIndex":-1},{"z":17,"color":{},"name":"c3","parent":"a2","displayIndex":-1},{"z":18,"color":{},"name":"c2","parent":"a2","displayIndex":-1},{"z":19,"color":{},"name":"c1","parent":"a1","displayIndex":-1},{"z":20,"color":{},"name":"d6","parent":"root","displayIndex":-1},{"z":21,"color":{},"name":"d5","parent":"a6","displayIndex":-1},{"z":22,"color":{},"name":"d4","parent":"a5","displayIndex":-1},{"z":23,"color":{},"name":"d3","parent":"a2","displayIndex":-1},{"z":24,"color":{},"name":"d2","parent":"a2","displayIndex":-1},{"z":25,"color":{},"name":"d1","parent":"a1","displayIndex":-1},{"z":26,"color":{},"name":"e7","parent":"root","displayIndex":-1},{"z":27,"color":{},"name":"e5","parent":"c4","displayIndex":-1},{"z":28,"color":{},"name":"e4","parent":"a5","displayIndex":-1},{"z":29,"color":{},"name":"e3","parent":"a2","displayIndex":-1},{"z":30,"color":{},"name":"e1","parent":"a1","displayIndex":-1},{"z":31,"color":{},"name":"e2","parent":"a2","displayIndex":-1},{"z":32,"color":{},"name":"e6","parent":"a6","displayIndex":-1}],"name":"level2","bone":[{"name":"root","transform":{}},{"length":500,"transform":{"y":-20.35,"skX":-90.2513,"x":-2.7,"skY":-90.2513},"parent":"root","name":"a2"},{"length":125,"transform":{"y":-1221.2,"skX":135.5478,"x":318.45,"skY":135.5478},"parent":"root","name":"a6"},{"length":362,"transform":{"y":-14.9,"skX":-90.8545,"x":12.2,"skY":-90.8545},"parent":"root","name":"a1"},{"length":120,"transform":{"y":164.6577,"skX":40.6122,"x":719.5347,"skY":40.6122},"parent":"a2","name":"a4"},{"length":127,"transform":{"y":-202.3952,"skX":-30.8548,"x":719.6947,"skY":-30.8548},"parent":"a2","name":"a5"},{"length":116,"transform":{"y":57.16,"skX":34.8233,"x":754.5065,"skY":34.8233},"parent":"a2","name":"c4"}]},{"ik":[],"defaultActions":[{"gotoAndPlay":"play"}],"type":"Armature","frameRate":24,"skin":[{"slot":[{"display":[{"path":"e5","type":"image","name":"e5","transform":{"y":23.1781,"skX":55.428,"x":44.5241,"skY":55.428}}],"name":"e5"},{"display":[{"path":"b6","type":"image","name":"b6","transform":{"y":-640.1095}}],"name":"b6"},{"display":[{"path":"d3","type":"image","name":"d3","transform":{"y":6.1094,"skX":90.2513,"x":777.2817,"skY":90.2513}}],"name":"d3"},{"display":[{"path":"a4","type":"image","name":"a4","transform":{"y":43.7756,"skX":49.6391,"x":42.9882,"skY":49.6391}}],"name":"a4"},{"display":[{"path":"c1","type":"image","name":"c1","transform":{"y":-7.6544,"skX":90.8545,"x":304.8576,"skY":90.8545}}],"name":"c1"},{"display":[{"path":"e6","type":"image","name":"e6","transform":{"y":49.9556,"skX":-135.5478,"x":172.9614,"skY":-135.5478}}],"name":"e6"},{"display":[{"path":"c5","type":"image","name":"c5","transform":{"y":22.8579,"skX":121.1062,"x":45.1413,"skY":121.1062}}],"name":"c5"},{"display":[{"path":"e4","type":"image","name":"e4","transform":{"y":40.7948,"skX":121.1062,"x":16.7994,"skY":121.1062}}],"name":"e4"},{"display":[{"path":"b2","type":"image","name":"b2","transform":{"y":6.3837,"skX":90.2513,"x":839.8194,"skY":90.2513}}],"name":"b2"},{"display":[{"path":"b5","type":"image","name":"b5","transform":{"y":66.4335,"skX":-135.5478,"x":236.8729,"skY":-135.5478}}],"name":"b5"},{"display":[{"path":"d2","type":"image","name":"d2","transform":{"y":4.3504,"skX":90.2513,"x":376.244,"skY":90.2513}}],"name":"d2"},{"display":[{"path":"a3","type":"image","name":"a3","transform":{"y":6.3556,"skX":90.2513,"x":833.4078,"skY":90.2513}}],"name":"a3"},{"display":[{"path":"d6","type":"image","name":"d6","transform":{"y":-640.1095}}],"name":"d6"},{"display":[{"path":"a7","type":"image","name":"a7","transform":{"y":-640.1095}}],"name":"a7"},{"display":[{"path":"c4","type":"image","name":"c4","transform":{"y":1.5089,"skX":55.428,"x":55.7019,"skY":55.428}}],"name":"c4"},{"display":[{"path":"e3","type":"image","name":"e3","transform":{"y":6.2702,"skX":90.2513,"x":813.9306,"skY":90.2513}}],"name":"e3"},{"display":[{"path":"b1","type":"image","name":"b1","transform":{"y":4.3504,"skX":90.2513,"x":376.244,"skY":90.2513}}],"name":"b1"},{"display":[{"path":"b4","type":"image","name":"b4","transform":{"y":24.7401,"skX":121.1062,"x":43.4217,"skY":121.1062}}],"name":"b4"},{"display":[{"path":"d1","type":"image","name":"d1","transform":{"y":-10.9652,"skX":90.8545,"x":82.8822,"skY":90.8545}}],"name":"d1"},{"display":[{"path":"a2","type":"image","name":"a2","transform":{"y":4.3679,"skX":90.2513,"x":380.244,"skY":90.2513}}],"name":"a2"},{"display":[{"path":"d5","type":"image","name":"d5","transform":{"y":32.5793,"skX":-135.5478,"x":183.8497,"skY":-135.5478}}],"name":"d5"},{"display":[{"path":"a6","type":"image","name":"a6","transform":{"y":25.5599,"skX":-135.5478,"x":232.0221,"skY":-135.5478}}],"name":"a6"},{"display":[{"path":"c3","type":"image","name":"c3","transform":{"y":6.3245,"skX":90.2513,"x":826.3114,"skY":90.2513}}],"name":"c3"},{"display":[{"path":"e1","type":"image","name":"e1","transform":{"y":-9.6677,"skX":90.8545,"x":169.8726,"skY":90.8545}}],"name":"e1"},{"display":[{"path":"c7","type":"image","name":"c7","transform":{"y":-640.1095}}],"name":"c7"},{"display":[{"path":"b3","type":"image","name":"b3","transform":{"y":121.9506,"skX":121.1062,"x":-37.4245,"skY":121.1062}}],"name":"b3"},{"display":[{"path":"e7","type":"image","name":"e7","transform":{"y":-640.1095}}],"name":"e7"},{"display":[{"path":"a1","type":"image","name":"a1","transform":{"y":-8.9146,"skX":90.8545,"x":220.3669,"skY":90.8545}}],"name":"a1"},{"display":[{"path":"d4","type":"image","name":"d4","transform":{"y":-7.3156,"skX":121.1062,"x":49.3323,"skY":121.1062}}],"name":"d4"},{"display":[{"path":"a5","type":"image","name":"a5","transform":{"y":52.4989,"skX":121.1062,"x":1.4609,"skY":121.1062}}],"name":"a5"},{"display":[{"path":"c2","type":"image","name":"c2","transform":{"y":4.3964,"skX":90.2513,"x":386.7439,"skY":90.2513}}],"name":"c2"},{"display":[{"path":"e2","type":"image","name":"e2","transform":{"y":4.3504,"skX":90.2513,"x":376.244,"skY":90.2513}}],"name":"e2"},{"display":[{"path":"c6","type":"image","name":"c6","transform":{"y":48.2953,"skX":-135.5478,"x":236.3161,"skY":-135.5478}}],"name":"c6"}],"name":""}],"aabb":{"width":720.0545906358766,"y":-1279.9572298159421,"height":1279.8477826244791,"x":-360.0543770013872},"animation":[{"playTimes":0,"frame":[],"slot":[{"colorFrame":[],"displayFrame":[{"value":-1,"duration":80}],"name":"a7"},{"colorFrame":[{"duration":40,"tweenEasing":0},{"duration":40,"color":{"aM":79},"tweenEasing":0},{"duration":0}],"displayFrame":[{"value":-1,"duration":80}],"name":"a6"},{"colorFrame":[{"duration":40,"color":{"aM":60},"tweenEasing":0},{"duration":40,"tweenEasing":0},{"duration":0,"color":{"aM":60}}],"displayFrame":[{"value":-1,"duration":80}],"name":"a5"},{"colorFrame":[],"displayFrame":[{"value":-1,"duration":80}],"name":"a4"},{"colorFrame":[],"displayFrame":[{"value":-1,"duration":80}],"name":"a3"},{"colorFrame":[],"displayFrame":[{"value":-1,"duration":80}],"name":"a2"},{"colorFrame":[],"displayFrame":[{"value":-1,"duration":80}],"name":"a1"},{"colorFrame":[],"displayFrame":[],"name":"b6"},{"colorFrame":[],"displayFrame":[],"name":"b5"},{"colorFrame":[],"displayFrame":[],"name":"b4"},{"colorFrame":[],"displayFrame":[],"name":"b3"},{"colorFrame":[],"displayFrame":[],"name":"b2"},{"colorFrame":[],"displayFrame":[],"name":"b1"},{"colorFrame":[],"displayFrame":[{"duration":80}],"name":"c7"},{"colorFrame":[{"duration":40,"tweenEasing":0},{"duration":40,"color":{"aM":65},"tweenEasing":0},{"duration":0}],"displayFrame":[{"duration":80}],"name":"c6"},{"colorFrame":[{"duration":40,"tweenEasing":0},{"duration":40,"color":{"aM":60},"tweenEasing":0},{"duration":0}],"displayFrame":[{"duration":80}],"name":"c5"},{"colorFrame":[{"duration":40,"color":{"aM":60},"tweenEasing":0},{"duration":40,"tweenEasing":0},{"duration":0,"color":{"aM":60}}],"displayFrame":[{"duration":80}],"name":"c4"},{"colorFrame":[{"duration":40,"tweenEasing":0},{"duration":40,"color":{"aM":55},"tweenEasing":0},{"duration":0}],"displayFrame":[{"duration":80}],"name":"c3"},{"colorFrame":[],"displayFrame":[{"duration":80}],"name":"c2"},{"colorFrame":[{"duration":40,"tweenEasing":0},{"duration":40,"color":{"aM":0},"tweenEasing":0},{"duration":0}],"displayFrame":[{"duration":80}],"name":"c1"},{"colorFrame":[],"displayFrame":[],"name":"d6"},{"colorFrame":[],"displayFrame":[],"name":"d5"},{"colorFrame":[],"displayFrame":[],"name":"d4"},{"colorFrame":[],"displayFrame":[],"name":"d3"},{"colorFrame":[],"displayFrame":[],"name":"d2"},{"colorFrame":[],"displayFrame":[],"name":"d1"},{"colorFrame":[],"displayFrame":[],"name":"e7"},{"colorFrame":[],"displayFrame":[],"name":"e6"},{"colorFrame":[],"displayFrame":[],"name":"e5"},{"colorFrame":[],"displayFrame":[],"name":"e4"},{"colorFrame":[],"displayFrame":[],"name":"e3"},{"colorFrame":[],"displayFrame":[],"name":"e1"},{"colorFrame":[],"displayFrame":[],"name":"e2"}],"duration":80,"name":"play","bone":[{"translateFrame":[],"rotateFrame":[],"scaleFrame":[],"name":"root"},{"translateFrame":[{"tweenEasing":0,"duration":80},{"duration":0}],"rotateFrame":[{"tweenEasing":0,"duration":80},{"duration":0}],"scaleFrame":[{"tweenEasing":0,"duration":40},{"x":0.97,"tweenEasing":0,"duration":40},{"duration":0}],"name":"a2"},{"translateFrame":[{"x":0.2228,"y":-0.2228,"tweenEasing":0,"duration":40},{"x":-1.937,"y":2.7531,"tweenEasing":0,"duration":40},{"x":0.2228,"y":-0.2228,"duration":0}],"rotateFrame":[{"tweenEasing":0,"duration":80},{"duration":0}],"scaleFrame":[{"tweenEasing":0,"duration":40},{"x":1.0496,"y":1.0496,"tweenEasing":0,"duration":40},{"duration":0}],"name":"a6"},{"translateFrame":[],"rotateFrame":[],"scaleFrame":[],"name":"a1"},{"translateFrame":[],"rotateFrame":[],"scaleFrame":[],"name":"a4"},{"translateFrame":[{"tweenEasing":0,"duration":20},{"x":3.1746,"y":4.6455,"tweenEasing":0,"duration":40},{"x":-4.1488,"y":-1.9159,"tweenEasing":0,"duration":20},{"duration":0}],"rotateFrame":[{"tweenEasing":0,"duration":80},{"duration":0}],"scaleFrame":[{"tweenEasing":0,"duration":20},{"x":1.0313,"y":1.0313,"tweenEasing":0,"duration":40},{"x":0.988,"y":0.988,"tweenEasing":0,"duration":20},{"duration":0}],"name":"a5"},{"translateFrame":[{"tweenEasing":0,"duration":80},{"duration":0}],"rotateFrame":[{"tweenEasing":0,"duration":40},{"tweenEasing":0,"rotate":-8.317,"duration":40},{"duration":0}],"scaleFrame":[{"tweenEasing":0,"duration":80},{"duration":0}],"name":"c4"}],"ffd":[]}],"slot":[{"color":{},"name":"a7","parent":"root"},{"z":1,"color":{},"name":"a6","parent":"a6"},{"z":2,"color":{},"name":"a5","parent":"a5"},{"z":3,"color":{},"name":"a4","parent":"a4"},{"z":4,"color":{},"name":"a3","parent":"a2"},{"z":5,"color":{},"name":"a2","parent":"a2"},{"z":6,"color":{},"name":"a1","parent":"a1"},{"z":7,"color":{},"name":"b6","parent":"root","displayIndex":-1},{"z":8,"color":{},"name":"b5","parent":"a6","displayIndex":-1},{"z":9,"color":{},"name":"b4","parent":"a5","displayIndex":-1},{"z":10,"color":{},"name":"b3","parent":"a5","displayIndex":-1},{"z":11,"color":{},"name":"b2","parent":"a2","displayIndex":-1},{"z":12,"color":{},"name":"b1","parent":"a2","displayIndex":-1},{"z":13,"color":{},"name":"c7","parent":"root","displayIndex":-1},{"z":14,"color":{},"name":"c6","parent":"a6","displayIndex":-1},{"z":15,"color":{},"name":"c5","parent":"a5","displayIndex":-1},{"z":16,"color":{},"name":"c4","parent":"c4","displayIndex":-1},{"z":17,"color":{},"name":"c3","parent":"a2","displayIndex":-1},{"z":18,"color":{},"name":"c2","parent":"a2","displayIndex":-1},{"z":19,"color":{},"name":"c1","parent":"a1","displayIndex":-1},{"z":20,"color":{},"name":"d6","parent":"root","displayIndex":-1},{"z":21,"color":{},"name":"d5","parent":"a6","displayIndex":-1},{"z":22,"color":{},"name":"d4","parent":"a5","displayIndex":-1},{"z":23,"color":{},"name":"d3","parent":"a2","displayIndex":-1},{"z":24,"color":{},"name":"d2","parent":"a2","displayIndex":-1},{"z":25,"color":{},"name":"d1","parent":"a1","displayIndex":-1},{"z":26,"color":{},"name":"e7","parent":"root","displayIndex":-1},{"z":27,"color":{},"name":"e5","parent":"c4","displayIndex":-1},{"z":28,"color":{},"name":"e4","parent":"a5","displayIndex":-1},{"z":29,"color":{},"name":"e3","parent":"a2","displayIndex":-1},{"z":30,"color":{},"name":"e1","parent":"a1","displayIndex":-1},{"z":31,"color":{},"name":"e2","parent":"a2","displayIndex":-1},{"z":32,"color":{},"name":"e6","parent":"a6","displayIndex":-1}],"name":"level3","bone":[{"name":"root","transform":{}},{"length":500,"transform":{"y":-20.35,"skX":-90.2513,"x":-2.7,"skY":-90.2513},"parent":"root","name":"a2"},{"length":125,"transform":{"y":-1221.2,"skX":135.5478,"x":318.45,"skY":135.5478},"parent":"root","name":"a6"},{"length":362,"transform":{"y":-14.9,"skX":-90.8545,"x":12.2,"skY":-90.8545},"parent":"root","name":"a1"},{"length":120,"transform":{"y":164.6577,"skX":40.6122,"x":719.5347,"skY":40.6122},"parent":"a2","name":"a4"},{"length":127,"transform":{"y":-202.3952,"skX":-30.8548,"x":719.6947,"skY":-30.8548},"parent":"a2","name":"a5"},{"length":116,"transform":{"y":57.16,"skX":34.8233,"x":754.5065,"skY":34.8233},"parent":"a2","name":"c4"}]},{"ik":[],"defaultActions":[{"gotoAndPlay":"play"}],"type":"Armature","frameRate":24,"skin":[{"slot":[{"display":[{"path":"e7","type":"image","name":"e7","transform":{"y":-640.1095}}],"name":"e7"},{"display":[{"path":"a1","type":"image","name":"a1","transform":{"y":-8.9146,"skX":90.8545,"x":220.3669,"skY":90.8545}}],"name":"a1"},{"display":[{"path":"d4","type":"image","name":"d4","transform":{"y":-7.3156,"skX":121.1062,"x":49.3323,"skY":121.1062}}],"name":"d4"},{"display":[{"path":"a5","type":"image","name":"a5","transform":{"y":52.4989,"skX":121.1062,"x":1.4609,"skY":121.1062}}],"name":"a5"},{"display":[{"path":"c2","type":"image","name":"c2","transform":{"y":4.3964,"skX":90.2513,"x":386.7439,"skY":90.2513}}],"name":"c2"},{"display":[{"path":"e2","type":"image","name":"e2","transform":{"y":4.3504,"skX":90.2513,"x":376.244,"skY":90.2513}}],"name":"e2"},{"display":[{"path":"c6","type":"image","name":"c6","transform":{"y":48.2953,"skX":-135.5478,"x":236.3161,"skY":-135.5478}}],"name":"c6"},{"display":[{"path":"e5","type":"image","name":"e5","transform":{"y":23.1781,"skX":55.428,"x":44.5241,"skY":55.428}}],"name":"e5"},{"display":[{"path":"b3","type":"image","name":"b3","transform":{"y":121.9506,"skX":121.1062,"x":-37.4245,"skY":121.1062}}],"name":"b3"},{"display":[{"path":"b6","type":"image","name":"b6","transform":{"y":-640.1095}}],"name":"b6"},{"display":[{"path":"d3","type":"image","name":"d3","transform":{"y":6.1094,"skX":90.2513,"x":777.2817,"skY":90.2513}}],"name":"d3"},{"display":[{"path":"a4","type":"image","name":"a4","transform":{"y":43.7756,"skX":49.6391,"x":42.9882,"skY":49.6391}}],"name":"a4"},{"display":[{"path":"c1","type":"image","name":"c1","transform":{"y":-7.6544,"skX":90.8545,"x":304.8576,"skY":90.8545}}],"name":"c1"},{"display":[{"path":"e6","type":"image","name":"e6","transform":{"y":49.9556,"skX":-135.5478,"x":172.9614,"skY":-135.5478}}],"name":"e6"},{"display":[{"path":"c5","type":"image","name":"c5","transform":{"y":22.8579,"skX":121.1062,"x":45.1413,"skY":121.1062}}],"name":"c5"},{"display":[{"path":"e4","type":"image","name":"e4","transform":{"y":40.7948,"skX":121.1062,"x":16.7994,"skY":121.1062}}],"name":"e4"},{"display":[{"path":"b2","type":"image","name":"b2","transform":{"y":6.3837,"skX":90.2513,"x":839.8194,"skY":90.2513}}],"name":"b2"},{"display":[{"path":"b5","type":"image","name":"b5","transform":{"y":66.4335,"skX":-135.5478,"x":236.8729,"skY":-135.5478}}],"name":"b5"},{"display":[{"path":"d2","type":"image","name":"d2","transform":{"y":4.3504,"skX":90.2513,"x":376.244,"skY":90.2513}}],"name":"d2"},{"display":[{"path":"a3","type":"image","name":"a3","transform":{"y":6.3556,"skX":90.2513,"x":833.4078,"skY":90.2513}}],"name":"a3"},{"display":[{"path":"d6","type":"image","name":"d6","transform":{"y":-640.1095}}],"name":"d6"},{"display":[{"path":"a7","type":"image","name":"a7","transform":{"y":-640.1095}}],"name":"a7"},{"display":[{"path":"c4","type":"image","name":"c4","transform":{"y":1.5089,"skX":55.428,"x":55.7019,"skY":55.428}}],"name":"c4"},{"display":[{"path":"e3","type":"image","name":"e3","transform":{"y":6.2702,"skX":90.2513,"x":813.9306,"skY":90.2513}}],"name":"e3"},{"display":[{"path":"b1","type":"image","name":"b1","transform":{"y":4.3504,"skX":90.2513,"x":376.244,"skY":90.2513}}],"name":"b1"},{"display":[{"path":"b4","type":"image","name":"b4","transform":{"y":24.7401,"skX":121.1062,"x":43.4217,"skY":121.1062}}],"name":"b4"},{"display":[{"path":"d1","type":"image","name":"d1","transform":{"y":-10.9652,"skX":90.8545,"x":82.8822,"skY":90.8545}}],"name":"d1"},{"display":[{"path":"a2","type":"image","name":"a2","transform":{"y":4.3679,"skX":90.2513,"x":380.244,"skY":90.2513}}],"name":"a2"},{"display":[{"path":"d5","type":"image","name":"d5","transform":{"y":32.5793,"skX":-135.5478,"x":183.8497,"skY":-135.5478}}],"name":"d5"},{"display":[{"path":"a6","type":"image","name":"a6","transform":{"y":25.5599,"skX":-135.5478,"x":232.0221,"skY":-135.5478}}],"name":"a6"},{"display":[{"path":"c3","type":"image","name":"c3","transform":{"y":6.3245,"skX":90.2513,"x":826.3114,"skY":90.2513}}],"name":"c3"},{"display":[{"path":"e1","type":"image","name":"e1","transform":{"y":-9.6677,"skX":90.8545,"x":169.8726,"skY":90.8545}}],"name":"e1"},{"display":[{"path":"c7","type":"image","name":"c7","transform":{"y":-640.1095}}],"name":"c7"}],"name":""}],"aabb":{"width":720.0545906358766,"y":-1279.9572298159421,"height":1279.8477826244791,"x":-360.0543770013872},"animation":[{"playTimes":0,"frame":[],"slot":[{"colorFrame":[],"displayFrame":[{"value":-1,"duration":80}],"name":"a7"},{"colorFrame":[{"duration":40,"tweenEasing":0},{"duration":40,"color":{"aM":79},"tweenEasing":0},{"duration":0}],"displayFrame":[{"value":-1,"duration":80}],"name":"a6"},{"colorFrame":[{"duration":40,"color":{"aM":60},"tweenEasing":0},{"duration":40,"tweenEasing":0},{"duration":0,"color":{"aM":60}}],"displayFrame":[{"value":-1,"duration":80}],"name":"a5"},{"colorFrame":[],"displayFrame":[{"value":-1,"duration":80}],"name":"a4"},{"colorFrame":[],"displayFrame":[{"value":-1,"duration":80}],"name":"a3"},{"colorFrame":[],"displayFrame":[{"value":-1,"duration":80}],"name":"a2"},{"colorFrame":[],"displayFrame":[{"value":-1,"duration":80}],"name":"a1"},{"colorFrame":[],"displayFrame":[],"name":"b6"},{"colorFrame":[],"displayFrame":[],"name":"b5"},{"colorFrame":[],"displayFrame":[],"name":"b4"},{"colorFrame":[],"displayFrame":[],"name":"b3"},{"colorFrame":[],"displayFrame":[],"name":"b2"},{"colorFrame":[],"displayFrame":[],"name":"b1"},{"colorFrame":[],"displayFrame":[],"name":"c7"},{"colorFrame":[],"displayFrame":[],"name":"c6"},{"colorFrame":[],"displayFrame":[],"name":"c5"},{"colorFrame":[],"displayFrame":[],"name":"c4"},{"colorFrame":[],"displayFrame":[],"name":"c3"},{"colorFrame":[],"displayFrame":[],"name":"c2"},{"colorFrame":[],"displayFrame":[],"name":"c1"},{"colorFrame":[],"displayFrame":[{"duration":80}],"name":"d6"},{"colorFrame":[{"duration":40,"tweenEasing":0},{"duration":40,"color":{"aM":65},"tweenEasing":0},{"duration":0}],"displayFrame":[{"duration":80}],"name":"d5"},{"colorFrame":[],"displayFrame":[{"duration":80}],"name":"d4"},{"colorFrame":[{"duration":40,"tweenEasing":0},{"duration":40,"color":{"aM":55},"tweenEasing":0},{"duration":0}],"displayFrame":[{"duration":80}],"name":"d3"},{"colorFrame":[],"displayFrame":[{"duration":80}],"name":"d2"},{"colorFrame":[{"duration":40,"tweenEasing":0},{"duration":40,"color":{"aM":0},"tweenEasing":0},{"duration":0}],"displayFrame":[{"duration":80},{"duration":0}],"name":"d1"},{"colorFrame":[],"displayFrame":[],"name":"e7"},{"colorFrame":[],"displayFrame":[],"name":"e6"},{"colorFrame":[],"displayFrame":[],"name":"e5"},{"colorFrame":[],"displayFrame":[],"name":"e4"},{"colorFrame":[],"displayFrame":[],"name":"e3"},{"colorFrame":[],"displayFrame":[],"name":"e1"},{"colorFrame":[],"displayFrame":[],"name":"e2"}],"duration":80,"name":"play","bone":[{"translateFrame":[],"rotateFrame":[],"scaleFrame":[],"name":"root"},{"translateFrame":[{"tweenEasing":0,"duration":80},{"duration":0}],"rotateFrame":[{"tweenEasing":0,"duration":80},{"duration":0}],"scaleFrame":[{"tweenEasing":0,"duration":40},{"x":0.97,"tweenEasing":0,"duration":40},{"duration":0}],"name":"a2"},{"translateFrame":[{"x":0.2228,"y":-0.2228,"tweenEasing":0,"duration":40},{"x":-1.937,"y":2.7531,"tweenEasing":0,"duration":40},{"x":0.2228,"y":-0.2228,"duration":0}],"rotateFrame":[{"tweenEasing":0,"duration":80},{"duration":0}],"scaleFrame":[{"tweenEasing":0,"duration":40},{"x":1.0496,"y":1.0496,"tweenEasing":0,"duration":40},{"duration":0}],"name":"a6"},{"translateFrame":[],"rotateFrame":[],"scaleFrame":[],"name":"a1"},{"translateFrame":[],"rotateFrame":[],"scaleFrame":[],"name":"a4"},{"translateFrame":[{"tweenEasing":0,"duration":20},{"x":3.1746,"y":4.6455,"tweenEasing":0,"duration":40},{"x":-4.1488,"y":-1.9159,"tweenEasing":0,"duration":20},{"duration":0}],"rotateFrame":[{"tweenEasing":0,"duration":40},{"tweenEasing":0,"rotate":-2.5735,"duration":40},{"duration":0}],"scaleFrame":[{"tweenEasing":0,"duration":20},{"x":1.0313,"y":1.0313,"tweenEasing":0,"duration":40},{"x":0.988,"y":0.988,"tweenEasing":0,"duration":20},{"duration":0}],"name":"a5"},{"translateFrame":[],"rotateFrame":[],"scaleFrame":[],"name":"c4"}],"ffd":[]}],"slot":[{"color":{},"name":"a7","parent":"root"},{"z":1,"color":{},"name":"a6","parent":"a6"},{"z":2,"color":{},"name":"a5","parent":"a5"},{"z":3,"color":{},"name":"a4","parent":"a4"},{"z":4,"color":{},"name":"a3","parent":"a2"},{"z":5,"color":{},"name":"a2","parent":"a2"},{"z":6,"color":{},"name":"a1","parent":"a1"},{"z":7,"color":{},"name":"b6","parent":"root","displayIndex":-1},{"z":8,"color":{},"name":"b5","parent":"a6","displayIndex":-1},{"z":9,"color":{},"name":"b4","parent":"a5","displayIndex":-1},{"z":10,"color":{},"name":"b3","parent":"a5","displayIndex":-1},{"z":11,"color":{},"name":"b2","parent":"a2","displayIndex":-1},{"z":12,"color":{},"name":"b1","parent":"a2","displayIndex":-1},{"z":13,"color":{},"name":"c7","parent":"root","displayIndex":-1},{"z":14,"color":{},"name":"c6","parent":"a6","displayIndex":-1},{"z":15,"color":{},"name":"c5","parent":"a5","displayIndex":-1},{"z":16,"color":{},"name":"c4","parent":"c4","displayIndex":-1},{"z":17,"color":{},"name":"c3","parent":"a2","displayIndex":-1},{"z":18,"color":{},"name":"c2","parent":"a2","displayIndex":-1},{"z":19,"color":{},"name":"c1","parent":"a1","displayIndex":-1},{"z":20,"color":{},"name":"d6","parent":"root","displayIndex":-1},{"z":21,"color":{},"name":"d5","parent":"a6","displayIndex":-1},{"z":22,"color":{},"name":"d4","parent":"a5","displayIndex":-1},{"z":23,"color":{},"name":"d3","parent":"a2","displayIndex":-1},{"z":24,"color":{},"name":"d2","parent":"a2","displayIndex":-1},{"z":25,"color":{},"name":"d1","parent":"a1","displayIndex":-1},{"z":26,"color":{},"name":"e7","parent":"root","displayIndex":-1},{"z":27,"color":{},"name":"e5","parent":"c4","displayIndex":-1},{"z":28,"color":{},"name":"e4","parent":"a5","displayIndex":-1},{"z":29,"color":{},"name":"e3","parent":"a2","displayIndex":-1},{"z":30,"color":{},"name":"e1","parent":"a1","displayIndex":-1},{"z":31,"color":{},"name":"e2","parent":"a2","displayIndex":-1},{"z":32,"color":{},"name":"e6","parent":"a6","displayIndex":-1}],"name":"level4","bone":[{"name":"root","transform":{}},{"length":500,"transform":{"y":-20.35,"skX":-90.2513,"x":-2.7,"skY":-90.2513},"parent":"root","name":"a2"},{"length":125,"transform":{"y":-1221.2,"skX":135.5478,"x":318.45,"skY":135.5478},"parent":"root","name":"a6"},{"length":362,"transform":{"y":-14.9,"skX":-90.8545,"x":12.2,"skY":-90.8545},"parent":"root","name":"a1"},{"length":120,"transform":{"y":164.6577,"skX":40.6122,"x":719.5347,"skY":40.6122},"parent":"a2","name":"a4"},{"length":127,"transform":{"y":-202.3952,"skX":-30.8548,"x":719.6947,"skY":-30.8548},"parent":"a2","name":"a5"},{"length":116,"transform":{"y":57.16,"skX":34.8233,"x":754.5065,"skY":34.8233},"parent":"a2","name":"c4"}]},{"ik":[],"defaultActions":[{"gotoAndPlay":"play"}],"type":"Armature","frameRate":24,"skin":[{"slot":[{"display":[{"path":"d1","type":"image","name":"d1","transform":{"y":-10.9652,"skX":90.8545,"x":82.8822,"skY":90.8545}}],"name":"d1"},{"display":[{"path":"a2","type":"image","name":"a2","transform":{"y":4.3679,"skX":90.2513,"x":380.244,"skY":90.2513}}],"name":"a2"},{"display":[{"path":"d5","type":"image","name":"d5","transform":{"y":32.5793,"skX":-135.5478,"x":183.8497,"skY":-135.5478}}],"name":"d5"},{"display":[{"path":"a6","type":"image","name":"a6","transform":{"y":25.5599,"skX":-135.5478,"x":232.0221,"skY":-135.5478}}],"name":"a6"},{"display":[{"path":"c3","type":"image","name":"c3","transform":{"y":6.3245,"skX":90.2513,"x":826.3114,"skY":90.2513}}],"name":"c3"},{"display":[{"path":"e1","type":"image","name":"e1","transform":{"y":-9.6677,"skX":90.8545,"x":169.8726,"skY":90.8545}}],"name":"e1"},{"display":[{"path":"c7","type":"image","name":"c7","transform":{"y":-640.1095}}],"name":"c7"},{"display":[{"path":"e7","type":"image","name":"e7","transform":{"y":-640.1095}}],"name":"e7"},{"display":[{"path":"b4","type":"image","name":"b4","transform":{"y":24.7401,"skX":121.1062,"x":43.4217,"skY":121.1062}}],"name":"b4"},{"display":[{"path":"a1","type":"image","name":"a1","transform":{"y":-8.9146,"skX":90.8545,"x":220.3669,"skY":90.8545}}],"name":"a1"},{"display":[{"path":"d4","type":"image","name":"d4","transform":{"y":-7.3156,"skX":121.1062,"x":49.3323,"skY":121.1062}}],"name":"d4"},{"display":[{"path":"a5","type":"image","name":"a5","transform":{"y":52.4989,"skX":121.1062,"x":1.4609,"skY":121.1062}}],"name":"a5"},{"display":[{"path":"c2","type":"image","name":"c2","transform":{"y":4.3964,"skX":90.2513,"x":386.7439,"skY":90.2513}}],"name":"c2"},{"display":[{"path":"e2","type":"image","name":"e2","transform":{"y":4.3504,"skX":90.2513,"x":376.244,"skY":90.2513}}],"name":"e2"},{"display":[{"path":"c6","type":"image","name":"c6","transform":{"y":48.2953,"skX":-135.5478,"x":236.3161,"skY":-135.5478}}],"name":"c6"},{"display":[{"path":"e5","type":"image","name":"e5","transform":{"y":23.1781,"skX":55.428,"x":44.5241,"skY":55.428}}],"name":"e5"},{"display":[{"path":"b3","type":"image","name":"b3","transform":{"y":121.9506,"skX":121.1062,"x":-37.4245,"skY":121.1062}}],"name":"b3"},{"display":[{"path":"b6","type":"image","name":"b6","transform":{"y":-640.1095}}],"name":"b6"},{"display":[{"path":"d3","type":"image","name":"d3","transform":{"y":6.1094,"skX":90.2513,"x":777.2817,"skY":90.2513}}],"name":"d3"},{"display":[{"path":"a4","type":"image","name":"a4","transform":{"y":43.7756,"skX":49.6391,"x":42.9882,"skY":49.6391}}],"name":"a4"},{"display":[{"path":"c1","type":"image","name":"c1","transform":{"y":-7.6544,"skX":90.8545,"x":304.8576,"skY":90.8545}}],"name":"c1"},{"display":[{"path":"e6","type":"image","name":"e6","transform":{"y":49.9556,"skX":-135.5478,"x":172.9614,"skY":-135.5478}}],"name":"e6"},{"display":[{"path":"c5","type":"image","name":"c5","transform":{"y":22.8579,"skX":121.1062,"x":45.1413,"skY":121.1062}}],"name":"c5"},{"display":[{"path":"e4","type":"image","name":"e4","transform":{"y":40.7948,"skX":121.1062,"x":16.7994,"skY":121.1062}}],"name":"e4"},{"display":[{"path":"b2","type":"image","name":"b2","transform":{"y":6.3837,"skX":90.2513,"x":839.8194,"skY":90.2513}}],"name":"b2"},{"display":[{"path":"b5","type":"image","name":"b5","transform":{"y":66.4335,"skX":-135.5478,"x":236.8729,"skY":-135.5478}}],"name":"b5"},{"display":[{"path":"d2","type":"image","name":"d2","transform":{"y":4.3504,"skX":90.2513,"x":376.244,"skY":90.2513}}],"name":"d2"},{"display":[{"path":"a3","type":"image","name":"a3","transform":{"y":6.3556,"skX":90.2513,"x":833.4078,"skY":90.2513}}],"name":"a3"},{"display":[{"path":"d6","type":"image","name":"d6","transform":{"y":-640.1095}}],"name":"d6"},{"display":[{"path":"a7","type":"image","name":"a7","transform":{"y":-640.1095}}],"name":"a7"},{"display":[{"path":"c4","type":"image","name":"c4","transform":{"y":1.5089,"skX":55.428,"x":55.7019,"skY":55.428}}],"name":"c4"},{"display":[{"path":"e3","type":"image","name":"e3","transform":{"y":6.2702,"skX":90.2513,"x":813.9306,"skY":90.2513}}],"name":"e3"},{"display":[{"path":"b1","type":"image","name":"b1","transform":{"y":4.3504,"skX":90.2513,"x":376.244,"skY":90.2513}}],"name":"b1"}],"name":""}],"aabb":{"width":720.0545906358766,"y":-1279.9572298159421,"height":1279.8477826244791,"x":-360.0543770013872},"animation":[{"playTimes":0,"frame":[],"slot":[{"colorFrame":[],"displayFrame":[{"value":-1,"duration":80}],"name":"a7"},{"colorFrame":[{"duration":40,"tweenEasing":0},{"duration":40,"color":{"aM":79},"tweenEasing":0},{"duration":0}],"displayFrame":[{"value":-1,"duration":80}],"name":"a6"},{"colorFrame":[{"duration":40,"color":{"aM":60},"tweenEasing":0},{"duration":40,"tweenEasing":0},{"duration":0,"color":{"aM":60}}],"displayFrame":[{"value":-1,"duration":80}],"name":"a5"},{"colorFrame":[],"displayFrame":[{"value":-1,"duration":80}],"name":"a4"},{"colorFrame":[],"displayFrame":[{"value":-1,"duration":80}],"name":"a3"},{"colorFrame":[],"displayFrame":[{"value":-1,"duration":80}],"name":"a2"},{"colorFrame":[],"displayFrame":[{"value":-1,"duration":80}],"name":"a1"},{"colorFrame":[],"displayFrame":[],"name":"b6"},{"colorFrame":[],"displayFrame":[],"name":"b5"},{"colorFrame":[],"displayFrame":[],"name":"b4"},{"colorFrame":[],"displayFrame":[],"name":"b3"},{"colorFrame":[],"displayFrame":[],"name":"b2"},{"colorFrame":[],"displayFrame":[],"name":"b1"},{"colorFrame":[],"displayFrame":[],"name":"c7"},{"colorFrame":[],"displayFrame":[],"name":"c6"},{"colorFrame":[],"displayFrame":[],"name":"c5"},{"colorFrame":[],"displayFrame":[],"name":"c4"},{"colorFrame":[],"displayFrame":[],"name":"c3"},{"colorFrame":[],"displayFrame":[],"name":"c2"},{"colorFrame":[],"displayFrame":[],"name":"c1"},{"colorFrame":[],"displayFrame":[],"name":"d6"},{"colorFrame":[],"displayFrame":[],"name":"d5"},{"colorFrame":[],"displayFrame":[],"name":"d4"},{"colorFrame":[],"displayFrame":[],"name":"d3"},{"colorFrame":[],"displayFrame":[],"name":"d2"},{"colorFrame":[],"displayFrame":[],"name":"d1"},{"colorFrame":[],"displayFrame":[{"duration":80}],"name":"e7"},{"colorFrame":[{"duration":40,"tweenEasing":0},{"duration":40,"color":{"aM":65},"tweenEasing":0},{"duration":0}],"displayFrame":[{"duration":80}],"name":"e6"},{"colorFrame":[],"displayFrame":[{"duration":80}],"name":"e5"},{"colorFrame":[],"displayFrame":[{"duration":80}],"name":"e4"},{"colorFrame":[{"duration":40,"tweenEasing":0},{"duration":40,"color":{"aM":50},"tweenEasing":0},{"duration":0}],"displayFrame":[{"duration":80}],"name":"e3"},{"colorFrame":[{"duration":40,"tweenEasing":0},{"duration":40,"color":{"aM":0},"tweenEasing":0},{"duration":0}],"displayFrame":[{"duration":80}],"name":"e1"},{"colorFrame":[],"displayFrame":[{"duration":80}],"name":"e2"}],"duration":80,"name":"play","bone":[{"translateFrame":[],"rotateFrame":[],"scaleFrame":[],"name":"root"},{"translateFrame":[{"tweenEasing":0,"duration":80},{"duration":0}],"rotateFrame":[{"tweenEasing":0,"duration":80},{"duration":0}],"scaleFrame":[{"tweenEasing":0,"duration":40},{"x":0.97,"tweenEasing":0,"duration":40},{"duration":0}],"name":"a2"},{"translateFrame":[{"x":0.2228,"y":-0.2228,"tweenEasing":0,"duration":40},{"x":-1.937,"y":2.7531,"tweenEasing":0,"duration":40},{"x":0.2228,"y":-0.2228,"duration":0}],"rotateFrame":[{"tweenEasing":0,"duration":80},{"duration":0}],"scaleFrame":[{"tweenEasing":0,"duration":40},{"x":1.0496,"y":1.0496,"tweenEasing":0,"duration":40},{"duration":0}],"name":"a6"},{"translateFrame":[],"rotateFrame":[],"scaleFrame":[],"name":"a1"},{"translateFrame":[],"rotateFrame":[],"scaleFrame":[],"name":"a4"},{"translateFrame":[{"tweenEasing":0,"duration":20},{"x":3.1746,"y":4.6455,"tweenEasing":0,"duration":40},{"x":-4.1488,"y":-1.9159,"tweenEasing":0,"duration":20},{"duration":0}],"rotateFrame":[{"tweenEasing":0,"duration":80},{"duration":0}],"scaleFrame":[{"tweenEasing":0,"duration":20},{"x":1.0313,"y":1.0313,"tweenEasing":0,"duration":40},{"x":0.988,"y":0.988,"tweenEasing":0,"duration":20},{"duration":0}],"name":"a5"},{"translateFrame":[],"rotateFrame":[],"scaleFrame":[],"name":"c4"}],"ffd":[]}],"slot":[{"color":{},"name":"a7","parent":"root"},{"z":1,"color":{},"name":"a6","parent":"a6"},{"z":2,"color":{},"name":"a5","parent":"a5"},{"z":3,"color":{},"name":"a4","parent":"a4"},{"z":4,"color":{},"name":"a3","parent":"a2"},{"z":5,"color":{},"name":"a2","parent":"a2"},{"z":6,"color":{},"name":"a1","parent":"a1"},{"z":7,"color":{},"name":"b6","parent":"root","displayIndex":-1},{"z":8,"color":{},"name":"b5","parent":"a6","displayIndex":-1},{"z":9,"color":{},"name":"b4","parent":"a5","displayIndex":-1},{"z":10,"color":{},"name":"b3","parent":"a5","displayIndex":-1},{"z":11,"color":{},"name":"b2","parent":"a2","displayIndex":-1},{"z":12,"color":{},"name":"b1","parent":"a2","displayIndex":-1},{"z":13,"color":{},"name":"c7","parent":"root","displayIndex":-1},{"z":14,"color":{},"name":"c6","parent":"a6","displayIndex":-1},{"z":15,"color":{},"name":"c5","parent":"a5","displayIndex":-1},{"z":16,"color":{},"name":"c4","parent":"c4","displayIndex":-1},{"z":17,"color":{},"name":"c3","parent":"a2","displayIndex":-1},{"z":18,"color":{},"name":"c2","parent":"a2","displayIndex":-1},{"z":19,"color":{},"name":"c1","parent":"a1","displayIndex":-1},{"z":20,"color":{},"name":"d6","parent":"root","displayIndex":-1},{"z":21,"color":{},"name":"d5","parent":"a6","displayIndex":-1},{"z":22,"color":{},"name":"d4","parent":"a5","displayIndex":-1},{"z":23,"color":{},"name":"d3","parent":"a2","displayIndex":-1},{"z":24,"color":{},"name":"d2","parent":"a2","displayIndex":-1},{"z":25,"color":{},"name":"d1","parent":"a1","displayIndex":-1},{"z":26,"color":{},"name":"e7","parent":"root","displayIndex":-1},{"z":27,"color":{},"name":"e5","parent":"c4","displayIndex":-1},{"z":28,"color":{},"name":"e4","parent":"a5","displayIndex":-1},{"z":29,"color":{},"name":"e3","parent":"a2","displayIndex":-1},{"z":30,"color":{},"name":"e1","parent":"a1","displayIndex":-1},{"z":31,"color":{},"name":"e2","parent":"a2","displayIndex":-1},{"z":32,"color":{},"name":"e6","parent":"a6","displayIndex":-1}],"name":"level5","bone":[{"name":"root","transform":{}},{"length":500,"transform":{"y":-20.35,"skX":-90.2513,"x":-2.7,"skY":-90.2513},"parent":"root","name":"a2"},{"length":125,"transform":{"y":-1221.2,"skX":135.5478,"x":318.45,"skY":135.5478},"parent":"root","name":"a6"},{"length":362,"transform":{"y":-14.9,"skX":-90.8545,"x":12.2,"skY":-90.8545},"parent":"root","name":"a1"},{"length":120,"transform":{"y":164.6577,"skX":40.6122,"x":719.5347,"skY":40.6122},"parent":"a2","name":"a4"},{"length":127,"transform":{"y":-202.3952,"skX":-30.8548,"x":719.6947,"skY":-30.8548},"parent":"a2","name":"a5"},{"length":116,"transform":{"y":57.16,"skX":34.8233,"x":754.5065,"skY":34.8233},"parent":"a2","name":"c4"}]},{"ik":[],"defaultActions":[{"gotoAndPlay":"GQ1"}],"type":"Armature","frameRate":24,"skin":[{"slot":[{"display":[{"path":"d2","type":"image","name":"d2","transform":{"y":4.3504,"skX":90.2513,"x":376.244,"skY":90.2513}}],"name":"d2"},{"display":[{"path":"a3","type":"image","name":"a3","transform":{"y":6.3556,"skX":90.2513,"x":833.4078,"skY":90.2513}}],"name":"a3"},{"display":[{"path":"d6","type":"image","name":"d6","transform":{"y":-640.1095}}],"name":"d6"},{"display":[{"path":"a7","type":"image","name":"a7","transform":{"y":-640.1095}}],"name":"a7"},{"display":[{"path":"c4","type":"image","name":"c4","transform":{"y":1.5089,"skX":55.428,"x":55.7019,"skY":55.428}}],"name":"c4"},{"display":[{"path":"e3","type":"image","name":"e3","transform":{"y":6.2702,"skX":90.2513,"x":813.9306,"skY":90.2513}}],"name":"e3"},{"display":[{"path":"b1","type":"image","name":"b1","transform":{"y":4.3504,"skX":90.2513,"x":376.244,"skY":90.2513}}],"name":"b1"},{"display":[{"path":"d1","type":"image","name":"d1","transform":{"y":-10.9652,"skX":90.8545,"x":82.8822,"skY":90.8545}}],"name":"d1"},{"display":[{"path":"b5","type":"image","name":"b5","transform":{"y":66.4335,"skX":-135.5478,"x":236.8729,"skY":-135.5478}}],"name":"b5"},{"display":[{"path":"a2","type":"image","name":"a2","transform":{"y":4.3679,"skX":90.2513,"x":380.244,"skY":90.2513}}],"name":"a2"},{"display":[{"path":"d5","type":"image","name":"d5","transform":{"y":32.5793,"skX":-135.5478,"x":183.8497,"skY":-135.5478}}],"name":"d5"},{"display":[{"path":"a6","type":"image","name":"a6","transform":{"y":25.5599,"skX":-135.5478,"x":232.0221,"skY":-135.5478}}],"name":"a6"},{"display":[{"path":"c3","type":"image","name":"c3","transform":{"y":6.3245,"skX":90.2513,"x":826.3114,"skY":90.2513}}],"name":"c3"},{"display":[{"path":"e1","type":"image","name":"e1","transform":{"y":-9.6677,"skX":90.8545,"x":169.8726,"skY":90.8545}}],"name":"e1"},{"display":[{"path":"c7","type":"image","name":"c7","transform":{"y":-640.1095}}],"name":"c7"},{"display":[{"path":"e7","type":"image","name":"e7","transform":{"y":-640.1095}}],"name":"e7"},{"display":[{"path":"b4","type":"image","name":"b4","transform":{"y":24.7401,"skX":121.1062,"x":43.4217,"skY":121.1062}}],"name":"b4"},{"display":[{"path":"a1","type":"image","name":"a1","transform":{"y":-8.9146,"skX":90.8545,"x":220.3669,"skY":90.8545}}],"name":"a1"},{"display":[{"path":"d4","type":"image","name":"d4","transform":{"y":-7.3156,"skX":121.1062,"x":49.3323,"skY":121.1062}}],"name":"d4"},{"display":[{"path":"a5","type":"image","name":"a5","transform":{"y":52.4989,"skX":121.1062,"x":1.4609,"skY":121.1062}}],"name":"a5"},{"display":[{"path":"c2","type":"image","name":"c2","transform":{"y":4.3964,"skX":90.2513,"x":386.7439,"skY":90.2513}}],"name":"c2"},{"display":[{"path":"e2","type":"image","name":"e2","transform":{"y":4.3504,"skX":90.2513,"x":376.244,"skY":90.2513}}],"name":"e2"},{"display":[{"path":"c6","type":"image","name":"c6","transform":{"y":48.2953,"skX":-135.5478,"x":236.3161,"skY":-135.5478}}],"name":"c6"},{"display":[{"path":"e5","type":"image","name":"e5","transform":{"y":23.1781,"skX":55.428,"x":44.5241,"skY":55.428}}],"name":"e5"},{"display":[{"path":"b3","type":"image","name":"b3","transform":{"y":121.9506,"skX":121.1062,"x":-37.4245,"skY":121.1062}}],"name":"b3"},{"display":[{"path":"b6","type":"image","name":"b6","transform":{"y":-640.1095}}],"name":"b6"},{"display":[{"path":"d3","type":"image","name":"d3","transform":{"y":6.1094,"skX":90.2513,"x":777.2817,"skY":90.2513}}],"name":"d3"},{"display":[{"path":"a4","type":"image","name":"a4","transform":{"y":43.7756,"skX":49.6391,"x":42.9882,"skY":49.6391}}],"name":"a4"},{"display":[{"path":"c1","type":"image","name":"c1","transform":{"y":-7.6544,"skX":90.8545,"x":304.8576,"skY":90.8545}}],"name":"c1"},{"display":[{"path":"e6","type":"image","name":"e6","transform":{"y":49.9556,"skX":-135.5478,"x":172.9614,"skY":-135.5478}}],"name":"e6"},{"display":[{"path":"c5","type":"image","name":"c5","transform":{"y":22.8579,"skX":121.1062,"x":45.1413,"skY":121.1062}}],"name":"c5"},{"display":[{"path":"e4","type":"image","name":"e4","transform":{"y":40.7948,"skX":121.1062,"x":16.7994,"skY":121.1062}}],"name":"e4"},{"display":[{"path":"b2","type":"image","name":"b2","transform":{"y":6.3837,"skX":90.2513,"x":839.8194,"skY":90.2513}}],"name":"b2"}],"name":""}],"aabb":{"width":720.0545906358766,"y":-1279.9572298159421,"height":1279.8477826244791,"x":-360.0543770013872},"animation":[{"playTimes":0,"frame":[],"slot":[{"colorFrame":[],"displayFrame":[],"name":"a7"},{"colorFrame":[{"duration":40,"tweenEasing":0},{"duration":40,"color":{"aM":79},"tweenEasing":0},{"duration":0}],"displayFrame":[],"name":"a6"},{"colorFrame":[{"duration":40,"color":{"aM":60},"tweenEasing":0},{"duration":40,"tweenEasing":0},{"duration":0,"color":{"aM":60}}],"displayFrame":[],"name":"a5"},{"colorFrame":[{"duration":40,"tweenEasing":0},{"duration":40,"color":{"aM":60},"tweenEasing":0},{"duration":0}],"displayFrame":[],"name":"a4"},{"colorFrame":[{"duration":40,"tweenEasing":0},{"duration":40,"color":{"aM":50},"tweenEasing":0},{"duration":0}],"displayFrame":[],"name":"a3"},{"colorFrame":[{"duration":40,"color":{"aM":75},"tweenEasing":0},{"duration":40,"tweenEasing":0},{"duration":0,"color":{"aM":75}}],"displayFrame":[],"name":"a1"},{"colorFrame":[],"displayFrame":[],"name":"b6"},{"colorFrame":[],"displayFrame":[],"name":"b5"},{"colorFrame":[],"displayFrame":[],"name":"b4"},{"colorFrame":[],"displayFrame":[],"name":"b3"},{"colorFrame":[],"displayFrame":[],"name":"b2"},{"colorFrame":[],"displayFrame":[],"name":"b1"},{"colorFrame":[],"displayFrame":[],"name":"c7"},{"colorFrame":[],"displayFrame":[],"name":"c6"},{"colorFrame":[],"displayFrame":[],"name":"c5"},{"colorFrame":[],"displayFrame":[],"name":"c4"},{"colorFrame":[],"displayFrame":[],"name":"c3"},{"colorFrame":[],"displayFrame":[],"name":"c2"},{"colorFrame":[],"displayFrame":[],"name":"c1"},{"colorFrame":[],"displayFrame":[],"name":"d6"},{"colorFrame":[],"displayFrame":[],"name":"d5"},{"colorFrame":[],"displayFrame":[],"name":"d4"},{"colorFrame":[],"displayFrame":[],"name":"d3"},{"colorFrame":[],"displayFrame":[],"name":"d2"},{"colorFrame":[],"displayFrame":[],"name":"d1"},{"colorFrame":[],"displayFrame":[],"name":"e7"},{"colorFrame":[],"displayFrame":[],"name":"e6"},{"colorFrame":[],"displayFrame":[],"name":"e5"},{"colorFrame":[],"displayFrame":[],"name":"e4"},{"colorFrame":[],"displayFrame":[],"name":"e3"},{"colorFrame":[],"displayFrame":[],"name":"e1"},{"colorFrame":[],"displayFrame":[],"name":"e2"},{"colorFrame":[],"displayFrame":[],"name":"a2"}],"duration":80,"name":"GQ1","bone":[{"translateFrame":[{"tweenEasing":0,"duration":80},{"duration":0}],"rotateFrame":[{"tweenEasing":0,"duration":80},{"duration":0}],"scaleFrame":[{"tweenEasing":0,"duration":80},{"duration":0}],"name":"root"},{"translateFrame":[{"tweenEasing":0,"duration":80},{"duration":0}],"rotateFrame":[{"tweenEasing":0,"duration":80},{"duration":0}],"scaleFrame":[{"tweenEasing":0,"duration":40},{"x":0.97,"tweenEasing":0,"duration":40},{"duration":0}],"name":"a2"},{"translateFrame":[{"tweenEasing":0,"duration":80},{"duration":0}],"rotateFrame":[{"tweenEasing":0,"duration":80},{"duration":0}],"scaleFrame":[{"tweenEasing":0,"duration":40},{"x":1.2,"tweenEasing":0,"duration":40},{"duration":0}],"name":"a1"},{"translateFrame":[{"tweenEasing":0,"duration":20},{"x":3.1746,"y":4.6455,"tweenEasing":0,"duration":40},{"x":-4.1488,"y":-1.9159,"tweenEasing":0,"duration":20},{"duration":0}],"rotateFrame":[{"tweenEasing":0,"duration":80},{"duration":0}],"scaleFrame":[{"tweenEasing":0,"duration":20},{"x":1.0313,"y":1.0313,"tweenEasing":0,"duration":40},{"x":0.988,"y":0.988,"tweenEasing":0,"duration":20},{"duration":0}],"name":"a5"},{"translateFrame":[{"tweenEasing":0,"duration":20},{"x":7.9563,"y":-10.0649,"tweenEasing":0,"duration":40},{"x":-5.4112,"y":1.986,"tweenEasing":0,"duration":20},{"duration":0}],"rotateFrame":[{"tweenEasing":0,"duration":80},{"duration":0}],"scaleFrame":[{"tweenEasing":0,"duration":20},{"x":1.051,"y":1.051,"tweenEasing":0,"duration":40},{"x":0.99,"y":0.99,"tweenEasing":0,"duration":20},{"duration":0}],"name":"a4"},{"translateFrame":[{"x":0.2228,"y":-0.2228,"tweenEasing":0,"duration":40},{"x":-1.937,"y":2.7531,"tweenEasing":0,"duration":40},{"x":0.2228,"y":-0.2228,"duration":0}],"rotateFrame":[{"tweenEasing":0,"duration":80},{"duration":0}],"scaleFrame":[{"tweenEasing":0,"duration":40},{"x":1.0496,"y":1.0496,"tweenEasing":0,"duration":40},{"duration":0}],"name":"a6"},{"translateFrame":[{"tweenEasing":0,"duration":80},{"duration":0}],"rotateFrame":[{"tweenEasing":0,"duration":80},{"duration":0}],"scaleFrame":[{"tweenEasing":0,"duration":80},{"duration":0}],"name":"c4"}],"ffd":[]},{"playTimes":0,"frame":[],"slot":[{"colorFrame":[],"displayFrame":[{"value":-1,"duration":80}],"name":"a7"},{"colorFrame":[{"duration":40,"tweenEasing":0},{"duration":40,"color":{"aM":79},"tweenEasing":0},{"duration":0}],"displayFrame":[{"value":-1,"duration":80}],"name":"a6"},{"colorFrame":[{"duration":40,"color":{"aM":60},"tweenEasing":0},{"duration":40,"tweenEasing":0},{"duration":0,"color":{"aM":60}}],"displayFrame":[{"value":-1,"duration":80}],"name":"a5"},{"colorFrame":[],"displayFrame":[{"value":-1,"duration":80}],"name":"a4"},{"colorFrame":[],"displayFrame":[{"value":-1,"duration":80}],"name":"a3"},{"colorFrame":[],"displayFrame":[{"value":-1,"duration":80}],"name":"a2"},{"colorFrame":[],"displayFrame":[{"value":-1,"duration":80}],"name":"a1"},{"colorFrame":[],"displayFrame":[{"duration":80}],"name":"b6"},{"colorFrame":[{"duration":40,"tweenEasing":0},{"duration":40,"color":{"aM":80},"tweenEasing":0},{"duration":0}],"displayFrame":[{"duration":80}],"name":"b5"},{"colorFrame":[],"displayFrame":[{"duration":80}],"name":"b4"},{"colorFrame":[],"displayFrame":[{"duration":80}],"name":"b3"},{"colorFrame":[{"duration":40,"tweenEasing":0},{"duration":40,"color":{"aM":50},"tweenEasing":0},{"duration":0}],"displayFrame":[{"duration":80}],"name":"b2"},{"colorFrame":[],"displayFrame":[{"duration":80}],"name":"b1"},{"colorFrame":[],"displayFrame":[],"name":"c7"},{"colorFrame":[],"displayFrame":[],"name":"c6"},{"colorFrame":[],"displayFrame":[],"name":"c5"},{"colorFrame":[],"displayFrame":[],"name":"c4"},{"colorFrame":[],"displayFrame":[],"name":"c3"},{"colorFrame":[],"displayFrame":[],"name":"c2"},{"colorFrame":[],"displayFrame":[],"name":"c1"},{"colorFrame":[],"displayFrame":[],"name":"d6"},{"colorFrame":[],"displayFrame":[],"name":"d5"},{"colorFrame":[],"displayFrame":[],"name":"d4"},{"colorFrame":[],"displayFrame":[],"name":"d3"},{"colorFrame":[],"displayFrame":[],"name":"d2"},{"colorFrame":[],"displayFrame":[],"name":"d1"},{"colorFrame":[],"displayFrame":[],"name":"e7"},{"colorFrame":[],"displayFrame":[],"name":"e6"},{"colorFrame":[],"displayFrame":[],"name":"e5"},{"colorFrame":[],"displayFrame":[],"name":"e4"},{"colorFrame":[],"displayFrame":[],"name":"e3"},{"colorFrame":[],"displayFrame":[],"name":"e1"},{"colorFrame":[],"displayFrame":[],"name":"e2"}],"duration":80,"name":"GQ2","bone":[{"translateFrame":[],"rotateFrame":[],"scaleFrame":[],"name":"root"},{"translateFrame":[{"tweenEasing":0,"duration":80},{"duration":0}],"rotateFrame":[{"tweenEasing":0,"duration":80},{"duration":0}],"scaleFrame":[{"tweenEasing":0,"duration":40},{"x":0.97,"tweenEasing":0,"duration":40},{"duration":0}],"name":"a2"},{"translateFrame":[{"x":0.2228,"y":-0.2228,"tweenEasing":0,"duration":40},{"x":-1.937,"y":2.7531,"tweenEasing":0,"duration":40},{"x":0.2228,"y":-0.2228,"duration":0}],"rotateFrame":[{"tweenEasing":0,"duration":80},{"duration":0}],"scaleFrame":[{"tweenEasing":0,"duration":40},{"x":1.0496,"y":1.0496,"tweenEasing":0,"duration":40},{"duration":0}],"name":"a6"},{"translateFrame":[],"rotateFrame":[],"scaleFrame":[],"name":"a1"},{"translateFrame":[],"rotateFrame":[],"scaleFrame":[],"name":"a4"},{"translateFrame":[{"tweenEasing":0,"duration":20},{"x":3.1746,"y":4.6455,"tweenEasing":0,"duration":40},{"x":-4.1488,"y":-1.9159,"tweenEasing":0,"duration":20},{"duration":0}],"rotateFrame":[{"tweenEasing":0,"duration":40},{"tweenEasing":0,"rotate":-9.075,"duration":40},{"duration":0}],"scaleFrame":[{"tweenEasing":0,"duration":20},{"x":1.0313,"y":1.0313,"tweenEasing":0,"duration":40},{"x":0.988,"y":0.988,"tweenEasing":0,"duration":20},{"duration":0}],"name":"a5"},{"translateFrame":[],"rotateFrame":[],"scaleFrame":[],"name":"c4"}],"ffd":[]},{"playTimes":0,"frame":[],"slot":[{"colorFrame":[],"displayFrame":[{"value":-1,"duration":80}],"name":"a7"},{"colorFrame":[{"duration":40,"tweenEasing":0},{"duration":40,"color":{"aM":79},"tweenEasing":0},{"duration":0}],"displayFrame":[{"value":-1,"duration":80}],"name":"a6"},{"colorFrame":[{"duration":40,"color":{"aM":60},"tweenEasing":0},{"duration":40,"tweenEasing":0},{"duration":0,"color":{"aM":60}}],"displayFrame":[{"value":-1,"duration":80}],"name":"a5"},{"colorFrame":[],"displayFrame":[{"value":-1,"duration":80}],"name":"a4"},{"colorFrame":[],"displayFrame":[{"value":-1,"duration":80}],"name":"a3"},{"colorFrame":[],"displayFrame":[{"value":-1,"duration":80}],"name":"a2"},{"colorFrame":[],"displayFrame":[{"value":-1,"duration":80}],"name":"a1"},{"colorFrame":[],"displayFrame":[],"name":"b6"},{"colorFrame":[],"displayFrame":[],"name":"b5"},{"colorFrame":[],"displayFrame":[],"name":"b4"},{"colorFrame":[],"displayFrame":[],"name":"b3"},{"colorFrame":[],"displayFrame":[],"name":"b2"},{"colorFrame":[],"displayFrame":[],"name":"b1"},{"colorFrame":[],"displayFrame":[{"duration":80}],"name":"c7"},{"colorFrame":[{"duration":40,"tweenEasing":0},{"duration":40,"color":{"aM":65},"tweenEasing":0},{"duration":0}],"displayFrame":[{"duration":80}],"name":"c6"},{"colorFrame":[{"duration":40,"tweenEasing":0},{"duration":40,"color":{"aM":60},"tweenEasing":0},{"duration":0}],"displayFrame":[{"duration":80}],"name":"c5"},{"colorFrame":[{"duration":40,"color":{"aM":60},"tweenEasing":0},{"duration":40,"tweenEasing":0},{"duration":0,"color":{"aM":60}}],"displayFrame":[{"duration":80}],"name":"c4"},{"colorFrame":[{"duration":40,"tweenEasing":0},{"duration":40,"color":{"aM":55},"tweenEasing":0},{"duration":0}],"displayFrame":[{"duration":80}],"name":"c3"},{"colorFrame":[],"displayFrame":[{"duration":80}],"name":"c2"},{"colorFrame":[{"duration":40,"tweenEasing":0},{"duration":40,"color":{"aM":0},"tweenEasing":0},{"duration":0}],"displayFrame":[{"duration":80}],"name":"c1"},{"colorFrame":[],"displayFrame":[],"name":"d6"},{"colorFrame":[],"displayFrame":[],"name":"d5"},{"colorFrame":[],"displayFrame":[],"name":"d4"},{"colorFrame":[],"displayFrame":[],"name":"d3"},{"colorFrame":[],"displayFrame":[],"name":"d2"},{"colorFrame":[],"displayFrame":[],"name":"d1"},{"colorFrame":[],"displayFrame":[],"name":"e7"},{"colorFrame":[],"displayFrame":[],"name":"e6"},{"colorFrame":[],"displayFrame":[],"name":"e5"},{"colorFrame":[],"displayFrame":[],"name":"e4"},{"colorFrame":[],"displayFrame":[],"name":"e3"},{"colorFrame":[],"displayFrame":[],"name":"e1"},{"colorFrame":[],"displayFrame":[],"name":"e2"}],"duration":80,"name":"GQ3","bone":[{"translateFrame":[],"rotateFrame":[],"scaleFrame":[],"name":"root"},{"translateFrame":[{"tweenEasing":0,"duration":80},{"duration":0}],"rotateFrame":[{"tweenEasing":0,"duration":80},{"duration":0}],"scaleFrame":[{"tweenEasing":0,"duration":40},{"x":0.97,"tweenEasing":0,"duration":40},{"duration":0}],"name":"a2"},{"translateFrame":[{"x":0.2228,"y":-0.2228,"tweenEasing":0,"duration":40},{"x":-1.937,"y":2.7531,"tweenEasing":0,"duration":40},{"x":0.2228,"y":-0.2228,"duration":0}],"rotateFrame":[{"tweenEasing":0,"duration":80},{"duration":0}],"scaleFrame":[{"tweenEasing":0,"duration":40},{"x":1.0496,"y":1.0496,"tweenEasing":0,"duration":40},{"duration":0}],"name":"a6"},{"translateFrame":[],"rotateFrame":[],"scaleFrame":[],"name":"a1"},{"translateFrame":[],"rotateFrame":[],"scaleFrame":[],"name":"a4"},{"translateFrame":[{"tweenEasing":0,"duration":20},{"x":3.1746,"y":4.6455,"tweenEasing":0,"duration":40},{"x":-4.1488,"y":-1.9159,"tweenEasing":0,"duration":20},{"duration":0}],"rotateFrame":[{"tweenEasing":0,"duration":80},{"duration":0}],"scaleFrame":[{"tweenEasing":0,"duration":20},{"x":1.0313,"y":1.0313,"tweenEasing":0,"duration":40},{"x":0.988,"y":0.988,"tweenEasing":0,"duration":20},{"duration":0}],"name":"a5"},{"translateFrame":[{"tweenEasing":0,"duration":80},{"duration":0}],"rotateFrame":[{"tweenEasing":0,"duration":40},{"tweenEasing":0,"rotate":-8.317,"duration":40},{"duration":0}],"scaleFrame":[{"tweenEasing":0,"duration":80},{"duration":0}],"name":"c4"}],"ffd":[]},{"playTimes":0,"frame":[],"slot":[{"colorFrame":[],"displayFrame":[{"value":-1,"duration":80}],"name":"a7"},{"colorFrame":[{"duration":40,"tweenEasing":0},{"duration":40,"color":{"aM":79},"tweenEasing":0},{"duration":0}],"displayFrame":[{"value":-1,"duration":80}],"name":"a6"},{"colorFrame":[{"duration":40,"color":{"aM":60},"tweenEasing":0},{"duration":40,"tweenEasing":0},{"duration":0,"color":{"aM":60}}],"displayFrame":[{"value":-1,"duration":80}],"name":"a5"},{"colorFrame":[],"displayFrame":[{"value":-1,"duration":80}],"name":"a4"},{"colorFrame":[],"displayFrame":[{"value":-1,"duration":80}],"name":"a3"},{"colorFrame":[],"displayFrame":[{"value":-1,"duration":80}],"name":"a2"},{"colorFrame":[],"displayFrame":[{"value":-1,"duration":80}],"name":"a1"},{"colorFrame":[],"displayFrame":[],"name":"b6"},{"colorFrame":[],"displayFrame":[],"name":"b5"},{"colorFrame":[],"displayFrame":[],"name":"b4"},{"colorFrame":[],"displayFrame":[],"name":"b3"},{"colorFrame":[],"displayFrame":[],"name":"b2"},{"colorFrame":[],"displayFrame":[],"name":"b1"},{"colorFrame":[],"displayFrame":[],"name":"c7"},{"colorFrame":[],"displayFrame":[],"name":"c6"},{"colorFrame":[],"displayFrame":[],"name":"c5"},{"colorFrame":[],"displayFrame":[],"name":"c4"},{"colorFrame":[],"displayFrame":[],"name":"c3"},{"colorFrame":[],"displayFrame":[],"name":"c2"},{"colorFrame":[],"displayFrame":[],"name":"c1"},{"colorFrame":[],"displayFrame":[{"duration":80}],"name":"d6"},{"colorFrame":[{"duration":40,"tweenEasing":0},{"duration":40,"color":{"aM":65},"tweenEasing":0},{"duration":0}],"displayFrame":[{"duration":80}],"name":"d5"},{"colorFrame":[],"displayFrame":[{"duration":80}],"name":"d4"},{"colorFrame":[{"duration":40,"tweenEasing":0},{"duration":40,"color":{"aM":55},"tweenEasing":0},{"duration":0}],"displayFrame":[{"duration":80}],"name":"d3"},{"colorFrame":[],"displayFrame":[{"duration":80}],"name":"d2"},{"colorFrame":[{"duration":40,"tweenEasing":0},{"duration":40,"color":{"aM":0},"tweenEasing":0},{"duration":0}],"displayFrame":[{"duration":80},{"duration":0}],"name":"d1"},{"colorFrame":[],"displayFrame":[],"name":"e7"},{"colorFrame":[],"displayFrame":[],"name":"e6"},{"colorFrame":[],"displayFrame":[],"name":"e5"},{"colorFrame":[],"displayFrame":[],"name":"e4"},{"colorFrame":[],"displayFrame":[],"name":"e3"},{"colorFrame":[],"displayFrame":[],"name":"e1"},{"colorFrame":[],"displayFrame":[],"name":"e2"}],"duration":80,"name":"GQ4","bone":[{"translateFrame":[],"rotateFrame":[],"scaleFrame":[],"name":"root"},{"translateFrame":[{"tweenEasing":0,"duration":80},{"duration":0}],"rotateFrame":[{"tweenEasing":0,"duration":80},{"duration":0}],"scaleFrame":[{"tweenEasing":0,"duration":40},{"x":0.97,"tweenEasing":0,"duration":40},{"duration":0}],"name":"a2"},{"translateFrame":[{"x":0.2228,"y":-0.2228,"tweenEasing":0,"duration":40},{"x":-1.937,"y":2.7531,"tweenEasing":0,"duration":40},{"x":0.2228,"y":-0.2228,"duration":0}],"rotateFrame":[{"tweenEasing":0,"duration":80},{"duration":0}],"scaleFrame":[{"tweenEasing":0,"duration":40},{"x":1.0496,"y":1.0496,"tweenEasing":0,"duration":40},{"duration":0}],"name":"a6"},{"translateFrame":[],"rotateFrame":[],"scaleFrame":[],"name":"a1"},{"translateFrame":[],"rotateFrame":[],"scaleFrame":[],"name":"a4"},{"translateFrame":[{"tweenEasing":0,"duration":20},{"x":3.1746,"y":4.6455,"tweenEasing":0,"duration":40},{"x":-4.1488,"y":-1.9159,"tweenEasing":0,"duration":20},{"duration":0}],"rotateFrame":[{"tweenEasing":0,"duration":40},{"tweenEasing":0,"rotate":-2.5735,"duration":40},{"duration":0}],"scaleFrame":[{"tweenEasing":0,"duration":20},{"x":1.0313,"y":1.0313,"tweenEasing":0,"duration":40},{"x":0.988,"y":0.988,"tweenEasing":0,"duration":20},{"duration":0}],"name":"a5"},{"translateFrame":[],"rotateFrame":[],"scaleFrame":[],"name":"c4"}],"ffd":[]},{"playTimes":0,"frame":[],"slot":[{"colorFrame":[],"displayFrame":[{"value":-1,"duration":80}],"name":"a7"},{"colorFrame":[{"duration":40,"tweenEasing":0},{"duration":40,"color":{"aM":79},"tweenEasing":0},{"duration":0}],"displayFrame":[{"value":-1,"duration":80}],"name":"a6"},{"colorFrame":[{"duration":40,"color":{"aM":60},"tweenEasing":0},{"duration":40,"tweenEasing":0},{"duration":0,"color":{"aM":60}}],"displayFrame":[{"value":-1,"duration":80}],"name":"a5"},{"colorFrame":[],"displayFrame":[{"value":-1,"duration":80}],"name":"a4"},{"colorFrame":[],"displayFrame":[{"value":-1,"duration":80}],"name":"a3"},{"colorFrame":[],"displayFrame":[{"value":-1,"duration":80}],"name":"a2"},{"colorFrame":[],"displayFrame":[{"value":-1,"duration":80}],"name":"a1"},{"colorFrame":[],"displayFrame":[],"name":"b6"},{"colorFrame":[],"displayFrame":[],"name":"b5"},{"colorFrame":[],"displayFrame":[],"name":"b4"},{"colorFrame":[],"displayFrame":[],"name":"b3"},{"colorFrame":[],"displayFrame":[],"name":"b2"},{"colorFrame":[],"displayFrame":[],"name":"b1"},{"colorFrame":[],"displayFrame":[],"name":"c7"},{"colorFrame":[],"displayFrame":[],"name":"c6"},{"colorFrame":[],"displayFrame":[],"name":"c5"},{"colorFrame":[],"displayFrame":[],"name":"c4"},{"colorFrame":[],"displayFrame":[],"name":"c3"},{"colorFrame":[],"displayFrame":[],"name":"c2"},{"colorFrame":[],"displayFrame":[],"name":"c1"},{"colorFrame":[],"displayFrame":[],"name":"d6"},{"colorFrame":[],"displayFrame":[],"name":"d5"},{"colorFrame":[],"displayFrame":[],"name":"d4"},{"colorFrame":[],"displayFrame":[],"name":"d3"},{"colorFrame":[],"displayFrame":[],"name":"d2"},{"colorFrame":[],"displayFrame":[],"name":"d1"},{"colorFrame":[],"displayFrame":[{"duration":80}],"name":"e7"},{"colorFrame":[{"duration":40,"tweenEasing":0},{"duration":40,"color":{"aM":65},"tweenEasing":0},{"duration":0}],"displayFrame":[{"duration":80}],"name":"e6"},{"colorFrame":[],"displayFrame":[{"duration":80}],"name":"e5"},{"colorFrame":[],"displayFrame":[{"duration":80}],"name":"e4"},{"colorFrame":[{"duration":40,"tweenEasing":0},{"duration":40,"color":{"aM":50},"tweenEasing":0},{"duration":0}],"displayFrame":[{"duration":80}],"name":"e3"},{"colorFrame":[{"duration":40,"tweenEasing":0},{"duration":40,"color":{"aM":0},"tweenEasing":0},{"duration":0}],"displayFrame":[{"duration":80}],"name":"e1"},{"colorFrame":[],"displayFrame":[{"duration":80}],"name":"e2"}],"duration":80,"name":"GQ5","bone":[{"translateFrame":[],"rotateFrame":[],"scaleFrame":[],"name":"root"},{"translateFrame":[{"tweenEasing":0,"duration":80},{"duration":0}],"rotateFrame":[{"tweenEasing":0,"duration":80},{"duration":0}],"scaleFrame":[{"tweenEasing":0,"duration":40},{"x":0.97,"tweenEasing":0,"duration":40},{"duration":0}],"name":"a2"},{"translateFrame":[{"x":0.2228,"y":-0.2228,"tweenEasing":0,"duration":40},{"x":-1.937,"y":2.7531,"tweenEasing":0,"duration":40},{"x":0.2228,"y":-0.2228,"duration":0}],"rotateFrame":[{"tweenEasing":0,"duration":80},{"duration":0}],"scaleFrame":[{"tweenEasing":0,"duration":40},{"x":1.0496,"y":1.0496,"tweenEasing":0,"duration":40},{"duration":0}],"name":"a6"},{"translateFrame":[],"rotateFrame":[],"scaleFrame":[],"name":"a1"},{"translateFrame":[],"rotateFrame":[],"scaleFrame":[],"name":"a4"},{"translateFrame":[{"tweenEasing":0,"duration":20},{"x":3.1746,"y":4.6455,"tweenEasing":0,"duration":40},{"x":-4.1488,"y":-1.9159,"tweenEasing":0,"duration":20},{"duration":0}],"rotateFrame":[{"tweenEasing":0,"duration":80},{"duration":0}],"scaleFrame":[{"tweenEasing":0,"duration":20},{"x":1.0313,"y":1.0313,"tweenEasing":0,"duration":40},{"x":0.988,"y":0.988,"tweenEasing":0,"duration":20},{"duration":0}],"name":"a5"},{"translateFrame":[],"rotateFrame":[],"scaleFrame":[],"name":"c4"}],"ffd":[]}],"slot":[{"color":{},"name":"a7","parent":"root"},{"z":1,"color":{},"name":"a6","parent":"a6"},{"z":2,"color":{},"name":"a5","parent":"a5"},{"z":3,"color":{},"name":"a4","parent":"a4"},{"z":4,"color":{},"name":"a3","parent":"a2"},{"z":5,"color":{},"name":"a2","parent":"a2"},{"z":6,"color":{},"name":"a1","parent":"a1"},{"z":7,"color":{},"name":"b6","parent":"root","displayIndex":-1},{"z":8,"color":{},"name":"b5","parent":"a6","displayIndex":-1},{"z":9,"color":{},"name":"b4","parent":"a5","displayIndex":-1},{"z":10,"color":{},"name":"b3","parent":"a5","displayIndex":-1},{"z":11,"color":{},"name":"b2","parent":"a2","displayIndex":-1},{"z":12,"color":{},"name":"b1","parent":"a2","displayIndex":-1},{"z":13,"color":{},"name":"c7","parent":"root","displayIndex":-1},{"z":14,"color":{},"name":"c6","parent":"a6","displayIndex":-1},{"z":15,"color":{},"name":"c5","parent":"a5","displayIndex":-1},{"z":16,"color":{},"name":"c4","parent":"c4","displayIndex":-1},{"z":17,"color":{},"name":"c3","parent":"a2","displayIndex":-1},{"z":18,"color":{},"name":"c2","parent":"a2","displayIndex":-1},{"z":19,"color":{},"name":"c1","parent":"a1","displayIndex":-1},{"z":20,"color":{},"name":"d6","parent":"root","displayIndex":-1},{"z":21,"color":{},"name":"d5","parent":"a6","displayIndex":-1},{"z":22,"color":{},"name":"d4","parent":"a5","displayIndex":-1},{"z":23,"color":{},"name":"d3","parent":"a2","displayIndex":-1},{"z":24,"color":{},"name":"d2","parent":"a2","displayIndex":-1},{"z":25,"color":{},"name":"d1","parent":"a1","displayIndex":-1},{"z":26,"color":{},"name":"e7","parent":"root","displayIndex":-1},{"z":27,"color":{},"name":"e5","parent":"c4","displayIndex":-1},{"z":28,"color":{},"name":"e4","parent":"a5","displayIndex":-1},{"z":29,"color":{},"name":"e3","parent":"a2","displayIndex":-1},{"z":30,"color":{},"name":"e1","parent":"a1","displayIndex":-1},{"z":31,"color":{},"name":"e2","parent":"a2","displayIndex":-1},{"z":32,"color":{},"name":"e6","parent":"a6","displayIndex":-1}],"name":"armatureName11111","bone":[{"name":"root","transform":{}},{"length":500,"transform":{"y":-20.35,"skX":-90.2513,"x":-2.7,"skY":-90.2513},"parent":"root","name":"a2"},{"length":125,"transform":{"y":-1221.2,"skX":135.5478,"x":318.45,"skY":135.5478},"parent":"root","name":"a6"},{"length":362,"transform":{"y":-14.9,"skX":-90.8545,"x":12.2,"skY":-90.8545},"parent":"root","name":"a1"},{"length":120,"transform":{"y":164.6577,"skX":40.6122,"x":719.5347,"skY":40.6122},"parent":"a2","name":"a4"},{"length":127,"transform":{"y":-202.3952,"skX":-30.8548,"x":719.6947,"skY":-30.8548},"parent":"a2","name":"a5"},{"length":116,"transform":{"y":57.16,"skX":34.8233,"x":754.5065,"skY":34.8233},"parent":"a2","name":"c4"}]}],"isGlobal":0,"name":"level","version":"5.5"}