{"imagePath":"level_tex.png","width":4096,"SubTexture":[{"width":360,"y":643,"height":640,"name":"a7","x":3611},{"width":450,"y":1214,"height":406,"name":"a6","x":1447},{"width":392,"y":1433,"height":313,"name":"a5","x":1899},{"width":280,"y":804,"height":221,"name":"a4","x":3251},{"width":720,"y":1,"height":409,"name":"a3","x":2889},{"width":720,"y":817,"height":801,"name":"a2","x":1},{"width":720,"y":1,"height":470,"name":"a1","x":1445},{"width":360,"y":642,"height":640,"name":"b6","x":723},{"width":514,"y":1474,"height":355,"name":"b5","x":723},{"width":121,"y":1578,"height":102,"name":"b3","x":1239},{"width":720,"y":1,"height":417,"name":"b2","x":2167},{"width":720,"y":2415,"height":793,"name":"b1","x":1},{"width":360,"y":1,"height":640,"name":"c7","x":3611},{"width":488,"y":832,"height":380,"name":"c6","x":1447},{"width":254,"y":1910,"height":251,"name":"c5","x":1445},{"width":118,"y":1284,"height":138,"name":"c4","x":954},{"width":720,"y":412,"height":390,"name":"c3","x":2889},{"width":720,"y":1,"height":814,"name":"c2","x":1},{"width":360,"y":791,"height":640,"name":"d6","x":2167},{"width":391,"y":1121,"height":329,"name":"d5","x":2529},{"width":156,"y":1214,"height":181,"name":"d4","x":1899},{"width":720,"y":804,"height":315,"name":"d3","x":2529},{"width":720,"y":3210,"height":793,"name":"d2","x":1},{"width":720,"y":1831,"height":195,"name":"d1","x":723},{"width":360,"y":832,"height":640,"name":"e7","x":1085},{"width":229,"y":1284,"height":105,"name":"e5","x":723},{"width":300,"y":642,"height":179,"name":"e4","x":1085},{"width":720,"y":473,"height":357,"name":"e3","x":1445},{"width":720,"y":1620,"height":793,"name":"e2","x":1},{"frameX":0,"frameHeight":290,"y":1622,"frameY":0,"frameWidth":400,"width":400,"height":286,"name":"e6","x":1445},{"width":720,"y":1,"height":639,"name":"c1","x":723},{"width":121,"y":1474,"height":102,"name":"b4","x":1239},{"width":720,"y":420,"height":369,"name":"e1","x":2167}],"height":4096,"name":"level"}